<?xml version="1.0" encoding="UTF-8"?>
<BehaviorTree xmlns:xsi="http://www.w3.org/2001/XMLSchema-instance" xsi:noNamespaceSchemaLocation="../../../MetaData/schema_ai.xsd" m_ContextType="ai">
    <Succeeder>
        <Sequence>
            <Opr_GetUVEffectProgress m_Progress="#uv_progress"/>
            <Succeeder>
                <Selector>
                    <Sequence>
                        <DelayerTimeDelta m_DelayTime="1.5">
                            <Cnd_IsInUVLight m_Invert="true"/>
                        </DelayerTimeDelta>
                        <Opr_SetBBValue_bool m_Key="#uv_reaction_initial" m_Value="true"/>
                    </Sequence>
                    <Sequence>
                        <Opr_GetClosestUVLightData m_Position="#uv_light_pos" m_Direction="#uv_light_dir" m_Type="#uv_light_type"/>
                        <Opr_GetCurrentTime m_TimePoint="#last_time_in_uv_light"/>
                    </Sequence>
                </Selector>
            </Succeeder>
            <Succeeder>
                <Sequence>
                    <Cnd_ShouldReactOnDamage/>
                    <Cnd_DamageReactionContext m_Context="Collision"/>
                    <Cnd_DamageReactionHitSeverity m_Severity="Medium"/>
                    <Cnd_DamageReactionMoveSeverity m_Severity="Light"/>
                    <Opr_StartBodyState m_State="STUNNED" m_Duration="$stun_time"/>
                </Sequence>
            </Succeeder>
            <Succeeder>
                <Sequence>
                    <Cnd_ShouldReactOnDamage/>
                    <Cnd_WasLastDamageBlocked m_Invert="true"/>
                    <Selector>
                        <Cnd_HitReactionDisabled m_Invert="true"/>
                        <Cnd_DamageReactionHitSeverity m_Severity="Light" m_Invert="true"/>
                        <Cnd_DamageReactionFlag m_Flag="Interrupt"/>
                    </Selector>
                    <Optional m_Enabled="$fast_stun_recovery">
                        <Opr_StopBodyState m_State="STUNNED"/>
                    </Optional>
                </Sequence>
            </Succeeder>
            <Succeeder>
                <Sequence>
                    <Cnd_HasBBValue m_Key="#target"/>
                    <Cnd_IsPathToTargetClear m_Invert="true"/>
                    <Cnd_IsCombatTargetMeleeReachable m_Invert="true"/>
                    <Cnd_HasBBValue m_Key="#out_of_reach_max_time" m_Invert="true"/>
                    <Opr_GetModifiedTime m_TimePoint="#out_of_reach_max_time" m_TimeDelta="45"/>
                </Sequence>
            </Succeeder>
            <Succeeder>
                <Selector>
                    <Sequence>
                        <Cnd_HasBBValue m_Key="#target" m_Invert="true"/>
                        <Opr_RemoveBBValue m_Key="#out_of_reach_max_time"/>
                    </Sequence>
                    <Sequence>
                        <Cnd_IsPathToTargetClear/>
                        <Cnd_IsCombatTargetMeleeReachable/>
                        <Opr_RemoveBBValue m_Key="#out_of_reach_max_time"/>
                    </Sequence>
                </Selector>
            </Succeeder>
            <Succeeder>
                <Sequence>
                    <Cnd_HasBBValue m_Key="#forced_chase_position"/>
                    <Selector>
                        <Sequence>
                            <Cnd_HasBBValue m_Key="#target"/>
                            <Cnd_IsPlayer m_Target="#target"/>
                        </Sequence>
                        <Cnd_PositionInRadius m_Radius="5.0" m_Position="#forced_chase_position"/>
                    </Selector>
                    <Opr_RemoveBBValue m_Key="#forced_chase_position"/>
                </Sequence>
            </Succeeder>
        </Sequence>
    </Succeeder>
</BehaviorTree>
