<?xml version="1.0" encoding="UTF-8"?>
<ConstParams xmlns:xsi="http://www.w3.org/2001/XMLSchema-instance" xsi:noNamespaceSchemaLocation="../../../MetaData/schema_const.xsd">

    <Param m_Name="$hit_reaction_dir_correction_speed" m_Value="240.0"/>
    <Param m_Name="$counter_dir_correction_speed" m_Value="120.0"/>

    <Param m_Name="$use_avoidance" m_Value="false"/>
    <Param m_Name="$avoid_regions_preset" m_Value="zombie"/>
    <Param m_Name="$enable_weapon_change" m_Value="false"/>
    <Param m_Name="$enable_weapon_set" m_Value="false"/>

    <Param m_Name="$enable_uv_reaction" m_Value="true"/>

    <!-- sensor data -->
    <Param m_Name="$const_prioritize_player" m_Value="true"/>

    <!-- Hit Reactions -->
    <Param m_Name="$hit_phase_min" m_Value="1"/>
    <Param m_Name="$hit_phase_max" m_Value="3"/>

    <Param m_Name="$ragdoll_death_chance" m_Value="1.0"/>
    <Param m_Name="$death_snap_angle" m_Value="90"/>
    <Param m_Name="$death_prefer_ragdoll_if_falling_edge_in_radius" m_Value="0.5"/>
    <Param m_Name="$hit_falling_edge_detection_radius" m_Value="3.0"/>

    <Param m_Name="$hit_snap_angle" m_Value="90"/>

    <Param m_Name="$stun_lock_prevention_min_time_delta_between_damages" m_Value="0.4"/>
    <Param m_Name="$stun_lock_prevention_consecutive_hits_avg" m_Value="3"/>
    <Param m_Name="$stun_lock_prevention_consecutive_hits_dev" m_Value="1"/>
    <Param m_Name="$stun_lock_prevention_vulnerable_body_part" m_Value="None"/>

    <Param m_Name="$hit_reaction_additive_enabled" m_Value="true"/>
    <Param m_Name="$hit_reaction_additive_cooldown" m_Value="0.5"/>

    <Param m_Name="$hit_reaction_firearms_disabled" m_Value="false"/>

    <!-- locomotion region avoidance -->
    <Param m_Name="$const_avoid_regions_preset" m_Value="zombie"/>

    <!-- Difficulty consts -->
    <Param m_Name="$push_enabled" m_Value="true"/>
    <Param m_Name="$push_cooldown" m_Value="20.0"/>

    <Param m_Name="$fart_enabled" m_Value="true"/>
    <Param m_Name="$fart_cooldown" m_Value="15.0"/>

    <Param m_Name="$super_movement_enabled" m_Value="true"/>
    <Param m_Name="$super_movement_duration" m_Value="5.0"/>
    <Param m_Name="$super_movement_cooldown" m_Value="15.0"/> <!-- this counts from START of the super_move -->
    <Param m_Name="$super_movement_speed_multiplier" m_Value="1.3"/>
    <Param m_Name="$super_movement_preparation_time" m_Value="2.0"/>
    <Param m_Name="$super_movement_initial_cooldown" m_Value="5.0"/> <!-- time between spotting danger and activating -->
    <Param m_Name="$base_move_speed_multiplier" m_Value="1.0"/>

    <Param m_Name="$base_movestyle" m_Value="RunFast"/> <!-- Run or RunFast for now -->
    <Param m_Name="$spawn_loot_on_hit" m_Value="false"/>

    <Param m_Name="$search_rooftop_retreat_pos" m_Value="true"/>
    <Param m_Name="$hunting_mod" m_Value="false"/>
    <Param m_Name="$bomb_charges" m_Value="1"/>

    <!-- UV light death -->
    <Param m_Name="$min_time_in_uv_to_die" m_Value="9.0"/>
    <Param m_Name="$max_time_in_uv_to_die" m_Value="12.0"/>
    <Param m_Name="$min_time_in_sunlight_to_die" m_Value="990.0"/>
    <Param m_Name="$max_time_in_sunlight_to_die" m_Value="999.0"/>

    <Param m_Name="$disable_parkour_ragdoll" m_Value="false"/>

    <Param m_Name="$approach_suspicious_enemy" m_Value="true"/>
    <Param m_Name="$notice_suspicious_enemy" m_Value="false"/>
    <Param m_Name="$search_enemy_lost_on_recognition" m_Value="false"/>
</ConstParams>
