<?xml version="1.0"?>
<ConstParams xmlns:xsi="http://www.w3.org/2001/XMLSchema-instance" xsi:noNamespaceSchemaLocation="../../../../MetaData/schema_const.xsd">
    <ExternalParams m_UID="human_consts_base"/>
	<ExternalParams m_UID="human_consts_ovrd_summoner"/>
	<ExternalParams m_UID="human_faction_base_renegade"/>
    <!-- predefined overrides -->
    <Param m_Name="$enable_weapon_change" m_Value="true"/>
    <Param m_Name="$enable_weapon_set" m_Value="true"/>
    <Param m_Name="$enable_generic_idle_interact" m_Value="true"/>

	<Param m_Name="$summoning_reinforcements_enabled" m_Value="true"/>
	<Param m_Name="$allow_only_one_summon_completion" m_Value="false"/>
    <Param m_Name="$min_distance_from_target_to_summon" m_Value="7.0"/>
    <Param m_Name="$min_time_in_combat_to_summon" m_Value="2.0"/>
    <Param m_Name="$max_time_in_combat_to_summon" m_Value="30.0"/>
    <Param m_Name="$summon_cooldown_min" m_Value="10.0"/>
    <Param m_Name="$summon_cooldown_max" m_Value="17.0"/>

</ConstParams>
