<?xml version="1.0"?>
<BehaviorTree xmlns:xsi="http://www.w3.org/2001/XMLSchema-instance" xsi:noNamespaceSchemaLocation="../../../../MetaData/schema_ai.xsd" m_ContextType="ai">
    <Sequence>
        <CooldownTimeDelta m_CooldownTime="1.0" m_StatusReturned="SUCCESS">
            <Sequence>
                <DelayerTimeDelta m_DelayTime="3.0">
                    <Selector>
                        <Cnd_HasBBValue m_Key="#target"/>
                    </Selector>
                </DelayerTimeDelta>
                <Opr_GetSelfPosition m_Position="#my_pos"/>
            </Sequence>
        </CooldownTimeDelta>
		<Succeeder>
            <Sequence>
                <Selector>
                    <Cnd_IsTargetAttacking m_Target="#target"/>
                    <Cnd_IsTargetChargingAttack m_Target="#target"/>
                </Selector>
				
                <Selector>
                    <Cnd_HasTimePassed m_TimePoint="#fake_attack_cooldown" m_TimeDelta="-1.0"/>
                    <Opr_GetModifiedTime m_TimePoint="#fake_attack_cooldown" m_TimeDelta="1.0"/>
                </Selector>
            </Sequence>
        </Succeeder>
        <Succeeder>
            <Selector>
                <Sequence>
                    <Opr_GetPathDistanceToCombatTarget m_PathLength="#attack_cost"/>
                    <Selector>
                        <Cnd_InTargetHorzAngle m_Target="#target" m_Angle="120"/>
                        <Opr_MultiplyBBValue_float m_Key="#attack_cost" m_Amount="1.25"/>
                    </Selector>
                </Sequence>
                <Opr_SetBBValue_float m_Key="#attack_cost" m_Value="40"/>
            </Selector>
        </Succeeder>
        <Succeeder>
            <Opr_GetDistanceToCombatTarget m_Distance="#attack_range_cost"/>
        </Succeeder>
        <Succeeder>
            <Opr_GetSelfPosition m_Position="#self_pos"/>
        </Succeeder>
    </Sequence>
</BehaviorTree>
