<?xml version="1.0" encoding="UTF-8"?>
<BehaviorTree xmlns:xsi="http://www.w3.org/2001/XMLSchema-instance" xsi:noNamespaceSchemaLocation="../../../MetaData/schema_ai.xsd" m_ContextType="ai">
    <Selector>
        <ExternalTree m_UID="AI_REACTION_SYNC_ACTION" m_CustomName="Sync" m_Hide="true"/>
        <ExternalTree m_UID="VIRAL_REACTION_HIT_AND_FALL" m_CustomName="HitFall" m_Hide="true"/>
        <ExternalTree m_UID="INFECTED_REACTION_RECOIL" m_CustomName="Recoil" m_Hide="true"/>
        <ExternalTree m_UID="AI_REACTION_FROZEN" m_CustomName="Frozen" m_Hide="true"/>
        <ExternalTree m_UID="AI_REACTION_ELECTROCUTED" m_CustomName="Electrocuted" m_Hide="true"/>
        <Sequence>
            <Cnd_Const m_Enabled="$enable_initial_body_state_burning" m_Invert="true"/>
            <ExternalTree m_UID="AI_REACTION_BURNING" m_CustomName="Burning" m_Hide="true"/>
        </Sequence>
        <ExternalTree m_UID="AI_REACTION_INTOXICATED" m_CustomName="Intoxicated" m_Hide="true"/>
        <ExternalTree m_UID="AI_REACTION_STUNNED" m_CustomName="Stunned" m_Hide="true"/>
        <ExternalTree m_UID="AI_REACTION_UNSTABLE" m_CustomName="Unstable" m_Hide="true"/>
        <Optional m_Enabled="$enable_dodge_after_hit">
            <ExternalTree m_UID="VIRAL_REACTION_DODGE" m_CustomName="Dodge" m_Hide="true"/>
        </Optional>
    </Selector>
</BehaviorTree>
