<?xml version="1.0" encoding="UTF-8"?>
<BehaviorTree xmlns:xsi="http://www.w3.org/2001/XMLSchema-instance" xsi:noNamespaceSchemaLocation="../../MetaData/schema_ai.xsd" m_ContextType="ai">
    <SequenceMem>
        <Sequence>
            <ExternalTree m_UID="AI_COMMON_INIT" m_CustomName="Params" m_Hide="true"/>
            <ExternalTree m_UID="GOON_INIT" m_CustomName="Params" m_Hide="true"/>
            <Optional m_Enabled="$enable_initial_body_state">
                <Opr_StartBodyState m_State="$initial_body_state" m_Duration="$initial_body_state_duration"/>
            </Optional>
        </Sequence>
        <SequenceMem>
            <Selector>
                <ExternalTree m_UID="AI_DEATH" m_CustomName="Death" m_Hide="true"/>
                <ExposeLogicState m_ExposedState="CANT_BE_ROPE_PULLED">
                    <ParallelRepeat m_PolicySuccess="REQUIRE_NONE" m_PolicyFailure="REQUIRE_NONE">
                        <Sequence>
                            <ExternalTree m_UID="AI_UPDATE_ENEMY_PROTO" m_CustomName="Find_Enemy" m_Hide="true"/>
                            <ExternalTree m_UID="GOON_UPDATE" m_CustomName="Update" m_Hide="true"/>
                            <RepeatOnceOnSuccess>
                                <Selector>
                                    <ExternalTree m_UID="GOON_REACTION" m_CustomName="Reactions" m_Hide="true"/>
                                    <ExternalTree m_UID="GOON_COMBAT" m_CustomName="Combat" m_Hide="true"/>
                                    <ExternalTree m_UID="GOON_CHASE" m_CustomName="Chase" m_Hide="true"/>
                                    <ExternalTree m_UID="AI_INVESTIGATE_POI" m_CustomName="Investigate" m_Hide="true"/>
                                    <ExternalTree m_UID="AI_REQUESTS" m_CustomName="AI_Requests" m_Hide="true"/>
                                    <Act_Status m_StatusRequired="RUNNING"/>
                                </Selector>
                            </RepeatOnceOnSuccess>
                        </Sequence>
                        <ExternalTree m_UID="GOON_REACTION_LIGHT_HIT" m_CustomName="LayeredHit" m_Hide="true"/>
                        <ExposeTarget m_Target="#target">
                            <Act_Status m_StatusRequired="RUNNING"/>
                        </ExposeTarget>
                        <ExternalTree m_UID="AI_TRACK" m_CustomName="TrackEnemy" m_Hide="true"/>
                    </ParallelRepeat>
                </ExposeLogicState>
            </Selector>
        </SequenceMem>
    </SequenceMem>
</BehaviorTree>
