<?xml version="1.0" encoding="UTF-8"?>
<ConstParams xmlns:xsi="http://www.w3.org/2001/XMLSchema-instance" xsi:noNamespaceSchemaLocation="../../../MetaData/schema_const.xsd">
    <ExternalParams m_UID="volatile_profile_base"/>
    <!-- quick attack / combo params -->
    <Param m_Name="$quick_attack_enabled" m_Value="true"/>
    <Param m_Name="$attack_cooldown" m_Value="2.0"/>
    <Param m_Name="$attacks_in_combo_min" m_Value="4"/>
    <Param m_Name="$attacks_in_combo_max" m_Value="5"/>
    <!-- power attack (jump) params -->
    <Param m_Name="$power_attack_enabled" m_Value="true"/>
    <Param m_Name="$power_attack_cooldown" m_Value="15.0"/>
    <!-- spit params -->
    <Param m_Name="$spit_enabled" m_Value="true"/>
    <Param m_Name="$spit_cooldown" m_Value="6"/>
    <!-- jump grab params -->
    <Param m_Name="$grab_enabled" m_Value="true"/>
    <Param m_Name="$grab_cooldown" m_Value="25"/>
    <!-- Dodge params -->
    <Param m_Name="$enable_dodge" m_Value="true"/>
    <Param m_Name="$dodge_cooldown" m_Value="6"/>
    <Param m_Name="$rush_approach_move_speed" m_Value="1.5"/>
    <Param m_Name="$recovery_attack_cooldown" m_Value="20"/>
</ConstParams>
