<?xml version="1.0" encoding="UTF-8"?>
<ConstParams xmlns:xsi="http://www.w3.org/2001/XMLSchema-instance" xsi:noNamespaceSchemaLocation="../../../MetaData/schema_const.xsd">
<!-- Attack params -->
    <Param m_Name="$quick_attack_enabled" m_Value="true"/>
    <Param m_Name="$power_attack_enabled" m_Value="true"/>
    <Param m_Name="$attack_quick_max_range" m_Value="4.0"/>
    <Param m_Name="$attack_from_move_max_range" m_Value="5.5"/>
    <Param m_Name="$attacks_in_combo_min" m_Value="4"/>
    <Param m_Name="$attacks_in_combo_max" m_Value="7"/>
    <Param m_Name="$attack_cooldown" m_Value="1.0"/>

    <Param m_Name="$attack_quick_attempt_range" m_Value="9.0"/>
    <Param m_Name="$attack_quick_cancel_range" m_Value="12.0"/>

    <Param m_Name="$power_attack_cooldown" m_Value="3.0"/>
    <Param m_Name="$attack_power_attempt_range_max" m_Value="11.0"/>
    <Param m_Name="$attack_power_attempt_range_min" m_Value="4.0"/>
    <Param m_Name="$attack_power_cancel_range" m_Value="14.0"/>
    <Param m_Name="$attack_power_min_range" m_Value="3.0"/>
    <Param m_Name="$attack_power_max_range" m_Value="8.0"/>

    <Param m_Name="$spit_enabled" m_Value="true"/>
    <Param m_Name="$spit_max_range" m_Value="15.0"/>
    <Param m_Name="$spit_min_range" m_Value="6.0"/>
    <Param m_Name="$spit_max_angle" m_Value="30.0"/>
    <Param m_Name="$spit_cooldown" m_Value="1.5"/>
    <Param m_Name="$spit_count" m_Value="1"/>

    <Param m_Name="$breakthrough_attack_enabled" m_Value="false"/>
    <Param m_Name="$breakthrough_attack_cooldown" m_Value="3.0"/>

    <Param m_Name="$power_spin_attack_enabled" m_Value="false"/>
    <Param m_Name="$power_spin_attack_cooldown" m_Value="3.0"/>

    <Param m_Name="$tyrant_backup_move" m_Value="false"/>


    <Param m_Name="$multi_jump_grab_enabled" m_Value="false"/>
    <Param m_Name="$multi_jump_grab_count_min" m_Value="2"/>
    <Param m_Name="$multi_jump_grab_count_max" m_Value="3"/>

    <Param m_Name="$grab_enabled" m_Value="true"/>
    <Param m_Name="$grab_cooldown" m_Value="25"/>
    <Param m_Name="$grab_range_max" m_Value="12.0"/>
    <Param m_Name="$grab_range_min" m_Value="4.0"/>

    <Param m_Name="$enable_taunt" m_Value="true"/>

    <Param m_Name="$summoning_taunt_enabled" m_Value="false"/>
    <Param m_Name="$summoning_taunt_cooldown" m_Value="6"/>
    <Param m_Name="$summoning_taunt_min_range" m_Value="0"/>
    <Param m_Name="$summoning_taunt_starts_chase" m_Value="false"/>
    <Param m_Name="$summoning_noise_id" m_Value="volatile_tyrant_scream"/>

    <Param m_Name="$recovery_attack_cooldown" m_Value="20"/>
    <!-- max attack angles -->
    <Param m_Name="$attack_quick_max_angle" m_Value="45.0"/>
    <Param m_Name="$attack_power_max_angle" m_Value="45.0"/>
    <!-- dir correction speed -->
    <Param m_Name="$attack_quick_dir_correction_speed" m_Value="360.0"/>
    <Param m_Name="$attack_power_dir_correction_speed" m_Value="120.0"/>
    <Param m_Name="$dodge_dir_correction_speed" m_Value="120.0"/>
    <Param m_Name="$hit_reaction_dir_correction_speed" m_Value="240.0"/>
    <Param m_Name="$spit_dir_correction_speed" m_Value="120.0"/>
    <!-- other consts -->
    <Param m_Name="$target_prediciton_time" m_Value="0.05"/>
    <Param m_Name="$should_delay_target_spotting" m_Value="true"/>
    <Param m_Name="$enable_dodge" m_Value="false"/>
    <Param m_Name="$dodge_cooldown" m_Value="4.25"/>
    <Param m_Name="$uv_immunity" m_Value="false"/>
    <Param m_Name="$use_avoidance" m_Value="false"/>
    <Param m_Name="$avoid_regions_preset" m_Value="zombie"/>
    <Param m_Name="$approach_suspicious_enemy" m_Value="false"/>
    <Param m_Name="$notice_suspicious_enemy" m_Value="true"/>
    <Param m_Name="$search_enemy_lost_on_recognition" m_Value="true"/>

    <Param m_Name="$trail_min_range" m_Value="6.00"/>

    <!-- Death Reactions -->
    <Param m_Name="$ragdoll_death_chance" m_Value="0.0"/>
    <Param m_Name="$death_snap_angle" m_Value="90"/>
    <Param m_Name="$death_prefer_ragdoll_if_falling_edge_in_radius" m_Value="0.6"/>
    <Param m_Name="$hit_falling_edge_detection_radius" m_Value="3.0"/>
    <Param m_Name="$enable_death_from_air_hit" m_Value="false"/>
    <Param m_Name="$enable_death_from_uv_hit" m_Value="true"/>

    <!-- Hit Reactions -->
    <Param m_Name="$hit_reactions_enabled" m_Value="true"/>
    <Param m_Name="$hit_phase_min" m_Value="1"/>
    <Param m_Name="$hit_phase_max" m_Value="3"/>

    <Param m_Name="$hit_snap_angle" m_Value="90"/>

    <Param m_Name="$stun_lock_prevention_min_time_delta_between_damages" m_Value="0.3"/>
    <Param m_Name="$stun_lock_prevention_consecutive_hits_avg" m_Value="4"/>
    <Param m_Name="$stun_lock_prevention_consecutive_hits_dev" m_Value="2"/>
    <Param m_Name="$stun_lock_prevention_vulnerable_body_part" m_Value="None"/>

    <Param m_Name="$hit_reaction_additive_enabled" m_Value="true"/>
    <Param m_Name="$hit_reaction_additive_cooldown" m_Value="0.2"/>

    <!-- weapon -->
    <Param m_Name="$enable_weapon_change" m_Value="false"/>
    <Param m_Name="$enable_weapon_set" m_Value="false"/>

    <Param m_Name="$request_use_bp_default_move_style" m_Value="Walk"/>

    <Param m_Name="$force_slower_movestyle" m_Value="false"/>
    <Param m_Name="$force_rush_tactics" m_Value="true"/>
    <Param m_Name="$hunting_mod" m_Value="false"/>

    <Param m_Name="$rush_approach_move_speed" m_Value="1.5"/>

    <Param m_Name="$disable_parkour_ragdoll" m_Value="false"/>
    <Param m_Name="$enable_elemental_reactions" m_Value="true"/>
    <Param m_Name="$uv_death_enabled" m_Value="true"/>
    <Param m_Name="$uv_escape_enabled" m_Value="true"/>
    <Param m_Name="$uv_reaction_cooldown" m_Value="0"/>
    <Param m_Name="$disable_uv_reaction_during_attacks" m_Value="false"/>
    <Param m_Name="$enable_dizzy" m_Value="true"/>
    <Param m_Name="$keep_distance_when_with_allies" m_Value="false"/>

    <Param m_Name="$chase_summoning_enabled" m_Value="false"/>
    <Param m_Name="$enable_requests_only_during_night" m_Value="false"/>
</ConstParams>
