<?xml version="1.0" encoding="UTF-8"?>
<BehaviorTree xmlns:xsi="http://www.w3.org/2001/XMLSchema-instance" xsi:noNamespaceSchemaLocation="../../../MetaData/schema_ai.xsd" m_ContextType="ai">
    <Sequence>
        <Selector>
            <Sequence>
                <Opr_SetBBValue_float m_Key="#retreat_speed" m_Value="1.1"/>
                <Opr_SetBBValue_string m_Key="#run" m_Value="$base_movestyle"/>
            </Sequence>
        </Selector>
        <Selector>
            <Optional m_Enabled="$enable_chaos_spawn" m_CustomName="Chaos_Spawn" m_Hide="true">
                <ExternalTree m_UID="HUMAN_CHAOS_THROW"/>
            </Optional>
            <Optional m_Enabled="$enable_chaos_spawn_random" m_CustomName="Chaos_Spawn_Random" m_Hide="true">
                <ExternalTree m_UID="HUMAN_CHAOS_THROW_RANDOM"/>
            </Optional>
            <Optional m_Enabled="$enable_chaos_reinforce" m_CustomName="Chaos_Decoy" m_Hide="true">
                <ExternalTree m_UID="HUMAN_CHAOS_THROW_DECOY"/>
            </Optional>
            <SequenceMem>
                <Selector>
                    <Sequence>
                        <Opr_GetLocalPlayer m_Player="#local_player"/>
                        <Opr_GetObjectPosition m_Object="#local_player" m_Position="#player_position"/>
                    </Sequence>
                    <Cnd_PositionInRadius m_Radius="30" m_Position="#player_position"/>
                </Selector>
                <SetFlagOnRunning m_Key="#flag_retreating" m_Hide="true">
                    <Sequence>
                        <Succeeder>
                            <Starter m_Key="#trigger_preparation_step">
                                <Sequence>
                                    <Act_Step m_Direction="FORWARD" m_Type="ESCAPE" m_StartPolicy="INTERRUPT" m_AbandonPolicy="BLENDOUT" m_DecisionPolicy="ON_END"/>
                                    <Opr_SetBBValue_bool m_Key="#should_skip_start" m_Value="true"/>
                                </Sequence>
                            </Starter>
                        </Succeeder>
                        <Parallel m_PolicySuccess="REQUIRE_ALL" m_PolicyFailure="REQUIRE_ONE">
                            <Sequence>
                                <CooldownTimeDelta m_CooldownTime="5.0" m_StatusReturned="SUCCESS">
                                    <Selector>
                                        <Opr_GetAveragePositionByTargetTrail m_TimeLimit="5.0" m_AveragePosition="#escape_from_pos"/>
                                        <Sequence>
                                            <Cnd_HasBBValue m_Key="#target"/>
                                            <Opr_SetBBValue_vec3 m_Key="#escape_from_pos" m_Value="#target_pos"/>
                                        </Sequence>
                                        <Sequence>
                                            <Cnd_HasBBValue m_Key="#last_target"/>
                                            <Opr_SetBBValue_vec3 m_Key="#escape_from_pos" m_Value="#last_target_pos"/>
                                        </Sequence>
                                    </Selector>
                                </CooldownTimeDelta>
                                <Opr_SetBBValue_bool m_Key="#pref_higher_places" m_Value="false"/>
                                <Opr_SetBBValue_float m_Key="#turn_increased_cost" m_Value="0.0"/>
                                <Opr_GetDistanceToPosition m_Distance="#distance_to_target" m_Position="#target_pos"/>
                                <Selector>
                                    <Cnd_IsBBValueGreater_float m_Key="#distance_to_target" m_Value="8.0"/>
                                    <Sequence>
                                        <Opr_SetBBValue_bool m_Key="#pref_higher_places" m_Value="false"/>
                                        <Opr_SetBBValue_float m_Key="#turn_increased_cost" m_Value="10.0"/>
                                    </Sequence>
                                </Selector>
                                <Selector>
                                    <Sequence>
                                        <Cnd_IsBBValueEqual_bool m_Key="#disable_retreat" m_Value="true" m_Invert="true"/>
                                        <Act_Move m_MoveAwayFromEndPosition="true" m_MoveStyle="#run" m_Destination="#escape_from_pos" m_EndRadius="2.0" m_DestUnreachableBehavior="DoNothingAndFail"
                                        m_AdditionalTurnCost ="#turn_increased_cost" m_PreferHigherPlaces="#pref_higher_places" m_StopAtDest="false" m_SkipStart="#should_skip_start" m_AvoidRegionsPreset="$const_avoid_regions_preset" m_TeleportIfBlocked="true"
                                        m_TryToFindDestinationOnNavmesh="true" m_IsAvoidanceActive="$use_avoidance" m_StartPolicy="INTERRUPT" m_AbandonPolicy="BLENDOUT" m_LocomotionSpeed="#retreat_speed"/>
                                    </Sequence>
                                    <SequenceMem>
                                        <Opr_SetBBValue_bool m_Key="#disable_retreat" m_Value="true"/>
                                        <Opr_GetSelfPosition m_Position="#self_pos"/>
                                        <Opr_GetDirectionFromPosition m_Position="#self_pos" m_Origin="#escape_from_pos" m_Direction="#flee_dir" m_CalcInXZ="true"/>
                                        <Opr_RandomFloat m_Result="#variation_angle" m_RangeMax="360" m_RangeMin="0"/>
                                        <Opr_GetDirectionFromAngle m_Angle="#variation_angle" m_Direction="#flee_dir_final" m_ForwardDirection="#flee_dir"/>
                                        <Opr_SetBBValue_float m_Key="#flee_dist" m_Value="40.0"/>
                                        <Opr_GetPositionInDirection m_Distance="#flee_dist" m_Position="#flee_pos" m_Direction="#flee_dir_final" m_Origin="#self_pos"/>
                                        <Opr_FindNearestPositionOnNavmesh m_Position="#flee_pos" m_WantedPosition="#flee_pos" m_XZRadius="#flee_dist" m_YRadius="30.0"/>
                                        <Selector>
                                            <Sequence>
                                                <Opr_GetDistanceToPosition m_Distance="#end_range" m_Position="#flee_pos"/>
                                                <Cnd_IsBBValueGreaterOrEqual_float m_Key="#end_range" m_Value="3" m_Invert="true"/>
                                            </Sequence>
                                            <Act_Move m_MoveAwayFromEndPosition="false" m_MoveStyle="#run" m_Destination="#flee_pos" m_EndRadius="3.0" m_DestUnreachableBehavior="DoNothingAndFail"
                                            m_AdditionalTurnCost ="#turn_increased_cost" m_PreferHigherPlaces="#pref_higher_places" m_StopAtDest="true" m_SkipStart="#should_skip_start" m_AvoidRegionsPreset="$const_avoid_regions_preset" m_TeleportIfBlocked="true"
                                            m_TryToFindDestinationOnNavmesh="true" m_IsAvoidanceActive="$use_avoidance" m_StartPolicy="INTERRUPT" m_AbandonPolicy="BLENDOUT" m_LocomotionSpeed="#retreat_speed"/>
                                        </Selector>
                                        <Opr_SetBBValue_bool m_Key="#disable_retreat" m_Value="false"/>
                                    </SequenceMem>
                                </Selector>
                            </Sequence>
                            <SequenceMem>
                                <Act_WaitTimeDelta m_TimeToWait="0.5"/>
                                <Opr_SetBBValue_bool m_Key="#should_skip_start" m_Value="false"/>
                            </SequenceMem>
                        </Parallel>
                    </Sequence>
                </SetFlagOnRunning>
            </SequenceMem>
        </Selector>
    </Sequence>
</BehaviorTree>