<?xml version="1.0"?>
<BehaviorTree xmlns:xsi="http://www.w3.org/2001/XMLSchema-instance" xsi:noNamespaceSchemaLocation="../../../MetaData/schema_ai.xsd" m_ContextType="ai">
    <SelectorMem>
        <Optional m_Enabled="$enable_combat_bow">
            <ExternalTree m_UID="HUMAN_WEAPON_PULL_OUT_BOW" m_CustomName="PullOutBow" m_Hide="true"/>
        </Optional>
        <Optional m_Enabled="$enable_combat_one_handed">
            <ExternalTree m_UID="HUMAN_WEAPON_PULL_OUT_ONE_HANDED" m_CustomName="PullOutOneHanded" m_Hide="true"/>
        </Optional>
        <Optional m_Enabled="$enable_combat_spear">
            <ExternalTree m_UID="HUMAN_WEAPON_PULL_OUT_SPEAR" m_CustomName="PullOutSpear" m_Hide="true"/>
        </Optional>
        <Optional m_Enabled="$enable_combat_two_handed">
            <ExternalTree m_UID="HUMAN_WEAPON_PULL_OUT_TWO_HANDED" m_CustomName="PullOutTwoHanded" m_Hide="true"/>
        </Optional>
        <Optional m_Enabled="$enable_combat_shield">
            <ExternalTree m_UID="HUMAN_WEAPON_PULL_OUT_SHIELD" m_CustomName="PullOutShield" m_Hide="true"/>
        </Optional>
        <Optional m_Enabled="$enable_combat_rifle">
            <ExternalTree m_UID="HUMAN_WEAPON_PULL_OUT_RIFLE" m_CustomName="PullOutRifle" m_Hide="true"/>
        </Optional>
        <Optional m_Enabled="$enable_combat_grenadier">
            <Act_Status m_StatusRequired="FAILURE"/>
        </Optional>
    </SelectorMem>
</BehaviorTree>
