<?xml version="1.0"?>
<BehaviorTree xmlns:xsi="http://www.w3.org/2001/XMLSchema-instance" xsi:noNamespaceSchemaLocation="../../../MetaData/schema_ai.xsd" m_ContextType="ai">
    <CooldownTimeDelta m_CooldownTime="2">
        <SequenceMem>
            <Cnd_CanStartTask m_StartPolicy="DISCARD"/>
            <Sequence>
                <Cnd_HasBBValue m_Key="#target"/>
                <Cnd_IsPlayer m_Target="#target"/>
            </Sequence>
            <Sequence>
                <Cnd_HasBBValue m_Key="#group_target"/>
                <Cnd_IsPlayer m_Target="#group_target"/>
            </Sequence>
            <Sequence>
                <Cnd_HasBBValue m_Key="#target"/>
                <Cnd_IsPlayer m_Target="#target" m_Invert="true"/>
            </Sequence>
            <Cnd_HasCombatTargetVisibilityChangedRecently/>
            <Cnd_HasActiveWeapon m_WeaponType="TwoHandedMelee" m_Invert="true"/>
            <Cnd_IsCombatTargetInRadius m_Radius="$startle_distance"/>
            <ExposeLogicState m_ExposedState="vulnerable">
                <SetFlagOnRunning m_Key="#flag_disable_target_propagation">
                    <SequenceMem>
                        <Selector>
                            <Sequence>
                                <Cnd_IsCombatTargetInAngle m_Angle="60"/>
                                <Opr_SetBBValue_EReactionDirection m_Key="#reaction_dir" m_Value="BACKWARD"/>
                            </Sequence>
                            <Sequence>
                                <Cnd_IsCombatTargetInAngle m_Angle="120" m_Invert="true"/>
                                <Opr_SetBBValue_EReactionDirection m_Key="#reaction_dir" m_Value="FORWARD"/>
                            </Sequence>
                            <Sequence>
                                <Cnd_IsTargetOnLeft m_Target="#target"/>
                                <Opr_SetBBValue_EReactionDirection m_Key="#reaction_dir" m_Value="RIGHT"/>
                            </Sequence>
                            <Opr_SetBBValue_EReactionDirection m_Key="#reaction_dir" m_Value="LEFT"/>
                        </Selector>
                        <SequenceMem>
                            <Opr_RequestBark m_Priority="Highest" m_BarkID="enemy_spotted_startle"/>
	                        <Opr_EvaluateReactionDirection m_TargetPosition="#target_pos" m_Direction="#startle_direction"/>
	                        <Opr_SetDirCorrectionSpeed m_MaxSpeed="$reaction_dir_correction_speed"/>
	                        <Parallel m_PolicyFailure="REQUIRE_ONE" m_PolicySuccess="REQUIRE_ONE">
	                            <Act_Reaction m_Type="STARTLE" m_Direction="#startle_direction" m_Target="#target" m_StartPolicy="DISCARD" m_AbandonPolicy="INTERRUPT" m_DecisionPolicy="WHEN_POSSIBLE"/>
	                            <Runner>
	                                <ExternalTree m_UID="HUMAN_WEAPON_PULL_OUT" m_CustomName="PullOutWeapon" m_Hide="true"/>
	                            </Runner>
	                        </Parallel>
                        </SequenceMem>
                    </SequenceMem>
                </SetFlagOnRunning>
            </ExposeLogicState>
        </SequenceMem>
    </CooldownTimeDelta>
</BehaviorTree>
