<?xml version="1.0"?>
<BehaviorTree xmlns:xsi="http://www.w3.org/2001/XMLSchema-instance" xsi:noNamespaceSchemaLocation="../../../../MetaData/schema_ai.xsd" m_ContextType="ai">
    <CooldownTimeDelta m_CooldownTime="$chaos_cooldown" m_CooldownOnAbort="true" m_CooldownBeforeFirstTick="true">
        <SequenceMem>
            <Opr_GetSelfDirection m_Direction="#self_dir"/>
            <Opr_GetSelfPosition m_Position="#self_pos"/>
            <Opr_RandomFloat m_Result="#self_dir" m_RangeMin="-30" m_RangeMax="90"/>
            <Opr_RandomFloat m_Result="#dist" m_RangeMin="-30" m_RangeMax="40"/>
            <Cnd_CanStartTask m_StartPolicy="INTERRUPT"/>
            <Cnd_IsActivityModuleRunning_Throw m_Invert="true"/>
            <Cnd_HasWeaponInInventorySpecific m_Type="ThrowablePrefab"/>
            <Cnd_IsOtherGroupMemberCloseToPosition m_Position="#target_pos" m_MaxDistance="$prefab_throw_min_enemy_dist_from_group" m_Invert="true"/>
            <Cnd_AllyInLineOfFire m_Target="#target" m_SpaceNeeded="2" m_CheckMelee="false" m_Invert="true"/>
			<Opr_GetPositionInDirection m_Distance="#dist" m_Position="#random_pos" m_Direction="#self_dir" m_Origin="#self_pos"/>
            <Act_Throw m_Type="Prefab" m_TargetPosition="#random_pos" m_WeaponTypeSpecific="ThrowablePrefab" m_CustomThrowSpeed="10" m_UseBullet="false" m_TargetHeadYOffset="-1.8" m_StartPolicy="INTERRUPT" m_AbandonPolicy="INTERRUPT" m_DecisionPolicy="WHEN_POSSIBLE"/>
            <Optional m_Enabled="$enable_one_time_chaos" m_CustomName="Chaos_One_Time" m_Hide="true">
                <Opr_KillSelf/>
            </Optional>
        </SequenceMem>
    </CooldownTimeDelta>
</BehaviorTree>
