<?xml version="1.0"?>
<BehaviorTree xmlns:xsi="http://www.w3.org/2001/XMLSchema-instance" xsi:noNamespaceSchemaLocation="../../../MetaData/schema_ai.xsd" m_ContextType="ai">
    <ExposeLogicState m_ExposedState="AGGRESSION_LOW">
        <Parallel m_PolicyFailure="REQUIRE_ONE" m_PolicySuccess="REQUIRE_ONE">
            <ExternalTree m_UID="HUMAN_WEAPON_STOWING" m_CustomName="WeaponStowing" m_Hide="true"/>
            <Sequence>
                <Opr_RequestBark m_BarkID="Generic_Idle" m_Priority="Low"/>
                <Selector>
                    <Sequence>
                        <Cnd_IsDefendRequired/>
                        <SequenceMem>
                            <DelayerTimeDeltaRandom m_DelayTimeMin="2" m_DelayTimeMax="4">
                                <Cnd_SelfInDefendRadius m_Invert="true"/>
                            </DelayerTimeDeltaRandom>
                        </SequenceMem>
                    </Sequence>
                    <SequenceMem>
                        <Cnd_IsSwitchingWeapon/>
                        <RunUntilSuccess>
                            <Cnd_IsSwitchingWeapon m_Invert="true"/>
                        </RunUntilSuccess>
                        <TimeDeltaLimit m_TimeMax="1">
							<ExternalTree m_UID="HUMAN_RETURN_TO_SPAWN" m_CustomName="GuardReturnToSpawn" m_Hide="true"/>
                            <Act_Idle m_Type="Stand" m_StartPolicy="WAIT" m_AbandonPolicy="BLENDOUT"/>
                        </TimeDeltaLimit>
                    </SequenceMem>
                </Selector>
            </Sequence>
        </Parallel>
    </ExposeLogicState>
</BehaviorTree>
