<?xml version="1.0"?>
<BehaviorTree xmlns:xsi="http://www.w3.org/2001/XMLSchema-instance" xsi:noNamespaceSchemaLocation="../../../../MetaData/schema_ai.xsd" m_ContextType="ai">
    <CooldownTimeDelta m_CooldownTime="45" m_CooldownOnAbort="true" m_CooldownBeforeFirstTick="true">
        <SequenceMem>
            <Cnd_CanStartTask m_StartPolicy="INTERRUPT"/>
            <Cnd_IsActivityModuleRunning_Throw m_Invert="true"/>
            <Cnd_HasWeaponInInventorySpecific m_Type="ThrowablePrefab"/>
            <Cnd_IsOtherGroupMemberCloseToPosition m_Position="#target_pos" m_MaxDistance="$prefab_throw_min_enemy_dist_from_group" m_Invert="true"/>
            <Cnd_AllyInLineOfFire m_Target="#target" m_SpaceNeeded="2" m_CheckMelee="false" m_Invert="true"/>
			<Opr_GetSelfPosition m_Position="#throw_prefab_pos" m_Offset="6"/>
            <Act_Throw m_Type="Prefab" m_TargetPosition="#throw_prefab_pos" m_WeaponTypeSpecific="ThrowablePrefab" m_CustomThrowSpeed="10" m_UseBullet="false" m_TargetHeadYOffset="-1.8" m_StartPolicy="INTERRUPT" m_AbandonPolicy="INTERRUPT" m_DecisionPolicy="WHEN_POSSIBLE"/>
        </SequenceMem>
    </CooldownTimeDelta>
</BehaviorTree>
