<?xml version="1.0" encoding="UTF-8"?>
<BehaviorTree xmlns:xsi="http://www.w3.org/2001/XMLSchema-instance" xsi:noNamespaceSchemaLocation="../../../MetaData/schema_ai.xsd" m_ContextType="ai">
    <SequenceMem>
        <Cnd_CanStartTask m_StartPolicy="DISCARD"/>
        <InvestigatePOI m_Position="#poi_position" m_Type="#poi_type" m_Creator="#poi_creator" m_Effect="#poi_effect" m_Range="#poi_range" m_IsCreatorNonHostile="#poi_creator_non_hostile"  m_IsActive="#poi_active" m_EnableInspection="$enable_poi_inspection">
            <Parallel m_PolicyFailure="REQUIRE_ONE" m_PolicySuccess="REQUIRE_ONE">
                <SelectorMem>
                    <!-- CallForHelp -->
                    <SequenceMem m_CustomName="CallForHelp" m_Hide="true">
                        <Cnd_IsBBValueEqual_EPOIType m_Key="#poi_type" m_Value="CallForHelp"/>
                        <ExposeLogicState m_ExposedState="checking_high_prio_poi">
                            <SequenceMem>
                                <Act_Investigation m_Type="DETECT" m_StimulusType="NOISE" m_StimulusPosition="#poi_position" m_StartPolicy="INTERRUPT" m_AbandonPolicy="BLENDOUT" m_DecisionPolicy="ON_END"/>
                                <SelectorMem>
                                    <Cnd_IsPositionInRestrictedArea m_Position="#poi_position" m_Invert="true"/>
                                    <Act_Move m_Destination="#poi_position" m_MoveStyle="#move_style_trot" m_EndRadius="8" m_StopAtDest="true" m_StartPolicy="INTERRUPT" m_AbandonPolicy="BLENDOUT" m_DecisionPolicy="ON_END"/>
                                </SelectorMem>
                            </SequenceMem>
                        </ExposeLogicState>
                    </SequenceMem>
                    <!-- Enemy and Sight -->
                    <SequenceMem m_CustomName="EnemyDetection" m_Hide="true">
                        <Selector>
                            <Cnd_IsBBValueEqual_EPOIType m_Key="#poi_type" m_Value="Enemy"/>
                            <Cnd_IsBBValueEqual_EPOIType m_Key="#poi_type" m_Value="Sight"/>
                        </Selector>
                        <Opr_SetBBValue_bool m_Key="#can_inspect" m_Value="true"/>
                        <UseEntitySlots m_Entity="#poi_creator">
                            <Selector>
                                <Optional m_Enabled="$enable_poi_inspection">
                                    <ExposePOIInspection>
                                        <SequenceMem m_CustomName="suspicious_enemy">
                                            <Cnd_IsBBValueEqual_EPOIType m_Key="#poi_type" m_Value="Enemy"/>
                                            <Cnd_IsBBValueEqual_bool m_Key="#can_inspect" m_Value="true"/>
                                            <Cnd_IsHoldRequired m_Invert="true"/>
                                            <Cnd_IsDefendRequired m_Invert="true"/>
                                            <Cnd_IsPositionInRestrictedArea m_Position="#poi_position"/>
                                            <Opr_GetDistanceToPosition m_Position="#poi_position" m_Distance="#poi_distance"/>
                                            <ExposeLogicState m_ExposedState="checking_target_position">
                                                <CombatSlot m_Name="poi_investigation" m_Limit="1" m_MaxKeepTime="10" m_Cost="#poi_distance">
                                                    <SequenceMem>
                                                        <Opr_RequestBark m_BarkID="poi_possible_enemy" m_Priority="High"/>
                                                        <Act_Move m_Destination="#poi_position" m_MoveStyle="#move_style_walk_suspicious" m_StopAtDest="true" m_IsAvoidanceActive="$use_avoidance" m_StartPolicy="INTERRUPT" m_AbandonPolicy="BLENDOUT" m_DecisionPolicy="ON_END"/>
                                                        <TimeDeltaLimit m_TimeMax="2" m_StatusReturned="SUCCESS">
                                                            <Act_Investigation m_Type="INSPECT" m_StimulusType="ENEMY" m_StimulusPosition="#poi_position" m_StartPolicy="WAIT" m_AbandonPolicy="BLENDOUT" m_DecisionPolicy="ON_END"/>
                                                        </TimeDeltaLimit>
                                                        <Opr_RequestBark m_BarkID="poi_investigation_finish" m_Priority="Medium"/>
                                                    </SequenceMem>
                                                </CombatSlot>
                                            </ExposeLogicState>
                                        </SequenceMem>
                                    </ExposePOIInspection>
                                </Optional>
                                <SequenceMem m_CustomName="sight">
                                    <Opr_RequestBark m_BarkID="poi_generic_low_alert" m_Priority="Medium"/>
                                    <ExposeLogicState m_ExposedState="detecting_target">
                                        <SequenceMem>
                                            <Act_Investigation m_Type="DETECT" m_StimulusType="ENEMY" m_StimulusPosition="#poi_position" m_StartPolicy="INTERRUPT" m_AbandonPolicy="BLENDOUT" m_DecisionPolicy="ON_END"/>
                                            <Selector>
                                                <Cnd_IsBBValueEqual_EPOIType m_Key="#poi_type" m_Value="Enemy" m_Invert="true"/>
                                                <Sequence>
                                                    <Cnd_AreOthersInspectingPOI m_Invert="true"/>
                                                    <Cnd_IsBBValueEqual_bool m_Key="#poi_active" m_Value="false"/>
                                                </Sequence>
                                                <Runner>
                                                    <SequenceMem>
                                                        <Opr_SetBBValue_bool m_Key="#can_inspect" m_Value="false"/>
                                                        <Act_Investigation m_Type="STANDBY" m_StimulusType="ENEMY" m_StimulusPosition="#poi_position" m_StartPolicy="WAIT" m_AbandonPolicy="BLENDOUT" m_DecisionPolicy="ON_END"/>
                                                    </SequenceMem>
                                                </Runner>
                                            </Selector>
                                        </SequenceMem>
                                    </ExposeLogicState>
                                </SequenceMem>
                            </Selector>
                        </UseEntitySlots>
                    </SequenceMem>
                    <!-- Attack -->
                    <SequenceMem m_CustomName="Attack" m_Hide="true">
                        <Cnd_IsBBValueEqual_EPOIType m_Key="#poi_type" m_Value="Attack"/>
                        <Opr_RequestBark m_BarkID="poi_generic_high_alert" m_Priority="High"/>
                        <Succeeder>
                            <Sequence>
                                <Inverter>
                                    <Sequence>
                                        <Cnd_IsCoopChangingCombatRules/>
                                        <Cnd_AreCoopPlayersInRadius m_Radius="20" m_MinCount="2"/>
                                    </Sequence>
                                </Inverter>
                                <SequenceMem>
                                    <Opr_EvaluateReactionDirection m_TargetPosition="#poi_position" m_Direction="#startle_direction"/>
                                    <Opr_SetDirCorrectionSpeed m_MaxSpeed="$reaction_dir_correction_speed"/>
                                    <Act_Reaction m_Type="STARTLE" m_Direction="#startle_direction" m_TargetPos="#poi_position" m_StartPolicy="INTERRUPT" m_AbandonPolicy="INTERRUPT" m_DecisionPolicy="WHEN_POSSIBLE"/>
                                </SequenceMem>
                            </Sequence>
                        </Succeeder>
                        <Act_Investigation m_Type="DETECT" m_StimulusType="NOISE" m_StimulusPosition="#poi_position" m_StartPolicy="INTERRUPT" m_AbandonPolicy="BLENDOUT" m_DecisionPolicy="ON_END"/>
                        <Act_Investigation m_Type="STANDBY" m_StimulusType="ATTACK" m_StimulusPosition="#poi_position" m_StartPolicy="INTERRUPT" m_AbandonPolicy="BLENDOUT" m_DecisionPolicy="ON_END"/>
                    </SequenceMem>
                    <!-- Flashlight -->
                    <SequenceMem m_CustomName="Flashlight" m_Hide="true">
                        <Cnd_IsBBValueEqual_EPOIType m_Key="#poi_type" m_Value="Flashlight"/>
                        <Opr_RequestBark m_BarkID="poi_light" m_Priority="Medium"/>
                        <Opr_SetBBValue_bool m_Key="#can_inspect" m_Value="true"/>
                        <ExposeLogicState m_ExposedState="checking_low_prio_poi">
                            <SequenceMem>
                                <Act_Investigation m_Type="DETECT" m_StimulusType="FLASHLIGHT" m_StimulusPosition="#poi_position" m_StartPolicy="INTERRUPT" m_AbandonPolicy="BLENDOUT" m_DecisionPolicy="ON_END"/>
                                <Optional m_Enabled="$enable_poi_inspection">
                                    <ExposePOIInspection>
                                        <Selector>
                                            <Cnd_ShouldInspectCurrentPOI m_Invert="true"/>
                                            <SequenceMem>
                                                <Cnd_IsBBValueEqual_bool m_Key="#can_inspect" m_Value="true"/>
                                                <Cnd_IsHoldRequired m_Invert="true"/>
                                                <Cnd_IsDefendRequired m_Invert="true"/>
                                                <Cnd_IsPositionInRestrictedArea m_Position="#poi_position"/>
                                                <Opr_GetDistanceToPosition m_Position="#poi_position" m_Distance="#poi_distance"/>
                                                <Opr_RequestBark m_BarkID="poi_investigation_start" m_Priority="Medium"/>
                                                <Act_Move m_Destination="#poi_position" m_MoveStyle="#move_style_walk_suspicious" m_StopAtDest="true" m_IsAvoidanceActive="$use_avoidance" m_StartPolicy="WAIT" m_AbandonPolicy="BLENDOUT" m_DecisionPolicy="ON_END"/>
                                                <TimeDeltaLimit m_TimeMax="2" m_StatusReturned="SUCCESS">
                                                    <Act_Investigation m_Type="INSPECT" m_StimulusType="NOISE" m_StimulusPosition="#poi_position" m_StartPolicy="WAIT" m_AbandonPolicy="BLENDOUT" m_DecisionPolicy="ON_END"/>
                                                </TimeDeltaLimit>
                                                <Opr_RequestBark m_BarkID="poi_investigation_finish" m_Priority="Medium"/>
                                            </SequenceMem>
                                        </Selector>
                                    </ExposePOIInspection>
                                </Optional>
                                <Selector>
                                    <Sequence>
                                        <Cnd_AreOthersInspectingPOI m_Invert="true"/>
                                        <Cnd_IsBBValueEqual_bool m_Key="#poi_active" m_Value="false"/>
                                    </Sequence>
                                    <Runner>
                                        <SequenceMem>
                                            <Opr_SetBBValue_bool m_Key="#can_inspect" m_Value="false"/>
                                            <Act_Investigation m_Type="STANDBY" m_StimulusType="NOISE" m_StimulusPosition="#poi_position" m_StartPolicy="WAIT" m_AbandonPolicy="BLENDOUT" m_DecisionPolicy="ON_END"/>
                                        </SequenceMem>
                                    </Runner>
                                </Selector>
                            </SequenceMem>
                        </ExposeLogicState>
                    </SequenceMem>
                    <!-- DeadAlly -->
                    <SequenceMem m_CustomName="DeadBodyDetection" m_Hide="true">
                        <Cnd_IsBBValueEqual_EPOIType m_Key="#poi_type" m_Value="DeadAlly"/>
                        <Opr_RequestBark m_BarkID="poi_generic_low_alert" m_Priority="Medium"/>
                        <Opr_SetBBValue_bool m_Key="#can_inspect" m_Value="true"/>
                        <UseEntitySlots m_Entity="#poi_creator">
                            <ExposeLogicState m_ExposedState="checking_high_prio_poi">
                                <Selector>
                                    <Optional m_Enabled="$enable_poi_inspection">
                                        <ExposePOIInspection>
                                            <SequenceMem>
                                                <Cnd_IsBBValueEqual_bool m_Key="#can_inspect" m_Value="true"/>
                                                <Cnd_IsHoldRequired m_Invert="true"/>
                                                <Cnd_IsDefendRequired m_Invert="true"/>
                                                <Cnd_IsPositionInRestrictedArea m_Position="#poi_position"/>
                                                <Opr_GetDistanceToPosition m_Position="#poi_position" m_Distance="#poi_distance"/>
                                                <CombatSlot m_Name="poi_investigation" m_Limit="12" m_MaxKeepTime="10" m_Cost="#poi_distance" m_RejectedPolicy="Allow">
                                                    <SequenceMem>
                                                        <Act_Move m_Destination="#poi_position" m_MoveStyle="#move_style_trot" m_StopAtDest="true" m_EndRadius="2" m_StartPolicy="WAIT" m_AbandonPolicy="BLENDOUT" m_DecisionPolicy="ON_END"/>
                                                        <Opr_RequestBark m_BarkID="poi_body_ally" m_Priority="High"/>
                                                        <Act_Investigation m_Type="INSPECT" m_StimulusType="BODY" m_StimulusPosition="#poi_position" m_StartPolicy="WAIT" m_AbandonPolicy="BLENDOUT" m_DecisionPolicy="ON_END"/>
                                                        <ExternalTree m_UID="HUMAN_CALL_FOR_HELP" m_CustomName="CallForHelp" m_Hide="true"/>
                                                    </SequenceMem>
                                                </CombatSlot>
                                            </SequenceMem>
                                        </ExposePOIInspection>
                                    </Optional>
                                    <SequenceMem>
                                        <Act_Investigation m_Type="DETECT" m_StimulusType="BODY" m_StimulusPosition="#poi_position" m_StartPolicy="INTERRUPT" m_AbandonPolicy="BLENDOUT" m_DecisionPolicy="ON_END"/>
                                        <Selector>
                                            <Sequence>
                                                <Cnd_AreOthersInspectingPOI m_Invert="true"/>
                                                <Cnd_IsBBValueEqual_bool m_Key="#poi_active" m_Value="false"/>
                                            </Sequence>
                                            <Runner>
                                                <SequenceMem>
                                                    <Opr_SetBBValue_bool m_Key="#can_inspect" m_Value="false"/>
                                                    <Act_Investigation m_Type="STANDBY" m_StimulusType="BODY" m_StimulusPosition="#poi_position" m_StartPolicy="WAIT" m_AbandonPolicy="BLENDOUT" m_DecisionPolicy="ON_END"/>
                                                </SequenceMem>
                                            </Runner>
                                        </Selector>
                                    </SequenceMem>
                                </Selector>
                            </ExposeLogicState>
                        </UseEntitySlots>
                    </SequenceMem>
                    <!-- HighPrioNoise and LowPrioNoise -->
                    <SequenceMem m_CustomName="Noise" m_Hide="true">
                        <Selector>
                            <Cnd_IsBBValueEqual_EPOIType m_Key="#poi_type" m_Value="LowPrioNoise"/>
                            <Cnd_IsBBValueEqual_EPOIType m_Key="#poi_type" m_Value="HighPrioNoise"/>
                        </Selector>
                        <Selector>
                            <!-- Repel -->
                            <SequenceMem m_CustomName="Repel" m_Hide="true">
                                <Selector>
                                    <Cnd_IsBBValueEqual_EPOIEffect m_Key="#poi_effect" m_Value="REPEL"/>
                                    <Optional m_Enabled="$enable_retreat_from_high_threat">
                                        <Cnd_IsBBValueEqual_EPOIType m_Key="#poi_type" m_Value="HighPrioNoise"/>
                                    </Optional>
                                </Selector>
                                <Cnd_PositionInRadius m_Radius="#poi_range" m_Position="#poi_position"/>
                                <Opr_RequestBark m_BarkID="poi_generic_retreat" m_Priority="High"/>
                                <SelectorMem>
                                    <Cnd_IsBBValueEqual_EPOIType m_Key="#poi_type" m_Value="HighPrioNoise" m_Invert="true"/>
                                    <Cnd_PositionInRadius m_Position="#poi_position" m_Radius="3" m_Invert="true"/>
                                    <SequenceMem>
                                        <Opr_EvaluateReactionDirection m_TargetPosition="#poi_position" m_Direction="#startle_direction"/>
                                        <Opr_SetDirCorrectionSpeed m_MaxSpeed="$reaction_dir_correction_speed"/>
                                        <Act_Reaction m_Type="STARTLE" m_Direction="#startle_direction" m_TargetPos="#poi_position" m_StartPolicy="INTERRUPT" m_AbandonPolicy="INTERRUPT" m_DecisionPolicy="WHEN_POSSIBLE"/>
                                    </SequenceMem>
                                </SelectorMem>
                                <Opr_CloneBBValue m_KeySrc="#poi_range" m_KeyDst="#repel_end_range"/>
                                <Opr_IncrementBBValue_float m_Key="#repel_end_range" m_Amount="3"/>
                                <SelectorMem>
                                    <Cnd_IsHoldRequired/>
                                    <Cnd_IsDefendRequired/>
                                    <Selector>
                                        <Cnd_PositionInRadius m_Radius="#repel_end_range" m_Position="#poi_position" m_Invert="true"/>
                                        <SelectorMem>
                                            <SequenceMem>
                                                <Cnd_IsBBValueEqual_EPOIType m_Key="#poi_type" m_Value="HighPrioNoise"/>
                                                <Act_Move m_Destination="#poi_position" m_MoveStyle="#move_style_trot" m_MoveAwayFromEndPosition="true" m_IsAvoidanceActive="$use_avoidance" m_StartPolicy="WAIT" m_AbandonPolicy="BLENDOUT" m_DecisionPolicy="ON_END"/>
                                            </SequenceMem>
                                            <Act_Move m_Destination="#poi_position" m_MoveStyle="#move_style_walk" m_MoveAwayFromEndPosition="true" m_IsAvoidanceActive="$use_avoidance" m_StartPolicy="WAIT" m_AbandonPolicy="BLENDOUT" m_DecisionPolicy="ON_END"/>
                                        </SelectorMem>
                                    </Selector>
                                </SelectorMem>
                                <TimeDeltaLimit m_TimeMax="2">
                                    <Act_Investigation m_Type="STANDBY" m_StimulusType="NOISE" m_StimulusPosition="#poi_position" m_StartPolicy="INTERRUPT" m_AbandonPolicy="INTERRUPT" m_DecisionPolicy="ON_END"/>
                                </TimeDeltaLimit>
                                <Opr_RemoveBBValue m_Key="#repel_end_range"/>
                            </SequenceMem>
                            <SequenceMem m_CustomName="Attract/Notice" m_Hide="true">
                                <Cnd_IsBBValueEqual_EPOIEffect m_Key="#poi_effect" m_Value="REPEL" m_Invert="true"/>
                                <Optional m_Enabled="$enable_retreat_from_high_threat">
                                    <Cnd_IsBBValueEqual_EPOIType m_Key="#poi_type" m_Value="HighPrioNoise" m_Invert="true"/>
                                </Optional>
                                <Selector>
                                    <Sequence>
                                        <Cnd_PositionInAngle m_Angle="30" m_Position="#poi_position" m_Invert="true"/>
                                        <Act_TurnToPos m_Position="#poi_position" m_StartPolicy="INTERRUPT" m_AbandonPolicy="INTERRUPT" m_DecisionPolicy="WHEN_POSSIBLE"/>
                                    </Sequence>
                                    <Opr_RequestBark m_BarkID="poi_generic_low_alert" m_Priority="High"/>
                                </Selector>
                                <ExposeLogicState m_ExposedState="checking_low_prio_poi">
                                    <SequenceMem>
                                        <ExposePOIInspection>
                                            <SequenceMem>
                                                <SelectorMem>
                                                    <Cnd_IsBBValueEqual_EPOIType m_Key="#poi_type" m_Value="HighPrioNoise" m_Invert="true"/>
                                                    <Cnd_PositionInRadius m_Position="#poi_position" m_Radius="3" m_Invert="true"/>
                                                    <SequenceMem>
                                                        <Opr_EvaluateReactionDirection m_TargetPosition="#poi_position" m_Direction="#startle_direction"/>
                                                        <Opr_SetDirCorrectionSpeed m_MaxSpeed="$reaction_dir_correction_speed"/>
                                                        <Act_Reaction m_Type="STARTLE" m_Direction="#startle_direction" m_TargetPos="#poi_position" m_StartPolicy="INTERRUPT" m_AbandonPolicy="INTERRUPT" m_DecisionPolicy="WHEN_POSSIBLE"/>
                                                    </SequenceMem>
                                                </SelectorMem>
                                                <SequenceMem>
                                                    <Act_Investigation m_Type="DETECT" m_StimulusType="NOISE" m_StimulusPosition="#poi_position" m_StartPolicy="INTERRUPT" m_AbandonPolicy="BLENDOUT" m_DecisionPolicy="ON_END"/>
                                                    <Selector>
                                                        <Cnd_IsBBValueEqual_bool m_Key="#poi_creator_non_hostile" m_Value="true"/>
                                                        <Cnd_ShouldInspectCurrentPOI m_Invert="true"/>
                                                        <SelectorMem>
                                                            <Cnd_IsBBValueEqual_EPOIEffect m_Key="#poi_effect" m_Value="ATTRACT" m_Invert="true"/>
                                                            <Cnd_IsHoldRequired/>
                                                            <Cnd_IsDefendRequired/>
                                                            <Cnd_IsPositionInRestrictedArea m_Position="#poi_position" m_Invert="true"/>
                                                            <SequenceMem>
                                                                <Opr_RequestBark m_BarkID="poi_investigation_start" m_Priority="Medium"/>
                                                                <SelectorMem>
                                                                    <SequenceMem>
                                                                        <Cnd_IsBBValueEqual_EPOIType m_Key="#poi_type" m_Value="HighPrioNoise"/>
                                                                        <Act_Move m_Destination="#poi_position" m_EndRadius="2" m_MoveStyle="#move_style_trot" m_StopAtDest="true" m_IsAvoidanceActive="$use_avoidance" m_StartPolicy="WAIT" m_AbandonPolicy="BLENDOUT" m_DecisionPolicy="ON_END"/>
                                                                    </SequenceMem>
                                                                    <Act_Move m_Destination="#poi_position" m_MoveStyle="#move_style_walk_suspicious" m_StopAtDest="true" m_IsAvoidanceActive="$use_avoidance" m_StartPolicy="WAIT" m_AbandonPolicy="BLENDOUT" m_DecisionPolicy="ON_END"/>
                                                                </SelectorMem>
                                                                <TimeDeltaLimit m_TimeMax="2" m_StatusReturned="SUCCESS">
                                                                    <Act_Investigation m_Type="INSPECT" m_StimulusType="NOISE" m_StimulusPosition="#poi_position" m_StartPolicy="WAIT" m_AbandonPolicy="BLENDOUT" m_DecisionPolicy="ON_END"/>
                                                                </TimeDeltaLimit>
                                                                <Opr_RequestBark m_BarkID="poi_investigation_finish" m_Priority="Medium"/>
                                                            </SequenceMem>
                                                        </SelectorMem>
                                                    </Selector>
                                                </SequenceMem>
                                            </SequenceMem>
                                        </ExposePOIInspection>
                                        <Selector>
                                            <Cnd_IsBBValueEqual_bool m_Key="#poi_creator_non_hostile" m_Value="true"/>
                                            <Cnd_AreOthersInspectingPOI m_Invert="true"/>
                                            <Runner>
                                                <Act_Investigation m_Type="STANDBY" m_StimulusType="NOISE" m_StimulusPosition="#poi_position" m_StartPolicy="WAIT" m_AbandonPolicy="INTERRUPT" m_DecisionPolicy="ON_END"/>
                                            </Runner>
                                        </Selector>
                                    </SequenceMem>
                                </ExposeLogicState>
                            </SequenceMem>
                        </Selector>
                    </SequenceMem>
                </SelectorMem>
                <Optional m_Enabled="$weapon_investigation_auto_equip_enabled">
                    <Runner>
                        <SequenceMem>
                            <Cnd_IsBBValueEqual_EPOIEffect m_Key="#poi_effect" m_Value="REPEL" m_Invert="true"/>
                            <Cnd_IsBBValueEqual_bool m_Key="#poi_creator_non_hostile" m_Value="true"/>
                            <ExternalTree m_UID="HUMAN_WEAPON_PULL_OUT" m_CustomName="PullOutWeapon" m_Hide="true"/>
                        </SequenceMem>
                    </Runner>
                </Optional>
            </Parallel>
        </InvestigatePOI>
        <Selector m_Hide="true">
            <Cnd_HasBBValue m_Key="#poi_position" m_Invert="true"/>
            <Sequence>
                <Opr_RemoveBBValue m_Key="#poi_range"/>
                <Opr_RemoveBBValue m_Key="#poi_active"/>
            </Sequence>
        </Selector>
    </SequenceMem>
</BehaviorTree>