<?xml version="1.0" encoding="UTF-8"?>
<BehaviorTree xmlns:xsi="http://www.w3.org/2001/XMLSchema-instance" xsi:noNamespaceSchemaLocation="../../../MetaData/schema_ai.xsd" m_ContextType="ai">
    <Sequence>
        <ExternalTree m_UID="HUMAN_EXPLORE" m_CustomName="Explore" m_Hide="true"/>
        <!-- attack variables -->
        <Opr_GetModifiedTime m_TimePoint="#attack_cooldown" m_TimeDelta="$attack_cooldown_initial"/>
        <Opr_GetModifiedTime m_TimePoint="#fake_attack_cooldown" m_TimeDelta="8"/>
        <Optional m_Enabled="$enable_attack_tackle">
            <Opr_GetCurrentTime m_TimePoint="#tackle_cooldown"/>
        </Optional>
        <Optional m_Enabled="$enable_attack_finisher">
            <Opr_GetCurrentTime m_TimePoint="#finisher_cooldown"/>
        </Optional>
        <Opr_GetCurrentTime m_TimePoint="#push_cooldown"/>
        <Opr_GetCurrentTime m_TimePoint="#kick_cooldown"/>
        <Opr_GetCurrentTime m_TimePoint="#throw_cooldown"/>
        <!-- defence variables -->
        <Opr_SetBBValue_int m_Key="#block_next_phase" m_Value="$block_phase_min"/>
        <!-- hit reaction -->
        <Opr_SetBBValue_int m_Key="#breaker_hit_counter" m_Value="0"/>
        <Opr_GetCurrentTime m_TimePoint="#breaker_hit_reset_time"/>
        <!-- morale variables -->
        <Opr_SetBBValue_string m_Key="#morale_state" m_Value="cautious"/>
        <!-- combat slots -->
        <Opr_SetBBValue_float m_Key="#attack_quick_min_delay" m_Value="$attack_quick_min_delay"/>
        <Opr_SetBBValue_bool m_Key="#attack_token_release_on_damage" m_Value="false"/>
        <!-- other -->
        <Opr_SetBBValue_bool m_Key="#searching" m_Value="true"/>
        <Opr_SetBBValue_bool m_Key="#should_check_last_target_pos" m_Value="true"/>
        <!-- <Opr_SetBBValue_bool m_Key="#post_combat_action_available" m_Value="false"/> -->
        <!-- weapon holster cooldown -->
        <Optional m_Enabled="$weapon_holster_enabled">
            <Opr_GetModifiedTime m_TimePoint="#weapon_holster_cooldown" m_TimeDelta="#weapon_holster_delay"/>
        </Optional>
        <!-- setup forced go to position -->
        <Succeeder>
            <Opr_GetForcedChasePosition m_Position="#forced_chase_position"/>
        </Succeeder>
        <Opr_SetBBValue_bool m_Key="#forced_target_set" m_Value="false"/>
        <!-- setup senses -->
        <Succeeder>
            <Sequence>
                <Opr_EnableSense m_Sense="combat_enviro"/>
                <Opr_EnableSense m_Sense="interest"/>
                <Optional m_Enabled="$enable_sense_dangerzone">
                    <Opr_EnableSense m_Sense="dangerzone"/>
                </Optional>
                <Opr_EnableSense m_Sense="target"/>
                <Opr_EnableSense m_Sense="defend"/>
                <Opr_EnableSense m_Sense="threatening"/>
            </Sequence>
        </Succeeder>
        <Optional m_Enabled="$use_skullface_init">
            <ExternalTree m_UID="SKULLFACE_INIT" m_CustomName="Skullface_init" m_Hide="true"/>
        </Optional>
    </Sequence>
</BehaviorTree>
