<?xml version="1.0" encoding="UTF-8"?>
<BehaviorTree xmlns:xsi="http://www.w3.org/2001/XMLSchema-instance" xsi:noNamespaceSchemaLocation="../../../MetaData/schema_ai.xsd" m_ContextType="ai">
    <Sequence>
        <Cnd_HasBBValue m_Key="#target"/>
        <Cnd_HasTimePassed m_TimePoint="#start_bomb_cooldown" m_TimeDelta="$fart_cooldown"/>
        <SequenceMem>
            <Cnd_IsActivityModuleRunning_Movement/>
            <Cnd_IsInUVLight m_Invert="true"/>
            <Cnd_IsInSunlight m_Invert="true"/>
            <Cnd_IsCombatTargetInAngle m_Angle="150" m_Invert="true"/>
            <Cnd_IsCombatTargetInRadius m_Radius="20.0" m_HorizontalOnly="true"/>
            <Cnd_IsCombatTargetInRadius m_Radius="5.0" m_Invert="true" m_HorizontalOnly="true" m_UsePrediction="true"/>
            <Cnd_IsTargetApproaching m_Target="#target" m_MinVel="2.0" m_MaxAngle="45"/>
            <Opr_GetDirectionToPosition m_Position="#target_pos" m_Direction="#dir_to_target"/>
            <Cnd_SpaceInDirection m_Direction="#dir_to_target" m_IncludeOtherActors="false"/>
            <Cnd_SpaceInSimpleDirection m_Direction="FORWARD" m_MinRequiredSpace="4.0" m_IncludeOtherActors="false" />
            <Cnd_HasTimePassed m_TimePoint="#super_speed_end_time"/>
            <Opr_SetBBValue_bool m_Key="#should_skip_start" m_Value="true"/>
            <Optional m_Enabled="$enable_chaos_spawn" m_CustomName="Chaos_Spawn" m_Hide="true">
                <ExternalTree m_UID="HUMAN_CHAOS_THROW"/>
            </Optional>
            <Optional m_Enabled="$enable_chaos_spawn_random" m_CustomName="Chaos_Spawn_Random" m_Hide="true">
                <ExternalTree m_UID="HUMAN_CHAOS_THROW_RANDOM"/>
            </Optional>
            <Optional m_Enabled="$enable_chaos_reinforce" m_CustomName="Chaos_Decoy" m_Hide="true">
                <ExternalTree m_UID="HUMAN_CHAOS_THROW_DECOY"/>
            </Optional>
        </SequenceMem>
    </Sequence>
</BehaviorTree>
