<?xml version="1.0" encoding="UTF-8"?>
<BehaviorTree xmlns:xsi="http://www.w3.org/2001/XMLSchema-instance" xsi:noNamespaceSchemaLocation="../../../../MetaData/schema_ai.xsd" m_ContextType="ai">
	<SequenceMem>
		<Cnd_CanInterruptActivityModule_Movement/>
		<Cnd_IsCombatTargetInRadius m_Radius="26" m_UsePrediction="true"/>
		<SequenceMem m_CustomName="SuspiciousEnemy" m_Hide="true">
			<Cnd_IsBBValueEqual_EPOIType m_Key="#poi_type" m_Value="Enemy"/>
			<SequenceMem m_CustomName="Sight" m_Hide="true">
				<Cnd_IsBBValueEqual_EPOIType m_Key="#poi_type" m_Value="Sight"/>
				<Cnd_IsAlertLevelEqual m_AlertLevel="High" m_Invert="true"/>
				<ExposeLogicState m_ExposedState="detecting_target">
					<TimeDeltaLimit m_TimeMax="1.0" m_StatusReturned="SUCCESS">
						<Act_Investigation m_Type="NOTICE" m_StimulusType="SIGHT" m_StimulusPosition="#poi_position" m_StartPolicy="INTERRUPT" m_AbandonPolicy="BLENDOUT"/>
					</TimeDeltaLimit>
				</ExposeLogicState>
			</SequenceMem>
			<SequenceMem m_CustomName="Attack" m_Hide="true">
				<Cnd_IsBBValueEqual_EPOIType m_Key="#poi_type" m_Value="Attack"/>
				<Act_Move m_Destination="#poi_position" m_MoveStyle="#move_style" m_AvoidRegionsPreset="$avoid_regions_preset" m_StopAtDest="true" m_StartPolicy="INTERRUPT" m_AbandonPolicy="BLENDOUT"/>
				<TimeDeltaLimit m_TimeMax="1.0" m_StatusReturned="SUCCESS">
					<Act_Investigation m_Type="NOTICE" m_StimulusType="NONE" m_StartPolicy="INTERRUPT" m_AbandonPolicy="BLENDOUT" m_DecisionPolicy="ON_END"/>
				</TimeDeltaLimit>
			</SequenceMem>
			<Sequence>
				<Cnd_CanInterruptActivityModule_Attack/>
				<Cnd_IsPathToTargetClear/>
				<Cnd_IsTargetApproaching m_Target="#target" m_MinVel="4" m_MaxAngle="40"/>
				<Cnd_InTargetHorzAngle m_Target="#target" m_Angle="45"/>
				<Cnd_IsBBValueGreater_float m_Key="#target_travel_distance" m_Value="15.0"/>
			</Sequence>
		</SequenceMem>
		<ExternalTree m_UID="HUMAN_COMBAT" m_CustomName="Combat" m_Hide="true"/>
	</SequenceMem>
</BehaviorTree>