<?xml version="1.0"?>
<ConstParams xmlns:xsi="http://www.w3.org/2001/XMLSchema-instance" xsi:noNamespaceSchemaLocation="../../../../MetaData/schema_const.xsd">
    <ExternalParams m_UID="human_consts_base"/>
    <!-- predefined overrides -->
    <ExternalParams m_UID="human_consts_ovrd_fury"/>
    <ExternalParams m_UID="human_consts_ovrd_panic"/>
    <Param m_Name="$enable_chaos_reinforce" m_Value="false"/>
    <Param m_Name="$enable_chaos_spawn" m_Value="false"/>
    <Param m_Name="$enable_chaos_spawn_random" m_Value="true"/>
    <Param m_Name="$enable_one_time_chaos" m_Value="false"/>
	<Param m_Name="$enable_weapon_change" m_Value="true"/>
    <Param m_Name="$enable_weapon_set" m_Value="true"/>
    <Param m_Name="$enable_generic_idle_interact" m_Value="true"/>
	<Param m_Name="$enable_knife_throw" m_Value="false"/>
	<Param m_Name="$enable_uvflare_throw" m_Value="false"/>
	<Param m_Name="$enable_prefab_throw" m_Value="true"/>
	<Param m_Name="$enable_attack_kick" m_Value="true"/>
	<!-- Healing -->
	<Param m_Name="$allow_healing" m_Value="false"/>
	<Param m_Name="$healing_cooldown_max" m_Value="22.0"/>
	<Param m_Name="$healing_cooldown_min" m_Value="7.0"/>
	<!-- Chaos -->
	<Param m_Name="$chaos_cooldown" m_Value="4.0"/>
</ConstParams>
