<?xml version="1.0" encoding="UTF-8"?>
<BehaviorTree xmlns:xsi="http://www.w3.org/2001/XMLSchema-instance" xsi:noNamespaceSchemaLocation="../../../MetaData/schema_ai.xsd" m_ContextType="ai">
    <Sequence>
        <Succeeder>
            <Selector>
                <Sequence>
                    <Act_Status m_StatusRequired="FAILURE"/>
                    <Cnd_IsInUVLight/>
                    <Cnd_IsActivityModuleRunning_Attack/>
                    <Cnd_IsOnGround m_Invert="true"/>
                    <Opr_Trigger m_Key="#trigger_ragdoll_uv_reaction"/>
                </Sequence>
                <Sequence>
                    <Cnd_IsOnGround/>
                    <Cnd_IsBBValueEqual_bool m_Key="#during_jump_attack" m_Value="false"/>
                    <Selector>
                        <!-- Go to knees -->
                        <Sequence>
                            <Cnd_IsBBValueGreaterOrEqual_float m_Key="#uv_progress" m_Value="1.0"/>
                            <Cnd_IsIncapacitatedByUV m_Invert="true"/>
                            <Selector>
                                <Cnd_IsInUVLight/>
                            </Selector>
                            <Opr_SetBBValue_EIncapacitateType m_Key="#uv_reaction_type" m_Value="UV_Final"/>
                        </Sequence>
                    </Selector>
                    <Opr_Trigger m_Key="#trigger_uv_reaction"/>
                </Sequence>
                <!-- Get Up -->
                <Sequence>
                    <Cnd_IsOnGround/>
                    <Cnd_IsBBValueEqual_bool m_Key="#during_jump_attack" m_Value="false"/>
                    <Cnd_IsBBValueGreaterOrEqual_float m_Key="#uv_progress" m_Value="0.5" m_Invert="true"/>
                    <Cnd_IsIncapacitatedByUV/>
                    <Opr_SetBBValue_EIncapacitateType m_Key="#uv_reaction_type" m_Value="UV_Recover"/>
                    <Opr_SetBBValue_bool m_Key="#trigger_uv_reaction" m_Value="true"/>
                </Sequence>
                <CooldownTimeDelta m_CooldownTime="1.5">
                    <Sequence>
                        <Cnd_IsOnGround/>
                        <Cnd_IsBBValueEqual_bool m_Key="#during_jump_attack" m_Value="false"/>
                        <Cnd_IsInUVLight/>
                        <Cnd_CanInterruptActivityModule_Movement/>
                        <Opr_SetDirCorrectionSpeed m_MaxSpeed="60"/>
                        <Opr_RandomInt m_RangeMin="1" m_Result="#dodge_type" m_RangeMax="3"/>
                        <Opr_SetBBValue_vec3 m_Key="#dodge_pos" m_Value="#uv_light_pos"/>
                        <SelectorMem>
                            <SequenceMem>
                                <Cnd_IsBBValueEqual_int m_Key="#dodge_type" m_Value="1"/>
                                <Cnd_SpaceInSimpleDirection m_Direction="RIGHT"  m_MinRequiredSpace="1.5"/>
                                <Opr_SetBBValue_EDodgeDirection m_Key="#dodge_dir" m_Value="RIGHT"/>
                            </SequenceMem>
                            <SequenceMem>
                                <Cnd_IsBBValueEqual_int m_Key="#dodge_type" m_Value="2"/>
                                <Cnd_SpaceInSimpleDirection m_Direction="LEFT"  m_MinRequiredSpace="1.5"/>
                                <Opr_SetBBValue_EDodgeDirection m_Key="#dodge_dir" m_Value="LEFT"/>
                            </SequenceMem>
                            <SequenceMem>
                                <Cnd_IsBBValueEqual_int m_Key="#dodge_type" m_Value="3"/>
                                <Cnd_SpaceInSimpleDirection m_Direction="BACKWARD" m_MinRequiredSpace="1.5"/>
                                <Opr_SetBBValue_EDodgeDirection m_Key="#dodge_dir" m_Value="BACKWARD"/>
                            </SequenceMem>
                        </SelectorMem>
                        <Opr_Trigger m_Key="#trigger_uv_dodge"/>
                    </Sequence>
                </CooldownTimeDelta>
            </Selector>
        </Succeeder>
        <Selector>
            <Starter m_Key="#trigger_uv_reaction">
                <Act_Incapacitate m_Type="#uv_reaction_type" m_SourcePos="#uv_light_pos" m_StartPolicy="DISCARD" m_AbandonPolicy="INTERRUPT" m_DecisionPolicy="WHEN_POSSIBLE"/>
            </Starter>
            <Starter m_Key="#trigger_ragdoll_uv_reaction">
                <Act_Ragdoll m_StartPolicy="DISCARD" m_AbandonPolicy="BLENDOUT"/>
            </Starter>
            <Starter m_Key="#trigger_uv_dodge">
                <SequenceMem>
                    <Cnd_IsInUVLight/>
                    <Act_Dodge m_TargetPos="#uv_light_pos" m_Type="UV_LIGHT" m_Direction="#dodge_dir" m_StartPolicy="INTERRUPT" m_AbandonPolicy="INTERRUPT" m_DecisionPolicy="WHEN_POSSIBLE"/>
                </SequenceMem>
            </Starter>
        </Selector>
    </Sequence>
</BehaviorTree>
