<?xml version="1.0"?>
<ConstParams xmlns:xsi="http://www.w3.org/2001/XMLSchema-instance" xsi:noNamespaceSchemaLocation="../../../MetaData/schema_const.xsd">
    <ExternalParams m_UID="human_consts_base"/>
    <!-- predefined overrides -->
    <ExternalParams m_UID="human_consts_ovrd_one_handed_tier_2"/>
    <ExternalParams m_UID="human_consts_ovrd_attack_1"/>
    <ExternalParams m_UID="human_consts_ovrd_aggr_low"/>
	<ExternalParams m_UID="human_consts_ovrd_bow_tier_1"/>
	<ExternalParams m_UID="human_consts_ovrd_ranged"/>
    <!-- overrides -->
	<Param m_Name="$enable_weapon_change" m_Value="true"/>
    <Param m_Name="$enable_weapon_set" m_Value="true"/>
    <Param m_Name="$enable_generic_idle_interact" m_Value="true"/>
    <Param m_Name="$enable_retreat" m_Value="false"/>
    <Param m_Name="$enable_retreat_from_high_threat" m_Value="false"/>
    <Param m_Name="$enable_combat_with_low_threat" m_Value="true"/>
    <Param m_Name="$enable_search" m_Value="true"/>
	<Param m_Name="$enable_knife_throw" m_Value="true"/>
	<Param m_Name="$enable_uvflare_throw" m_Value="true"/>
	<Param m_Name="$enable_prefab_throw" m_Value="true"/>
	<Param m_Name="$prefab_throw_cooldown" m_Value="15.0"/>
	<Param m_Name="$enable_attack_kick" m_Value="true"/>
    <Param m_Name="$avoid_regions_preset" m_Value="all_bandit"/>
    <!-- temporary disabled due to grouping problems -->
    <Param m_Name="$request_move_gather_enabled" m_Value="false"/>
	<Param m_Name="$enable_tactic_rush" m_Value="true"/>
	<!-- Healing -->
	<Param m_Name="$allow_healing" m_Value="true"/>
	<Param m_Name="$healing_cooldown_max" m_Value="22.0"/>
	<Param m_Name="$healing_cooldown_min" m_Value="7.0"/>
	<Param m_Name="$use_avoidance" m_Value="false"/>
</ConstParams>
