<?xml version="1.0"?>
<ConstParams xmlns:xsi="http://www.w3.org/2001/XMLSchema-instance" xsi:noNamespaceSchemaLocation="../../../../MetaData/schema_const.xsd">
    <ExternalParams m_UID="human_consts_base"/>
    <!-- predefined overrides -->
    <ExternalParams m_UID="human_consts_ovrd_one_handed_tier_1"/>
    <ExternalParams m_UID="human_consts_ovrd_attack_0"/>
    <ExternalParams m_UID="human_consts_ovrd_throw_knife"/>
    <ExternalParams m_UID="human_consts_ovrd_throw_stone"/>
	<Param m_Name="$enable_retreat" m_Value="true"/>
    <Param m_Name="$forced_retreat_from_player" m_Value="true"/>
    <Param m_Name="$disable_forced_retreat_if_cornered" m_Value="true"/>
    <Param m_Name="$enable_retreat_from_high_threat" m_Value="true"/>
    <Param m_Name="$enable_combat_with_low_threat" m_Value="true"/>
    <Param m_Name="$enable_search" m_Value="true"/>
</ConstParams>
