<?xml version="1.0"?>
<ConstParams xmlns:xsi="http://www.w3.org/2001/XMLSchema-instance" xsi:noNamespaceSchemaLocation="../../../MetaData/schema_const.xsd">
    <ExternalParams m_UID="human_profile_generic_grenadier"/>
    <!-- curstom overrides -->
    <Param m_Name="$molotov_throw_min_range" m_Value="15"/>
    <Param m_Name="$attack_molotov_spit_prepare_max_range" m_Value="8"/>
    <Param m_Name="$attack_molotov_spit_prepare_max_angle" m_Value="360"/>
    <Param m_Name="$enable_molotov_taunt" m_Value="false"/>
    <Param m_Name="$enable_avoid_danger" m_Value="false"/>
    <Param m_Name="$enable_dodge" m_Value="true"/>
    <Param m_Name="$enable_dodge_throwable" m_Value="true"/>
    <Param m_Name="$enable_dodge_melee" m_Value="false"/>
    <Param m_Name="$dodge_melee_from_hit_count" m_Value="0"/>
    <Param m_Name="$dodge_melee_from_hit_prob" m_Value="1.0"/>
    <Param m_Name="$dodge_melee_default_prob" m_Value="1.0"/>
    <Param m_Name="$enable_hit_reaction" m_Value="true"/>
    <Param m_Name="$enable_additive_hit_reaction" m_Value="true"/>
    <Param m_Name="$combat_slot_idle_enabled" m_Value="true"/>
	
	<!-- molotov throw -->
    <Param m_Name="$enable_molotov_throw" m_Value="true"/>
    <Param m_Name="$molotov_throw_min_range" m_Value="2"/>
    <Param m_Name="$molotov_throw_max_range" m_Value="12"/>
    <Param m_Name="$molotov_throw_max_angle" m_Value="90.0"/>
    <Param m_Name="$molotov_throw_cooldown" m_Value="12.0"/>
	<Param m_Name="$molotov_throw_min_enemy_dist_from_group" m_Value="5.0"/>
	<Param m_Name="$molotov_throw_speed" m_Value="10.0"/>
	
	<!-- molotov spit -->
    <Param m_Name="$enable_attack_molotov_spit" m_Value="true"/>
    <Param m_Name="$attack_molotov_spit_cooldown" m_Value="25"/>
    <Param m_Name="$attack_molotov_spit_prepare_max_range" m_Value="10"/>
    <Param m_Name="$attack_molotov_spit_prepare_max_angle" m_Value="90"/>
    <Param m_Name="$attack_molotov_spit_flush_min_time" m_Value="5"/>
    <Param m_Name="$attack_molotov_spit_max_range" m_Value="6"/>
    <Param m_Name="$attack_molotov_spit_max_angle" m_Value="90"/>
    <Param m_Name="$attack_molotov_spit_dir_correction_speed" m_Value="180"/>
    <Param m_Name="$attack_molotov_spit_forward_max_dist_to_others" m_Value="10"/>
    <Param m_Name="$attack_molotov_taunt_cooldown" m_Value="15"/>
	
</ConstParams>
