<?xml version="1.0" encoding="UTF-8"?>
<BehaviorTree xmlns:xsi="http://www.w3.org/2001/XMLSchema-instance" xsi:noNamespaceSchemaLocation="../../../MetaData/schema_ai.xsd" m_ContextType="ai">
    <Sequence>
        <Opr_GetModifiedTime m_TimeDelta="-99" m_TimePoint="#last_hit_reaction_time"/>
        <Opr_SetWeapon m_WeaponType="Fists" m_Hand="Right"/>
        <Opr_EnableSense m_Sense="target"/>
        <Selector>
            <Cnd_Const m_Enabled="$overcharger_mod"/>
            <Opr_EnableSense m_Sense="uv"/>
        </Selector>
        <Opr_GetModifiedTime m_TimeDelta="-99" m_TimePoint="#stun_end_time"/>
        <Opr_SetBBValue_int m_Key="#attacks_received" m_Value="0"/>
        <Opr_GetCurrentTime m_TimePoint="#attack_received_reset_time"/>
        <Selector>
            <Cnd_Const m_Enabled="$overcharger_mod" m_Invert="true"/>
            <Opr_StartInfiniteBodyState m_State="ELECTROCUTED"/>
        </Selector>
        <Selector>
            <Opr_GetForcedChasePosition m_Position="#forced_chase_position"/>
            <Act_Status m_StatusRequired="SUCCESS"/>
        </Selector>
    </Sequence>
</BehaviorTree>
