<?xml version="1.0" encoding="UTF-8"?>
<BehaviorTree xmlns:xsi="http://www.w3.org/2001/XMLSchema-instance" xsi:noNamespaceSchemaLocation="../../MetaData/schema_ai.xsd" m_ContextType="ai">
    <SequenceMem>
        <ExternalTree m_UID="HUMAN_INIT" m_CustomName="Init" m_Hide="true"/>
        <Selector>
            <ExternalTree m_UID="HUMAN_DEATH" m_CustomName="Death" m_Hide="true"/>
            <SequenceMem>
                <Sequence>
                    <Opr_GetLocalPlayer m_Player="#local_player"/>
                    <Opr_GetObjectPosition m_Object="#local_player" m_Position="#player_position"/>
                </Sequence>
                <Cnd_PositionInRadius m_Radius="40" m_Position="#player_position"/>
                <Opr_KillSelf/>
            </SequenceMem>
            <ParallelRepeat m_PolicyFailure="REQUIRE_NONE" m_PolicySuccess="REQUIRE_NONE">
                <ExternalTree m_UID="HUMAN_CHAOS_UPDATE" m_CustomName="Update" m_Hide="true"/>
                <ExternalTree m_UID="HUMAN_IDLE_RANDOM_WALK" m_CustomName="Random Walk" m_Hide="true"/>
                <RepeatOnceOnSuccess>
                    <Selector>
                        <!-- reactions -->
                        <ExternalTree m_UID="HUMAN_BASE_REACTION" m_CustomName="Reactions" m_Hide="true"/>
                        <!-- avoid danger -->
                        <Optional m_Enabled="$enable_avoid_danger" m_CustomName="AvoidDanger" m_Hide="true">
                            <ExternalTree m_UID="HUMAN_AVOID_DANGER"/>
                        </Optional>
                        <Optional m_Enabled="$enable_chaos_spawn" m_CustomName="Chaos_Spawn" m_Hide="true">
                            <ExternalTree m_UID="HUMAN_CHAOS_THROW"/>
                        </Optional>
                        <Optional m_Enabled="$enable_chaos_spawn_random" m_CustomName="Chaos_Spawn_Random" m_Hide="true">
                            <ExternalTree m_UID="HUMAN_CHAOS_THROW_RANDOM"/>
                        </Optional>
                        <Optional m_Enabled="$enable_chaos_reinforce" m_CustomName="Chaos_Decoy" m_Hide="true">
                            <ExternalTree m_UID="HUMAN_CHAOS_THROW_DECOY"/>
                        </Optional>
                        <ExternalTree m_UID="HUMAN_CHAOS_RETREAT" m_CustomName="Retreat" m_Hide="true"/>
                        <ExternalTree m_UID="HUMAN_COMBAT_CHAOS" m_CustomName="Combat" m_Hide="true"/>
                    </Selector>
                </RepeatOnceOnSuccess>
                <Optional m_Enabled="$enable_additive_hit_reaction" m_CustomName="HitAdditive" m_Hide="true">
                    <ExternalTree m_UID="HUMAN_REACTION_HIT_ADDITIVE"/>
                </Optional>
                <ExternalTree m_UID="HUMAN_UPDATE_POST" m_CustomName="PostUpdate" m_Hide="true"/>
				<ExternalTree m_UID="AI_TRACK" m_CustomName="TrackEnemy" m_Hide="true"/>
            </ParallelRepeat>
			<ExposeTarget m_Target="#target">
				<Act_Status m_StatusRequired="RUNNING"/>
			</ExposeTarget>
			<Act_ExposeLogicState m_ExposedState="low_threat"/>
        </Selector>
    </SequenceMem>
</BehaviorTree>
