{
    "General,ARMOR,ARMOR DEFENSE,1": "7",
    "General,ARMOR,ARMOR DEFENSE,3": "16",
    "General,ARMOR,ARMOR DEFENSE,5": "200",
    "General,HEALTH,EASY,0": "0.75",
    "General,HEALTH,NORMAL,0": "1.00",
    "General,HEALTH,HARD,0": "1.50",
    "General,EXPERIENCE,NIGHT EXPERIENCE,1": "1.50",
    "General,EXPERIENCE,NIGHT EXPERIENCE,3": "5.50",
    "General,EXPERIENCE,NIGHT EXPERIENCE,5": "2.00",
    "General,EXPERIENCE,NIGHT EXPERIENCE,7": "25",
    "General,TIMESCALE,TIMESCALE,1": "8200.00",
    "General,TIMESCALE,TIMESCALE,3": "8200.00",
    "General,TIMESCALE,TIMESCALE,5": "8640.00",
    "General,CAMERA,CAMERA,1": "70.00",
    "General,CAMERA,CAMERA,3": "6.00",
    "General,GAMEPLAY EFFECTS,SLOWMO,1": "0.80",
    "General,GAMEPLAY EFFECTS,SLOWMO,3": "30.00",
    "General,GAMEPLAY EFFECTS,XRAY,0": "0.80",
    "General,PARKOUR,ZIPLINE,1": "8.00",
    "General,PARKOUR,ZIPLINE,3": "15.00",
    "DIFFICULTY,DIFFICULTY SETTINGS,GENERAL SETTINGS,1": "0.00",
    "DIFFICULTY,DIFFICULTY SETTINGS,GENERAL SETTINGS,3": "0.00",
    "DIFFICULTY,DIFFICULTY SETTINGS,GENERAL SETTINGS,5": "0.00",
    "DIFFICULTY,DIFFICULTY SETTINGS,GENERAL SETTINGS,7": "0.00",
    "DIFFICULTY,PLAYER DMG MULTIPLIERS,GENERAL MODIFIER,0": "0.55",
    "DIFFICULTY,PLAYER DMG MULTIPLIERS,GENERAL MODIFIER,1": "1.60",
    "DIFFICULTY,PLAYER DMG MULTIPLIERS,PLAYER DAMAGE MULTIPLIERS,1": "2.00",
    "DIFFICULTY,PLAYER DMG MULTIPLIERS,PLAYER DAMAGE MULTIPLIERS,3": "5.00",
    "DIFFICULTY,SINGLE PLAYER,EASY,0": "1.50",
    "DIFFICULTY,SINGLE PLAYER,EASY,1": "1.20",
    "DIFFICULTY,SINGLE PLAYER,EASY,2": "1.20",
    "DIFFICULTY,SINGLE PLAYER,NORMAL,0": "1.60",
    "DIFFICULTY,SINGLE PLAYER,NORMAL,1": "1.10",
    "DIFFICULTY,SINGLE PLAYER,NORMAL,2": "1.10",
    "DIFFICULTY,SINGLE PLAYER,HARD,0": "1.70",
    "DIFFICULTY,SINGLE PLAYER,HARD,1": "1.00",
    "DIFFICULTY,SINGLE PLAYER,HARD,2": "1.00",
    "DIFFICULTY,2 PLAYER COOP,EASY,0": "1.60",
    "DIFFICULTY,2 PLAYER COOP,EASY,1": "1.20",
    "DIFFICULTY,2 PLAYER COOP,EASY,2": "1.20",
    "DIFFICULTY,2 PLAYER COOP,NORMAL,0": "1.70",
    "DIFFICULTY,2 PLAYER COOP,NORMAL,1": "1.15",
    "DIFFICULTY,2 PLAYER COOP,NORMAL,2": "1.15",
    "DIFFICULTY,2 PLAYER COOP,HARD,0": "1.80",
    "DIFFICULTY,2 PLAYER COOP,HARD,1": "1.10",
    "DIFFICULTY,2 PLAYER COOP,HARD,2": "1.10",
    "DIFFICULTY,3 PLAYER COOP,EASY,0": "1.75",
    "DIFFICULTY,3 PLAYER COOP,EASY,1": "1.10",
    "DIFFICULTY,3 PLAYER COOP,EASY,2": "1.10",
    "DIFFICULTY,3 PLAYER COOP,NORMAL,0": "1.85",
    "DIFFICULTY,3 PLAYER COOP,NORMAL,1": "1.05",
    "DIFFICULTY,3 PLAYER COOP,NORMAL,2": "1.05",
    "DIFFICULTY,3 PLAYER COOP,HARD,0": "1.95",
    "DIFFICULTY,3 PLAYER COOP,HARD,1": "1.00",
    "DIFFICULTY,3 PLAYER COOP,HARD,2": "1.00",
    "DIFFICULTY,4 PLAYER COOP,EASY,0": "1.85",
    "DIFFICULTY,4 PLAYER COOP,EASY,1": "1.20",
    "DIFFICULTY,4 PLAYER COOP,EASY,2": "1.20",
    "DIFFICULTY,4 PLAYER COOP,NORMAL,0": "2.00",
    "DIFFICULTY,4 PLAYER COOP,NORMAL,1": "1.10",
    "DIFFICULTY,4 PLAYER COOP,NORMAL,2": "1.10",
    "DIFFICULTY,4 PLAYER COOP,HARD,0": "2.10",
    "DIFFICULTY,4 PLAYER COOP,HARD,1": "1.00",
    "DIFFICULTY,4 PLAYER COOP,HARD,2": "1.00",
    "AI Settings,INFECTED DAMAGE,INFECTED DAMAGE,1": "20%-30% of MaxHealth",
    "AI Settings,INFECTED DAMAGE,INFECTED DAMAGE,2": "20%-50% of MaxHealth",
    "AI Settings,INFECTED DAMAGE,INFECTED DAMAGE,4": "25%-40% of MaxHealth",
    "AI Settings,AI BEHAVIOR,BITER MOVEMENT,1": "\"biter_level_walker\"",
    "AI Settings,AI BEHAVIOR,BITER MOVEMENT,3": "\"biter_level_runner\"",
    "AI Settings,AI BEHAVIOR,BITER MOVEMENT,5": "\"biter_level_runner\"",
    "AI Settings,AI BEHAVIOR,BITER CLIMBING,1": "\"biter\"",
    "AI Settings,AI BEHAVIOR,BITER CLIMBING,3": "\"biter_ultimate\"",
    "AI Settings,AI BEHAVIOR,BITER CLIMBING,5": "\"biter_ultimate\"",
    "AI Settings,AI BEHAVIOR,GOON MOVEMENT,1": "\"m_goon_runner\"",
    "AI Settings,AI BEHAVIOR,Human Grouping System,1": "12.00",
    "AI Settings,DAMAGE SYSTEM,HUMAN - HEADS,1": "10.00",
    "AI Settings,DAMAGE SYSTEM,HUMAN - HEADS,3": "10.00",
    "AI Settings,DAMAGE SYSTEM,HUMAN - HEADS,5": "10.00",
    "AI Settings,DAMAGE SYSTEM,HUMAN - HEADS,7": "0.50",
    "AI Settings,DAMAGE SYSTEM,HUMAN - HEADS,9": "10.00",
    "AI Settings,DAMAGE SYSTEM,HUMAN - HEADS,11": "0.40",
    "AI Settings,DAMAGE SYSTEM,HUMAN - HEAD Min Hits,1": "0",
    "AI Settings,DAMAGE SYSTEM,HUMAN - HEAD Min Hits,3": "1",
    "AI Settings,DAMAGE SYSTEM,INFECTED,1": "40",
    "AI Settings,DAMAGE SYSTEM,INFECTED,3": "true",
    "AI Settings,DAMAGE SYSTEM,INFECTED,5": "70",
    "AI Settings,DAMAGE SYSTEM,INFECTED,7": "false",
    "AI Settings,DAMAGE SYSTEM,INFECTED,9": "70",
    "AI Settings,DAMAGE SYSTEM,INFECTED,11": "false",
    "AI Settings,DAMAGE SYSTEM,BITERS,1": "40",
    "AI Settings,DAMAGE SYSTEM,BITERS,3": "true",
    "AI Settings,DAMAGE SYSTEM,BITERS,5": "90",
    "AI Settings,DAMAGE SYSTEM,BITERS,7": "false",
    "AI Settings,DAMAGE SYSTEM,BITERS,9": "75",
    "AI Settings,DAMAGE SYSTEM,BITERS,11": "false",
    "AI Settings,DAMAGE SYSTEM,VIRALS,1": "40",
    "AI Settings,DAMAGE SYSTEM,VIRALS,3": "true",
    "AI Settings,DAMAGE SYSTEM,VIRALS,5": "80",
    "AI Settings,DAMAGE SYSTEM,VIRALS,7": "false",
    "AI Settings,DAMAGE SYSTEM,VIRALS,9": "40",
    "AI Settings,DAMAGE SYSTEM,VIRALS,11": "true",
    "AI Settings,AI WEAPON DROP LOGIC,ALL FACTIONS,1": "\"0\"",
    "AI Settings,AI WEAPON DROP LOGIC,ALL FACTIONS,3": "\"0\"",
    "AI Settings,AI WEAPON DROP LOGIC,ALL FACTIONS,5": "\"0\"",
    "AI Settings,AI WEAPON DROP LOGIC,RENEGADES,1": "\"1\"",
    "AI Settings,AI WEAPON DROP LOGIC,RENEGADES,3": "\"1\"",
    "AI Settings,AI WEAPON DROP LOGIC,RENEGADES,5": "\"1\"",
    "AI Settings,AI WEAPON DROP LOGIC,PEACEKEEPERS,1": "\"0\"",
    "AI Settings,AI WEAPON DROP LOGIC,PEACEKEEPERS,3": "\"0\"",
    "AI Settings,AI WEAPON DROP LOGIC,PEACEKEEPERS,5": "\"0\"",
    "AI Settings,AI WEAPON DROP LOGIC,COLONEL,1": "\"1\"",
    "AI Settings,AI WEAPON DROP LOGIC,COLONEL,3": "\"1\"",
    "AI Settings,AI WEAPON DROP LOGIC,COLONEL,5": "\"1\"",
    "AI Settings,AI WEAPON DROP LOGIC,BANDITS,1": "\"1\"",
    "AI Settings,AI WEAPON DROP LOGIC,BANDITS,3": "\"1\"",
    "AI Settings,AI WEAPON DROP LOGIC,BANDITS,5": "\"1\"",
    "AI Settings,AI WEAPON DROP LOGIC,SURVIVORS,1": "\"0\"",
    "AI Settings,AI WEAPON DROP LOGIC,SURVIVORS,3": "\"0\"",
    "AI Settings,AI WEAPON DROP LOGIC,SURVIVORS,5": "\"0\"",
    "AI Settings,AI FALL HEIGHT,General,1": "25.00",
    "AI Settings,AI FALL HEIGHT,HUMANS,1": "25.00",
    "AI Settings,AI FALL HEIGHT,HUMANS,2": "10.00",
    "AI Settings,AI FALL HEIGHT,HUMANS,3": "50.00",
    "AI Settings,AI FALL HEIGHT,INFECTED,1": "55.00",
    "AI Settings,AI FALL HEIGHT,INFECTED,2": "5.00",
    "AI Settings,AI FALL HEIGHT,INFECTED,3": "50.00",
    "AI Settings,AI FALL HEIGHT,LARGE INFECTED (GOONS, DEMO),1": "75.00",
    "AI Settings,AI FALL HEIGHT,LARGE INFECTED (GOONS, DEMO),2": "10.00",
    "AI Settings,AI FALL HEIGHT,LARGE INFECTED (GOONS, DEMO),3": "75.00",
    "AI Settings,AI FALL HEIGHT,VOLATILES,1": "100.00",
    "AI Settings,AI FALL HEIGHT,VOLATILES,2": "10.00",
    "AI Settings,AI FALL HEIGHT,VOLATILES,3": "49.00",
    "AI Settings,AI FALL HEIGHT,ALPHA ZOMBIE,0": "100.00",
    "AI Settings,AI FALL HEIGHT,ALPHA ZOMBIE,1": "150.00",
    "World Spawns,PERFORMANCE,PERFORCEMANCE SETTINGS,1": "120",
    "World Spawns,PERFORMANCE,PERFORCEMANCE SETTINGS,3": "24",
    "World Spawns,PERFORMANCE,PERFORCEMANCE SETTINGS,5": "40",
    "World Spawns,PERFORMANCE,PERFORCEMANCE SETTINGS,7": "80",
    "World Spawns,PERFORMANCE,PERFORCEMANCE SETTINGS,9": "55",
    "World Spawns,PERFORMANCE,PERFORCEMANCE SETTINGS,11": "90",
    "World Spawns,SPECIAL INFECTED,SPECIAL INFECTED,1": "200.00",
    "World Spawns,SPECIAL INFECTED,SPECIAL INFECTED,3": "250.00",
    "World Spawns,DAYTIME SPAWNS,ROOFTOP WORLD SPAWNS,0": "100",
    "World Spawns,DAYTIME SPAWNS,EASY,1": "5",
    "World Spawns,DAYTIME SPAWNS,EASY,2": "12",
    "World Spawns,DAYTIME SPAWNS,EASY,4": "2.00",
    "World Spawns,DAYTIME SPAWNS,EASY,5": "2.50",
    "World Spawns,DAYTIME SPAWNS,EASY,7": "4.00",
    "World Spawns,DAYTIME SPAWNS,MEDIUM,1": "5",
    "World Spawns,DAYTIME SPAWNS,MEDIUM,2": "20",
    "World Spawns,DAYTIME SPAWNS,MEDIUM,4": "3.00",
    "World Spawns,DAYTIME SPAWNS,MEDIUM,5": "10.50",
    "World Spawns,DAYTIME SPAWNS,MEDIUM,7": "4.50",
    "World Spawns,DAYTIME SPAWNS,HARD,1": "5",
    "World Spawns,DAYTIME SPAWNS,HARD,2": "55",
    "World Spawns,DAYTIME SPAWNS,HARD,4": "2.00",
    "World Spawns,DAYTIME SPAWNS,HARD,5": "10.50",
    "World Spawns,DAYTIME SPAWNS,HARD,7": "3.50",
    "World Spawns,DAYTIME SPAWNS,VERY HARD,1": "10",
    "World Spawns,DAYTIME SPAWNS,VERY HARD,2": "55",
    "World Spawns,DAYTIME SPAWNS,VERY HARD,4": "2.00",
    "World Spawns,DAYTIME SPAWNS,VERY HARD,5": "10.50",
    "World Spawns,DAYTIME SPAWNS,VERY HARD,7": "2.00",
    "World Spawns,DAYTIME SPAWNS,PARKS,1": "25",
    "World Spawns,DAYTIME SPAWNS,PARKS,2": "50",
    "World Spawns,DAYTIME SPAWNS,PARKS,4": "2.00",
    "World Spawns,DAYTIME SPAWNS,PARKS,5": "10.50",
    "World Spawns,DAYTIME SPAWNS,PARKS,7": "3.00",
    "World Spawns,DAYTIME SPAWNS,OUTSIDE OF BASES,1": "10",
    "World Spawns,DAYTIME SPAWNS,OUTSIDE OF BASES,2": "35",
    "World Spawns,DAYTIME SPAWNS,OUTSIDE OF BASES,3": "10",
    "World Spawns,DAYTIME SPAWNS,OUTSIDE OF BASES,4": "45",
    "World Spawns,DAYTIME SPAWNS,OUTSIDE OF BASES,5": "10",
    "World Spawns,DAYTIME SPAWNS,OUTSIDE OF BASES,6": "15",
    "World Spawns,DAYTIME SPAWNS,OUTSIDE OF BASES,8": "1.50",
    "World Spawns,DAYTIME SPAWNS,OUTSIDE OF BASES,9": "2.50",
    "World Spawns,DAYTIME SPAWNS,OUTSIDE OF BASES,11": "2.00",
    "World Spawns,DAYTIME SPAWNS,DARK SPACES,1": "1",
    "World Spawns,DAYTIME SPAWNS,DARK SPACES,2": "25",
    "World Spawns,DAYTIME SPAWNS,DARK SPACES,4": "2.00",
    "World Spawns,DAYTIME SPAWNS,DARK SPACES,5": "10.50",
    "World Spawns,DAYTIME SPAWNS,DARK SPACES,7": "5.00",
    "World Spawns,DAYTIME SPAWNS,SWAMP BIOME,1": "25",
    "World Spawns,DAYTIME SPAWNS,SWAMP BIOME,2": "120",
    "World Spawns,DAYTIME SPAWNS,SWAMP BIOME,3": "55",
    "World Spawns,DAYTIME SPAWNS,SWAMP BIOME,4": "120",
    "World Spawns,DAYTIME SPAWNS,SWAMP BIOME,5": "75",
    "World Spawns,DAYTIME SPAWNS,SWAMP BIOME,6": "120",
    "World Spawns,DAYTIME SPAWNS,SWAMP BIOME,8": "1.00",
    "World Spawns,DAYTIME SPAWNS,SWAMP BIOME,9": "3.50",
    "World Spawns,DAYTIME SPAWNS,SWAMP BIOME,11": "3.00",
    "World Spawns,DAYTIME SPAWNS,INTERIORS - DAYTIME,0": "50",
    "World Spawns,DAYTIME SPAWNS,INTERIORS - DAYTIME,1": "100",
    "World Spawns,DAYTIME SPAWNS,INTERIORS - DAYTIME,2": "75",
    "World Spawns,DAYTIME SPAWNS,INTERIORS - DAYTIME,3": "125",
    "World Spawns,DAYTIME SPAWNS,INTERIORS - DAYTIME,4": "75",
    "World Spawns,DAYTIME SPAWNS,INTERIORS - DAYTIME,5": "165",
    "World Spawns,NIGHT SPAWNS,OPEN WORLD - NIGHTTIME,1": "3.50",
    "World Spawns,NIGHT SPAWNS,OPEN WORLD - NIGHTTIME,3": "4.00",
    "World Spawns,NIGHT SPAWNS,OPEN WORLD - NIGHTTIME,5": "3.50",
    "World Spawns,NIGHT SPAWNS,OPEN WORLD - NIGHTTIME,7": "2.00",
    "World Spawns,NIGHT SPAWNS,OPEN WORLD - NIGHTTIME,9": "2.00",
    "World Spawns,NIGHT SPAWNS,OPEN WORLD - NIGHTTIME,11": "2.00",
    "World Spawns,NIGHT SPAWNS,INTERIORS - NIGHTTIME,1": "2",
    "World Spawns,NIGHT SPAWNS,INTERIORS - NIGHTTIME,3": "4",
    "World Spawns,NIGHT SPAWNS,INTERIORS - NIGHTTIME,5": "4",
    "World Spawns,NIGHT SPAWNS,INTERIORS - NIGHTTIME,7": "4",
    "World Spawns,NIGHT SPAWNS,INTERIORS - NIGHTTIME,9": "2",
    "World Spawns,NIGHT SPAWNS,INTERIORS - NIGHTTIME,11": "4",
    "World Spawns,SPAWN LEVELS,AI SPAWN SETTINGS BY ZONE,0": "1",
    "World Spawns,SPAWN LEVELS,AI SPAWN SETTINGS BY ZONE,1": "4",
    "World Spawns,SPAWN LEVELS,AI SPAWN SETTINGS BY ZONE,2": "2",
    "World Spawns,SPAWN LEVELS,AI SPAWN SETTINGS BY ZONE,3": "9",
    "World Spawns,SPAWN LEVELS,AI SPAWN SETTINGS BY ZONE,4": "5",
    "World Spawns,SPAWN LEVELS,AI SPAWN SETTINGS BY ZONE,5": "9",
    "World Spawns,SPAWN LEVELS,AI SPAWN SETTINGS BY ZONE,6": "5",
    "World Spawns,SPAWN LEVELS,AI SPAWN SETTINGS BY ZONE,7": "9",
    "World Spawns,SPAWN TIERS,AI DIFFICULTY TIERS,0": "\"Tier_1\"",
    "World Spawns,SPAWN TIERS,AI DIFFICULTY TIERS,1": "\"Tier_3\"",
    "World Spawns,SPAWN TIERS,AI DIFFICULTY TIERS,2": "\"Tier_2\"",
    "World Spawns,SPAWN TIERS,AI DIFFICULTY TIERS,3": "\"Tier_4\"",
    "World Spawns,SPAWN TIERS,AI DIFFICULTY TIERS,4": "\"Tier_3\"",
    "World Spawns,SPAWN TIERS,AI DIFFICULTY TIERS,5": "\"Tier_5\"",
    "World Spawns,SPAWN TIERS,AI DIFFICULTY TIERS,6": "\"Tier_4\"",
    "World Spawns,SPAWN TIERS,AI DIFFICULTY TIERS,7": "\"Tier_6\"",
    "World Spawns,SPAWN TIERS,AI DIFFICULTY TIERS,8": "\"Tier_5\"",
    "World Spawns,SPAWN TIERS,AI DIFFICULTY TIERS,9": "\"Tier_7\"",
    "World Spawns,SPAWN TIERS,AI DIFFICULTY TIERS,10": "\"Tier_6\"",
    "World Spawns,SPAWN TIERS,AI DIFFICULTY TIERS,11": "\"Tier_8\"",
    "World Spawns,SPAWN TIERS,AI DIFFICULTY TIERS,12": "\"Tier_7\"",
    "World Spawns,SPAWN TIERS,AI DIFFICULTY TIERS,13": "\"Tier_9\"",
    "World Spawns,SPAWN TIERS,AI DIFFICULTY TIERS,14": "\"Tier_8\"",
    "World Spawns,SPAWN TIERS,AI DIFFICULTY TIERS,15": "\"Tier_9\"",
    "World Spawns,SPAWN TIERS,AI DIFFICULTY TIERS,16": "\"Tier_9\"",
    "World Spawns,SPAWN TIERS,AI DIFFICULTY TIERS,17": "\"Tier_9\"",
    "World Spawns,INFECTED TIERS,INFECTED Difficulty Tiers Settings,0": "\"Tier_1\"",
    "World Spawns,INFECTED TIERS,INFECTED Difficulty Tiers Settings,1": "\"Tier_3\"",
    "World Spawns,INFECTED TIERS,INFECTED Difficulty Tiers Settings,2": "\"Tier_4\"",
    "World Spawns,INFECTED TIERS,INFECTED Difficulty Tiers Settings,3": "\"Tier_9\"",
    "World Spawns,INFECTED TIERS,INFECTED Difficulty Tiers Settings,4": "\"Tier_5\"",
    "World Spawns,INFECTED TIERS,INFECTED Difficulty Tiers Settings,5": "\"Tier_9\"",
    "World Spawns,INFECTED TIERS,INFECTED Difficulty Tiers Settings,6": "\"Tier_5\"",
    "World Spawns,INFECTED TIERS,INFECTED Difficulty Tiers Settings,7": "\"Tier_9\"",
    "World Spawns,INFECTED TIERS,INFECTED Difficulty Tiers Settings,8": "\"Tier_6\"",
    "World Spawns,INFECTED TIERS,INFECTED Difficulty Tiers Settings,9": "\"Tier_9\"",
    "World Spawns,INFECTED TIERS,INFECTED ENDGAME Difficulty Tiers Settings,0": "\"Tier_6\"",
    "World Spawns,INFECTED TIERS,INFECTED ENDGAME Difficulty Tiers Settings,1": "\"Tier_9\"",
    "World Spawns,INFECTED TIERS,INFECTED ENDGAME Difficulty Tiers Settings,2": "\"Tier_7\"",
    "World Spawns,INFECTED TIERS,INFECTED ENDGAME Difficulty Tiers Settings,3": "\"Tier_9\"",
    "World Spawns,INFECTED TIERS,INFECTED ENDGAME Difficulty Tiers Settings,4": "\"Tier_8\"",
    "World Spawns,INFECTED TIERS,INFECTED ENDGAME Difficulty Tiers Settings,5": "\"Tier_9\"",
    "World Spawns,INFECTED TIERS,INFECTED ENDGAME Difficulty Tiers Settings,6": "\"Tier_8\"",
    "World Spawns,INFECTED TIERS,INFECTED ENDGAME Difficulty Tiers Settings,7": "\"Tier_9\"",
    "World Spawns,INFECTED TIERS,INFECTED ENDGAME Difficulty Tiers Settings,8": "\"Tier_8\"",
    "World Spawns,INFECTED TIERS,INFECTED ENDGAME Difficulty Tiers Settings,9": "\"Tier_9\"",
    "World Spawns,INFECTED TIERS,INFECTED ENDGAME Difficulty Tiers Settings,10": "\"Tier_8\"",
    "World Spawns,INFECTED TIERS,INFECTED ENDGAME Difficulty Tiers Settings,11": "\"Tier_9\"",
    "World Spawns,ENCOUNTER TIERS,HUMAN GANG Difficulty Tiers Settings,0": "\"Tier_5\"",
    "World Spawns,ENCOUNTER TIERS,HUMAN GANG Difficulty Tiers Settings,1": "\"Tier_9\"",
    "World Spawns,ENCOUNTER TIERS,HUMAN GANG Difficulty Tiers Settings,2": "\"Tier_5\"",
    "World Spawns,ENCOUNTER TIERS,HUMAN GANG Difficulty Tiers Settings,3": "\"Tier_9\"",
    "World Spawns,ENCOUNTER TIERS,HUMAN GANG Difficulty Tiers Settings,4": "\"Tier_5\"",
    "World Spawns,ENCOUNTER TIERS,HUMAN GANG Difficulty Tiers Settings,5": "\"Tier_9\"",
    "World Spawns,ENCOUNTER TIERS,HUMAN GANG Difficulty Tiers Settings,6": "\"Tier_5\"",
    "World Spawns,ENCOUNTER TIERS,HUMAN GANG Difficulty Tiers Settings,7": "\"Tier_9\"",
    "World Spawns,ENCOUNTER TIERS,HUMAN GANG Difficulty Tiers Settings,8": "\"Tier_5\"",
    "World Spawns,ENCOUNTER TIERS,HUMAN GANG Difficulty Tiers Settings,9": "\"Tier_9\"",
    "World Spawns,ENCOUNTER TIERS,HUMAN GANG Difficulty Tiers Settings,10": "\"Tier_5\"",
    "World Spawns,ENCOUNTER TIERS,HUMAN GANG Difficulty Tiers Settings,11": "\"Tier_9\"",
    "DYNAMIC SPAWNS,BANDITS,BANDITS,1": "4",
    "DYNAMIC SPAWNS,BANDITS,BANDITS,3": "4",
    "DYNAMIC SPAWNS,BANDITS,BANDITS,5": "6",
    "DYNAMIC SPAWNS,BANDITS,BANDITS,7": "4",
    "DYNAMIC SPAWNS,BANDITS,BANDITS,9": "4",
    "DYNAMIC SPAWNS,BANDITS,BANDITS,11": "6",
    "DYNAMIC SPAWNS,BANDITS,BANDITS,13": "4",
    "DYNAMIC SPAWNS,BANDITS,BANDITS,15": "4",
    "DYNAMIC SPAWNS,BANDITS,BANDITS,17": "6",
    "DYNAMIC SPAWNS,SURVIVORS,SURVIVORS,1": "2",
    "DYNAMIC SPAWNS,SURVIVORS,SURVIVORS,3": "2",
    "DYNAMIC SPAWNS,SURVIVORS,SURVIVORS,5": "6",
    "DYNAMIC SPAWNS,SURVIVORS,SURVIVORS,7": "2",
    "DYNAMIC SPAWNS,SURVIVORS,SURVIVORS,9": "2",
    "DYNAMIC SPAWNS,SURVIVORS,SURVIVORS,11": "6",
    "DYNAMIC SPAWNS,SURVIVORS,SURVIVORS,13": "2",
    "DYNAMIC SPAWNS,SURVIVORS,SURVIVORS,15": "2",
    "DYNAMIC SPAWNS,SURVIVORS,SURVIVORS,17": "6",
    "DYNAMIC SPAWNS,RENEGADES,RENEGADES,1": "4",
    "DYNAMIC SPAWNS,RENEGADES,RENEGADES,3": "4",
    "DYNAMIC SPAWNS,RENEGADES,RENEGADES,5": "6",
    "DYNAMIC SPAWNS,PEACEKEEPERS,PEACEKEEPERS,1": "4",
    "DYNAMIC SPAWNS,PEACEKEEPERS,PEACEKEEPERS,3": "4",
    "DYNAMIC SPAWNS,PEACEKEEPERS,PEACEKEEPERS,5": "6",
    "DYNAMIC SPAWNS,PEACEKEEPERS,PEACEKEEPERS,7": "4",
    "DYNAMIC SPAWNS,PEACEKEEPERS,PEACEKEEPERS,9": "4",
    "DYNAMIC SPAWNS,PEACEKEEPERS,PEACEKEEPERS,11": "6",
    "DYNAMIC SPAWNS,PEACEKEEPERS,PEACEKEEPERS,13": "4",
    "DYNAMIC SPAWNS,PEACEKEEPERS,PEACEKEEPERS,15": "4",
    "DYNAMIC SPAWNS,PEACEKEEPERS,PEACEKEEPERS,17": "6",
    "DYNAMIC SPAWNS,PEACEKEEPERS,PEACEKEEPERS,19": "4",
    "DYNAMIC SPAWNS,PEACEKEEPERS,PEACEKEEPERS,21": "4",
    "DYNAMIC SPAWNS,PEACEKEEPERS,PEACEKEEPERS,23": "6",
    "Scream Spawns,HOWLER SCREAM,HOWLER SETTINGS,0": "true",
    "Scream Spawns,HOWLER SCREAM,HOWLER SETTINGS,1": "1.00",
    "Scream Spawns,HOWLER SCREAM,HOWLER SETTINGS,2": "8.00",
    "Scream Spawns,HOWLER SCREAM,HOWLER SETTINGS,3": "4.00",
    "Scream Spawns,HOWLER SCREAM,SPAWN TYPE 01,0": "\"Viral_Gastank\"",
    "Scream Spawns,HOWLER SCREAM,SPAWN TYPE 01,1": "0",
    "Scream Spawns,HOWLER SCREAM,SPAWN TYPE 01,2": "2",
    "Scream Spawns,HOWLER SCREAM,SPAWN TYPE 02,0": "\"Viral_Fresh_PeaceKeeper\"",
    "Scream Spawns,HOWLER SCREAM,SPAWN TYPE 02,1": "0",
    "Scream Spawns,HOWLER SCREAM,SPAWN TYPE 02,2": "1",
    "Scream Spawns,HOWLER SCREAM,SPAWN TYPE 03,0": "\"Viral_Fresh_Renegade\"",
    "Scream Spawns,HOWLER SCREAM,SPAWN TYPE 03,1": "0",
    "Scream Spawns,HOWLER SCREAM,SPAWN TYPE 03,2": "1",
    "Scream Spawns,HOWLER SCREAM,SPAWN TYPE 04,0": "\"Viral_Chase\"",
    "Scream Spawns,HOWLER SCREAM,SPAWN TYPE 04,1": "3",
    "Scream Spawns,HOWLER SCREAM,SPAWN TYPE 04,2": "8",
    "Scream Spawns,HOWLER SCREAM,SPAWN TYPE 05,0": "\"Biter_Military_Gasmask\"",
    "Scream Spawns,HOWLER SCREAM,SPAWN TYPE 05,1": "0",
    "Scream Spawns,HOWLER SCREAM,SPAWN TYPE 05,2": "2",
    "Scream Spawns,HOWLER SCREAM,SPAWN TYPE 06,0": "\"Screamer\"",
    "Scream Spawns,HOWLER SCREAM,SPAWN TYPE 06,1": "0",
    "Scream Spawns,HOWLER SCREAM,SPAWN TYPE 06,2": "2",
    "Scream Spawns,HOWLER SCREAM,SPAWN TYPE 07,0": "\"Spitter_Enraged\"",
    "Scream Spawns,HOWLER SCREAM,SPAWN TYPE 07,1": "0",
    "Scream Spawns,HOWLER SCREAM,SPAWN TYPE 07,2": "2",
    "Scream Spawns,HOWLER SCREAM,SPAWN TYPE 08,0": "\"Banshee\"",
    "Scream Spawns,HOWLER SCREAM,SPAWN TYPE 08,1": "0",
    "Scream Spawns,HOWLER SCREAM,SPAWN TYPE 08,2": "2",
    "Scream Spawns,HOWLER SCREAM,SPAWN TYPE 09,0": "\"Volatile_Patrol\"",
    "Scream Spawns,HOWLER SCREAM,SPAWN TYPE 09,1": "1",
    "Scream Spawns,HOWLER SCREAM,SPAWN TYPE 09,2": "2",
    "Scream Spawns,HOWLER SCREAM,SPAWN TYPE 10,0": "\"GRE_Volatile\"",
    "Scream Spawns,HOWLER SCREAM,SPAWN TYPE 10,1": "0",
    "Scream Spawns,HOWLER SCREAM,SPAWN TYPE 10,2": "1",
    "Scream Spawns,HOWLER SCREAM,SPAWN TYPE 11,0": "\"Volatile_Chase\"",
    "Scream Spawns,HOWLER SCREAM,SPAWN TYPE 11,1": "0",
    "Scream Spawns,HOWLER SCREAM,SPAWN TYPE 11,2": "3",
    "Scream Spawns,HOWLER SCREAM,SPAWN TYPE 12,0": "\"Viral_Fresh_PeaceKeeper\"",
    "Scream Spawns,HOWLER SCREAM,SPAWN TYPE 12,1": "0",
    "Scream Spawns,HOWLER SCREAM,SPAWN TYPE 12,2": "1",
    "Scream Spawns,HOWLER SCREAM,SPAWN TYPE 13,0": "\"Biter_Thug\"",
    "Scream Spawns,HOWLER SCREAM,SPAWN TYPE 13,1": "0",
    "Scream Spawns,HOWLER SCREAM,SPAWN TYPE 13,2": "1",
    "Scream Spawns,HOWLER SCREAM,SPAWN TYPE 14,0": "\"Biter_Enraged_Woman_Crawler\"",
    "Scream Spawns,HOWLER SCREAM,SPAWN TYPE 14,1": "0",
    "Scream Spawns,HOWLER SCREAM,SPAWN TYPE 14,2": "1",
    "Scream Spawns,HOWLER SCREAM,SPAWN TYPE 15,0": "\"Biter_Enraged_Crawler_Venomous\"",
    "Scream Spawns,HOWLER SCREAM,SPAWN TYPE 15,1": "0",
    "Scream Spawns,HOWLER SCREAM,SPAWN TYPE 15,2": "1",
    "Scream Spawns,HOWLER SCREAM,SPAWN TYPE 16,0": "\"Volatile_Chase\"",
    "Scream Spawns,HOWLER SCREAM,SPAWN TYPE 16,1": "0",
    "Scream Spawns,HOWLER SCREAM,SPAWN TYPE 16,2": "1",
    "Scream Spawns,HOWLER SCREAM,SPAWN TYPE 17,0": "\"Spitter_Enraged\"",
    "Scream Spawns,HOWLER SCREAM,SPAWN TYPE 17,1": "0",
    "Scream Spawns,HOWLER SCREAM,SPAWN TYPE 17,2": "1",
    "Scream Spawns,HOWLER SCREAM,SPAWN TYPE 18,0": "\"Spitter\"",
    "Scream Spawns,HOWLER SCREAM,SPAWN TYPE 18,1": "0",
    "Scream Spawns,HOWLER SCREAM,SPAWN TYPE 18,2": "1",
    "Scream Spawns,HOWLER SCREAM,SPAWN TYPE 19,0": "\"Banshee_Stalker\"",
    "Scream Spawns,HOWLER SCREAM,SPAWN TYPE 19,1": "0",
    "Scream Spawns,HOWLER SCREAM,SPAWN TYPE 19,2": "1",
    "Scream Spawns,HOWLER SCREAM,SPAWN TYPE 20,0": "\"Spitter_Vomit\"",
    "Scream Spawns,HOWLER SCREAM,SPAWN TYPE 20,1": "0",
    "Scream Spawns,HOWLER SCREAM,SPAWN TYPE 20,2": "1",
    "Scream Spawns,VOLATILE SCREAM,VOLATILE SETTINGS,0": "true",
    "Scream Spawns,VOLATILE SCREAM,VOLATILE SETTINGS,1": "0.90",
    "Scream Spawns,VOLATILE SCREAM,VOLATILE SETTINGS,2": "6.00",
    "Scream Spawns,VOLATILE SCREAM,VOLATILE SETTINGS,3": "1.00",
    "Scream Spawns,VOLATILE SCREAM,SPAWN TYPE 1,0": "\"Volatile_Chase\"",
    "Scream Spawns,VOLATILE SCREAM,SPAWN TYPE 1,1": "0",
    "Scream Spawns,VOLATILE SCREAM,SPAWN TYPE 1,2": "3",
    "Scream Spawns,VOLATILE SCREAM,SPAWN TYPE 2,0": "\"Banshee\"",
    "Scream Spawns,VOLATILE SCREAM,SPAWN TYPE 2,1": "0",
    "Scream Spawns,VOLATILE SCREAM,SPAWN TYPE 2,2": "1",
    "Scream Spawns,VOLATILE SCREAM,SPAWN TYPE 3,0": "\"Viral_Fresh_Renegade\"",
    "Scream Spawns,VOLATILE SCREAM,SPAWN TYPE 3,1": "0",
    "Scream Spawns,VOLATILE SCREAM,SPAWN TYPE 3,2": "3",
    "Scream Spawns,VOLATILE SCREAM,SPAWN TYPE 4,0": "\"Viral_Chase\"",
    "Scream Spawns,VOLATILE SCREAM,SPAWN TYPE 4,1": "1",
    "Scream Spawns,VOLATILE SCREAM,SPAWN TYPE 4,2": "3",
    "Scream Spawns,VOLATILE SCREAM,SPAWN TYPE 5,0": "\"Viral_Fresh_PeaceKeeper\"",
    "Scream Spawns,VOLATILE SCREAM,SPAWN TYPE 5,1": "0",
    "Scream Spawns,VOLATILE SCREAM,SPAWN TYPE 5,2": "1",
    "Scream Spawns,VOLATILE SCREAM,SPAWN TYPE 6,0": "\"Viral_Gastank\"",
    "Scream Spawns,VOLATILE SCREAM,SPAWN TYPE 6,1": "0",
    "Scream Spawns,VOLATILE SCREAM,SPAWN TYPE 6,2": "1",
    "Scream Spawns,VOLATILE SCREAM,SPAWN TYPE 7,0": "\"Spitter\"",
    "Scream Spawns,VOLATILE SCREAM,SPAWN TYPE 7,1": "0",
    "Scream Spawns,VOLATILE SCREAM,SPAWN TYPE 7,2": "2",
    "Scream Spawns,VOLATILE SCREAM,SPAWN TYPE 8,0": "\"Biter_Fresh\"",
    "Scream Spawns,VOLATILE SCREAM,SPAWN TYPE 8,1": "1",
    "Scream Spawns,VOLATILE SCREAM,SPAWN TYPE 8,2": "3",
    "Scream Spawns,VOLATILE SCREAM,SPAWN TYPE 9,0": "\"Volatile_Tyrant\"",
    "Scream Spawns,VOLATILE SCREAM,SPAWN TYPE 9,1": "0",
    "Scream Spawns,VOLATILE SCREAM,SPAWN TYPE 9,2": "1",
    "Scream Spawns,VOLATILE SCREAM,SPAWN TYPE 10,0": "\"GRE_Volatile\"",
    "Scream Spawns,VOLATILE SCREAM,SPAWN TYPE 10,1": "0",
    "Scream Spawns,VOLATILE SCREAM,SPAWN TYPE 10,2": "2",
    "Scream Spawns,CHASE INITIAL SPAWN,CHASE,0": "true",
    "Scream Spawns,CHASE INITIAL SPAWN,CHASE,1": "0.80",
    "Scream Spawns,CHASE INITIAL SPAWN,CHASE,2": "3.00",
    "Scream Spawns,CHASE INITIAL SPAWN,CHASE,3": "1.00",
    "Scream Spawns,CHASE INITIAL SPAWN,SPAWN TYPE 1,0": "\"Goon\"",
    "Scream Spawns,CHASE INITIAL SPAWN,SPAWN TYPE 1,1": "0",
    "Scream Spawns,CHASE INITIAL SPAWN,SPAWN TYPE 1,2": "1",
    "Scream Spawns,CHASE INITIAL SPAWN,SPAWN TYPE 2,0": "\"Demolisher\"",
    "Scream Spawns,CHASE INITIAL SPAWN,SPAWN TYPE 2,1": "0",
    "Scream Spawns,CHASE INITIAL SPAWN,SPAWN TYPE 2,2": "1",
    "Scream Spawns,CHASE INITIAL SPAWN,SPAWN TYPE 3,0": "\"Spitter\"",
    "Scream Spawns,CHASE INITIAL SPAWN,SPAWN TYPE 3,1": "0",
    "Scream Spawns,CHASE INITIAL SPAWN,SPAWN TYPE 3,2": "1",
    "Scream Spawns,CHASE INITIAL SPAWN,SPAWN TYPE 4,0": "\"Screamer\"",
    "Scream Spawns,CHASE INITIAL SPAWN,SPAWN TYPE 4,1": "1",
    "Scream Spawns,CHASE INITIAL SPAWN,SPAWN TYPE 4,2": "2",
    "Scream Spawns,CHASE INITIAL SPAWN,SPAWN TYPE 5,0": "\"Volatile_Chase\"",
    "Scream Spawns,CHASE INITIAL SPAWN,SPAWN TYPE 5,1": "1",
    "Scream Spawns,CHASE INITIAL SPAWN,SPAWN TYPE 5,2": "3",
    "Scream Spawns,CHASE INITIAL SPAWN,SPAWN TYPE 6,0": "\"Banshee\"",
    "Scream Spawns,CHASE INITIAL SPAWN,SPAWN TYPE 6,1": "0",
    "Scream Spawns,CHASE INITIAL SPAWN,SPAWN TYPE 6,2": "2",
    "Scream Spawns,CHASE INITIAL SPAWN,SPAWN TYPE 7,0": "\"GRE_Volatile\"",
    "Scream Spawns,CHASE INITIAL SPAWN,SPAWN TYPE 7,1": "0",
    "Scream Spawns,CHASE INITIAL SPAWN,SPAWN TYPE 7,2": "2",
    "Scream Spawns,CHASE INITIAL SPAWN,SPAWN TYPE 8,0": "\"Charger\"",
    "Scream Spawns,CHASE INITIAL SPAWN,SPAWN TYPE 8,1": "0",
    "Scream Spawns,CHASE INITIAL SPAWN,SPAWN TYPE 8,2": "1",
    "Scream Spawns,CHASE INITIAL SPAWN,SPAWN TYPE 9,0": "\"Biter\"",
    "Scream Spawns,CHASE INITIAL SPAWN,SPAWN TYPE 9,1": "3",
    "Scream Spawns,CHASE INITIAL SPAWN,SPAWN TYPE 9,2": "7",
    "Scream Spawns,CHASE INITIAL SPAWN,SPAWN TYPE 10,0": "\"Viral_Gastank\"",
    "Scream Spawns,CHASE INITIAL SPAWN,SPAWN TYPE 10,1": "1",
    "Scream Spawns,CHASE INITIAL SPAWN,SPAWN TYPE 10,2": "3",
    "Noise Spawns,DAY HUNTER,Day Hunters,0": "false",
    "Noise Spawns,DAY HUNTER,Day Hunters,1": "0.50",
    "Noise Spawns,DAY HUNTER,Day Hunters,2": "7.00",
    "Noise Spawns,DAY HUNTER,Day Hunters,3": "80.00",
    "Noise Spawns,DAY HUNTER,SPAWN TYPE 1,0": "\"Demolisher\"",
    "Noise Spawns,DAY HUNTER,SPAWN TYPE 1,1": "0",
    "Noise Spawns,DAY HUNTER,SPAWN TYPE 1,2": "1",
    "Noise Spawns,DAY HUNTER,SPAWN TYPE 2,0": "\"Goon\"",
    "Noise Spawns,DAY HUNTER,SPAWN TYPE 2,1": "0",
    "Noise Spawns,DAY HUNTER,SPAWN TYPE 2,2": "1",
    "Noise Spawns,DAY HUNTER,SPAWN TYPE 3,0": "\"Spitter_Vomit\"",
    "Noise Spawns,DAY HUNTER,SPAWN TYPE 3,1": "0",
    "Noise Spawns,DAY HUNTER,SPAWN TYPE 3,2": "1",
    "Noise Spawns,DAY HUNTER,SPAWN TYPE 4,0": "\"Banshee_Stalker\"",
    "Noise Spawns,DAY HUNTER,SPAWN TYPE 4,1": "0",
    "Noise Spawns,DAY HUNTER,SPAWN TYPE 4,2": "1",
    "Noise Spawns,DAY HUNTER,SPAWN TYPE 5,0": "\"Viral_Gastank\"",
    "Noise Spawns,DAY HUNTER,SPAWN TYPE 5,1": "1",
    "Noise Spawns,DAY HUNTER,SPAWN TYPE 5,2": "4",
    "Noise Spawns,DAY HUNTER,SPAWN TYPE 6,0": "\"Biter_Thug\"",
    "Noise Spawns,DAY HUNTER,SPAWN TYPE 6,1": "0",
    "Noise Spawns,DAY HUNTER,SPAWN TYPE 6,2": "2",
    "Noise Spawns,DAY HUNTER,SPAWN TYPE 7,0": "\"Charger\"",
    "Noise Spawns,DAY HUNTER,SPAWN TYPE 7,1": "0",
    "Noise Spawns,DAY HUNTER,SPAWN TYPE 7,2": "1",
    "Noise Spawns,DAY HUNTER,SPAWN TYPE 8,0": "\"Biter\"",
    "Noise Spawns,DAY HUNTER,SPAWN TYPE 8,1": "1",
    "Noise Spawns,DAY HUNTER,SPAWN TYPE 8,2": "5",
    "Noise Spawns,DAY HUNTER,SPAWN TYPE 9,0": "\"Viral_Fresh\"",
    "Noise Spawns,DAY HUNTER,SPAWN TYPE 9,1": "1",
    "Noise Spawns,DAY HUNTER,SPAWN TYPE 9,2": "3",
    "Noise Spawns,DAY HUNTER,SPAWN TYPE 10,0": "\"Volatile_DayStalker\"",
    "Noise Spawns,DAY HUNTER,SPAWN TYPE 10,1": "0",
    "Noise Spawns,DAY HUNTER,SPAWN TYPE 10,2": "1",
    "Noise Spawns,DAY HUNTER,SPAWN TYPE 11,0": "\"Viral_Fresh_Child\"",
    "Noise Spawns,DAY HUNTER,SPAWN TYPE 11,1": "0",
    "Noise Spawns,DAY HUNTER,SPAWN TYPE 11,2": "1",
    "Noise Spawns,DAY HUNTER,SPAWN TYPE 12,0": "\"Spitter_Vomit\"",
    "Noise Spawns,DAY HUNTER,SPAWN TYPE 12,1": "0",
    "Noise Spawns,DAY HUNTER,SPAWN TYPE 12,2": "1",
    "Noise Spawns,DAY HUNTER,SPAWN TYPE 13,0": "\"Biter_Thug\"",
    "Noise Spawns,DAY HUNTER,SPAWN TYPE 13,1": "0",
    "Noise Spawns,DAY HUNTER,SPAWN TYPE 13,2": "1",
    "Noise Spawns,DAY HUNTER,SPAWN TYPE 14,0": "\"Infected_Bandits\"",
    "Noise Spawns,DAY HUNTER,SPAWN TYPE 14,1": "0",
    "Noise Spawns,DAY HUNTER,SPAWN TYPE 14,2": "1",
    "Noise Spawns,DAY HUNTER,SPAWN TYPE 15,0": "\"Biter_Military\"",
    "Noise Spawns,DAY HUNTER,SPAWN TYPE 15,1": "0",
    "Noise Spawns,DAY HUNTER,SPAWN TYPE 15,2": "1",
    "Noise Spawns,DAY HUNTER,SPAWN TYPE 16,0": "\"Biter_Enraged_Crawler_Venomous\"",
    "Noise Spawns,DAY HUNTER,SPAWN TYPE 16,1": "0",
    "Noise Spawns,DAY HUNTER,SPAWN TYPE 16,2": "1",
    "Noise Spawns,DAY HUNTER,SPAWN TYPE 17,0": "\"Companion_Scavenger_1H\"",
    "Noise Spawns,DAY HUNTER,SPAWN TYPE 17,1": "0",
    "Noise Spawns,DAY HUNTER,SPAWN TYPE 17,2": "1",
    "Noise Spawns,DAY HUNTER,SPAWN TYPE 18,0": "\"Companion_Scavenger_Bow\"",
    "Noise Spawns,DAY HUNTER,SPAWN TYPE 18,1": "0",
    "Noise Spawns,DAY HUNTER,SPAWN TYPE 18,2": "1",
    "Noise Spawns,DAY HUNTER,SPAWN TYPE 19,0": "\"Peacekeeper_Commando\"",
    "Noise Spawns,DAY HUNTER,SPAWN TYPE 19,1": "0",
    "Noise Spawns,DAY HUNTER,SPAWN TYPE 19,2": "1",
    "Noise Spawns,DAY HUNTER,SPAWN TYPE 20,0": "\"Biter_Fresh\"",
    "Noise Spawns,DAY HUNTER,SPAWN TYPE 20,1": "0",
    "Noise Spawns,DAY HUNTER,SPAWN TYPE 20,2": "2",
    "Noise Spawns,NIGHT HUNTER,World Spawners - Night Hunters,0": "false",
    "Noise Spawns,NIGHT HUNTER,World Spawners - Night Hunters,1": "0.50",
    "Noise Spawns,NIGHT HUNTER,World Spawners - Night Hunters,2": "4.00",
    "Noise Spawns,NIGHT HUNTER,World Spawners - Night Hunters,3": "30.00",
    "Noise Spawns,NIGHT HUNTER,SPAWN TYPE 1,0": "\"Volatile_Chase\"",
    "Noise Spawns,NIGHT HUNTER,SPAWN TYPE 1,1": "1",
    "Noise Spawns,NIGHT HUNTER,SPAWN TYPE 1,2": "4",
    "Noise Spawns,NIGHT HUNTER,SPAWN TYPE 2,0": "\"Screamer\"",
    "Noise Spawns,NIGHT HUNTER,SPAWN TYPE 2,1": "1",
    "Noise Spawns,NIGHT HUNTER,SPAWN TYPE 2,2": "2",
    "Noise Spawns,NIGHT HUNTER,SPAWN TYPE 3,0": "\"Spitter\"",
    "Noise Spawns,NIGHT HUNTER,SPAWN TYPE 3,1": "1",
    "Noise Spawns,NIGHT HUNTER,SPAWN TYPE 3,2": "5",
    "Noise Spawns,NIGHT HUNTER,SPAWN TYPE 4,0": "\"Banshee\"",
    "Noise Spawns,NIGHT HUNTER,SPAWN TYPE 4,1": "0",
    "Noise Spawns,NIGHT HUNTER,SPAWN TYPE 4,2": "2",
    "Noise Spawns,NIGHT HUNTER,SPAWN TYPE 5,0": "\"GRE_Volatile\"",
    "Noise Spawns,NIGHT HUNTER,SPAWN TYPE 5,1": "0",
    "Noise Spawns,NIGHT HUNTER,SPAWN TYPE 5,2": "2",
    "Noise Spawns,NIGHT HUNTER,SPAWN TYPE 6,0": "\"Demolisher\"",
    "Noise Spawns,NIGHT HUNTER,SPAWN TYPE 6,1": "0",
    "Noise Spawns,NIGHT HUNTER,SPAWN TYPE 6,2": "2",
    "Noise Spawns,NIGHT HUNTER,SPAWN TYPE 7,0": "\"Goon\"",
    "Noise Spawns,NIGHT HUNTER,SPAWN TYPE 7,1": "0",
    "Noise Spawns,NIGHT HUNTER,SPAWN TYPE 7,2": "2",
    "Noise Spawns,NIGHT HUNTER,SPAWN TYPE 8,0": "\"Biter\"",
    "Noise Spawns,NIGHT HUNTER,SPAWN TYPE 8,1": "1",
    "Noise Spawns,NIGHT HUNTER,SPAWN TYPE 8,2": "5",
    "Noise Spawns,NIGHT HUNTER,SPAWN TYPE 9,0": "\"Spitter_Vomit\"",
    "Noise Spawns,NIGHT HUNTER,SPAWN TYPE 9,1": "0",
    "Noise Spawns,NIGHT HUNTER,SPAWN TYPE 9,2": "3",
    "Noise Spawns,NIGHT HUNTER,SPAWN TYPE 10,0": "\"Banshee_Stalker\"",
    "Noise Spawns,NIGHT HUNTER,SPAWN TYPE 10,1": "0",
    "Noise Spawns,NIGHT HUNTER,SPAWN TYPE 10,2": "2",
    "Noise Spawns,NIGHT HUNTER,SPAWN TYPE 11,0": "\"Viral_Fresh_Child\"",
    "Noise Spawns,NIGHT HUNTER,SPAWN TYPE 11,1": "0",
    "Noise Spawns,NIGHT HUNTER,SPAWN TYPE 11,2": "4",
    "Noise Spawns,NIGHT HUNTER,SPAWN TYPE 12,0": "\"Viral_WorldBurner\"",
    "Noise Spawns,NIGHT HUNTER,SPAWN TYPE 12,1": "0",
    "Noise Spawns,NIGHT HUNTER,SPAWN TYPE 12,2": "1",
    "Noise Spawns,NIGHT HUNTER,SPAWN TYPE 13,0": "\"Biter_Thug\"",
    "Noise Spawns,NIGHT HUNTER,SPAWN TYPE 13,1": "0",
    "Noise Spawns,NIGHT HUNTER,SPAWN TYPE 13,2": "2",
    "Noise Spawns,NIGHT HUNTER,SPAWN TYPE 14,0": "\"Biter_Enraged_Crawler_Venomous\"",
    "Noise Spawns,NIGHT HUNTER,SPAWN TYPE 14,1": "0",
    "Noise Spawns,NIGHT HUNTER,SPAWN TYPE 14,2": "2",
    "Noise Spawns,NIGHT HUNTER,SPAWN TYPE 15,0": "\"Viral_Gastank\"",
    "Noise Spawns,NIGHT HUNTER,SPAWN TYPE 15,1": "1",
    "Noise Spawns,NIGHT HUNTER,SPAWN TYPE 15,2": "3",
    "Noise Spawns,NIGHT HUNTER,SPAWN TYPE 16,0": "\"Charger\"",
    "Noise Spawns,NIGHT HUNTER,SPAWN TYPE 16,1": "0",
    "Noise Spawns,NIGHT HUNTER,SPAWN TYPE 16,2": "1",
    "Noise Spawns,NIGHT HUNTER,SPAWN TYPE 17,0": "\"Volatile_Venom\"",
    "Noise Spawns,NIGHT HUNTER,SPAWN TYPE 17,1": "0",
    "Noise Spawns,NIGHT HUNTER,SPAWN TYPE 17,2": "1",
    "Noise Spawns,NIGHT HUNTER,SPAWN TYPE 18,0": "\"Banshee_Hag\"",
    "Noise Spawns,NIGHT HUNTER,SPAWN TYPE 18,1": "0",
    "Noise Spawns,NIGHT HUNTER,SPAWN TYPE 18,2": "1",
    "Noise Spawns,NIGHT HUNTER,SPAWN TYPE 19,0": "\"Volatile_Tyrant\"",
    "Noise Spawns,NIGHT HUNTER,SPAWN TYPE 19,1": "0",
    "Noise Spawns,NIGHT HUNTER,SPAWN TYPE 19,2": "1",
    "Noise Spawns,NIGHT HUNTER,SPAWN TYPE 20,0": "\"Biter_Fresh\"",
    "Noise Spawns,NIGHT HUNTER,SPAWN TYPE 20,1": "1",
    "Noise Spawns,NIGHT HUNTER,SPAWN TYPE 20,2": "4",
    "Chase,GENERAL,GENERAL SETTINGS,1": "2.00",
    "Chase,GENERAL,POINTS PER SECOND,0": "3.00",
    "Chase,GENERAL,POINTS PER SECOND,1": "20.00",
    "Chase,DAMAGE MODIFIER,CHASE DAMAGE MODIFIER,0": "0.10",
    "Chase,DAMAGE MODIFIER,CHASE DAMAGE MODIFIER,1": "0.20",
    "Chase,DAMAGE MODIFIER,CHASE DAMAGE MODIFIER,2": "0.50",
    "Chase,DAMAGE MODIFIER,CHASE DAMAGE MODIFIER,3": "1.00",
    "Chase,TIMERS,CHASE TIMERS,0": "40.00",
    "Chase,TIMERS,CHASE TIMERS,1": "80.00",
    "Chase,TIMERS,CHASE TIMERS,3": "120.00",
    "Chase,TIMERS,CHASE TIMERS,5": "10.00",
    "Chase,TIMERS,CHASE TIMERS,6": "8.00",
    "Chase,TIMERS,CHASE TIMERS,8": "6.00",
    "Chase,TIMERS,CHASE TIMERS,10": "10.00",
    "Chase,TIMERS,CHASE TIMERS,11": "8.00",
    "Chase,TIMERS,CHASE TIMERS,13": "5.00",
    "Chase,TIMERS,CHASE END DELAY,0": "15",
    "Chase,TIMERS,CHASE END DELAY,1": "25",
    "Chase,TIMERS,CHASE END DELAY,2": "30",
    "Chase,TIMERS,CHASE END DELAY,3": "50",
    "Chase,TIMERS,CHASE END UV DELAY,0": "20",
    "Chase,TIMERS,CHASE END UV DELAY,1": "25",
    "Chase,TIMERS,CHASE END UV DELAY,2": "30",
    "Chase,TIMERS,CHASE END UV DELAY,3": "50",
    "Chase,TIMERS,CHASE LOST SIGHT DELAY,0": "30",
    "Chase,TIMERS,CHASE LOST SIGHT DELAY,1": "30",
    "Chase,TIMERS,CHASE LOST SIGHT DELAY,2": "30",
    "Chase,TIMERS,CHASE LOST SIGHT DELAY,3": "30",
    "Chase,ESCALATION POINTS,Points required to move to next level,0": "50",
    "Chase,ESCALATION POINTS,Points required to move to next level,1": "175",
    "Chase,ESCALATION POINTS,Points required to move to next level,2": "225",
    "Chase,CHASE SPAWNS,General Settings,1": "2.00",
    "Chase,CHASE SPAWNS,VIRALS,0": "8",
    "Chase,CHASE SPAWNS,VIRALS,1": "12",
    "Chase,CHASE SPAWNS,VIRALS,2": "12",
    "Chase,CHASE SPAWNS,VIRALS,3": "16",
    "Chase,CHASE SPAWNS,VIRALS,4": "20",
    "Chase,CHASE SPAWNS,VIRALS,5": "20",
    "Chase,CHASE SPAWNS,VIRALS,6": "26",
    "Chase,CHASE SPAWNS,VIRALS,7": "30",
    "Chase,CHASE SPAWNS,VOLATILES,0": "4",
    "Chase,CHASE SPAWNS,VOLATILES,1": "8",
    "Chase,CHASE SPAWNS,VOLATILES,2": "8",
    "Chase,CHASE SPAWNS,VOLATILES,3": "12",
    "Chase,CHASE SPAWNS,VOLATILES,4": "12",
    "Chase,CHASE SPAWNS,VOLATILES,5": "16",
    "Chase,CHASE SPAWNS,VOLATILES,6": "16",
    "Chase,CHASE SPAWNS,VOLATILES,7": "24",
    "Chase,COOP SETTINGS,CHASE COOP SETTINGS,0": "150",
    "Chase,COOP SETTINGS,CHASE COOP SETTINGS,1": "40",
    "Chase,COOP SETTINGS,VIRALS,0": "12",
    "Chase,COOP SETTINGS,VIRALS,1": "15",
    "Chase,COOP SETTINGS,VIRALS,2": "18",
    "Chase,COOP SETTINGS,VIRALS,3": "18",
    "Chase,COOP SETTINGS,VIRALS,4": "24",
    "Chase,COOP SETTINGS,VIRALS,5": "24",
    "Chase,COOP SETTINGS,VIRALS,6": "30",
    "Chase,COOP SETTINGS,VIRALS,7": "30",
    "Chase,COOP SETTINGS,VOLATILES,0": "4",
    "Chase,COOP SETTINGS,VOLATILES,1": "8",
    "Chase,COOP SETTINGS,VOLATILES,2": "6",
    "Chase,COOP SETTINGS,VOLATILES,3": "12",
    "Chase,COOP SETTINGS,VOLATILES,4": "14",
    "Chase,COOP SETTINGS,VOLATILES,5": "20",
    "Chase,COOP SETTINGS,VOLATILES,6": "16",
    "Chase,COOP SETTINGS,VOLATILES,7": "24",
    "SURVIVOR SENSE,COLOR GUIDE,White,1": "240",
    "SURVIVOR SENSE,COLOR GUIDE,White,2": "240",
    "SURVIVOR SENSE,COLOR GUIDE,White,3": "240",
    "SURVIVOR SENSE,COLOR GUIDE,Grey,1": "200",
    "SURVIVOR SENSE,COLOR GUIDE,Grey,2": "200",
    "SURVIVOR SENSE,COLOR GUIDE,Grey,3": "200",
    "SURVIVOR SENSE,COLOR GUIDE,Red,1": "225",
    "SURVIVOR SENSE,COLOR GUIDE,Red,2": "25",
    "SURVIVOR SENSE,COLOR GUIDE,Red,3": "15",
    "SURVIVOR SENSE,COLOR GUIDE,Red Strong,1": "250",
    "SURVIVOR SENSE,COLOR GUIDE,Red Strong,2": "65",
    "SURVIVOR SENSE,COLOR GUIDE,Red Strong,3": "65",
    "SURVIVOR SENSE,COLOR GUIDE,Dark Red,1": "125",
    "SURVIVOR SENSE,COLOR GUIDE,Dark Red,2": "0",
    "SURVIVOR SENSE,COLOR GUIDE,Dark Red,3": "0",
    "SURVIVOR SENSE,COLOR GUIDE,Orange,1": "255",
    "SURVIVOR SENSE,COLOR GUIDE,Orange,2": "130",
    "SURVIVOR SENSE,COLOR GUIDE,Orange,3": "20",
    "SURVIVOR SENSE,COLOR GUIDE,Dark Orange,1": "200",
    "SURVIVOR SENSE,COLOR GUIDE,Dark Orange,2": "100",
    "SURVIVOR SENSE,COLOR GUIDE,Dark Orange,3": "15",
    "SURVIVOR SENSE,COLOR GUIDE,Blue,1": "100",
    "SURVIVOR SENSE,COLOR GUIDE,Blue,2": "100",
    "SURVIVOR SENSE,COLOR GUIDE,Blue,3": "255",
    "SURVIVOR SENSE,COLOR GUIDE,Cyan,1": "0",
    "SURVIVOR SENSE,COLOR GUIDE,Cyan,2": "255",
    "SURVIVOR SENSE,COLOR GUIDE,Cyan,3": "255",
    "SURVIVOR SENSE,COLOR GUIDE,Green,1": "0",
    "SURVIVOR SENSE,COLOR GUIDE,Green,2": "255",
    "SURVIVOR SENSE,COLOR GUIDE,Green,3": "0",
    "SURVIVOR SENSE,COLOR GUIDE,Purple,1": "130",
    "SURVIVOR SENSE,COLOR GUIDE,Purple,2": "70",
    "SURVIVOR SENSE,COLOR GUIDE,Purple,3": "235",
    "SURVIVOR SENSE,COLOR GUIDE,Yellow,1": "255",
    "SURVIVOR SENSE,COLOR GUIDE,Yellow,2": "225",
    "SURVIVOR SENSE,COLOR GUIDE,Yellow,3": "40",
    "SURVIVOR SENSE,COLOR GUIDE,Yellow Long Distance,1": "255",
    "SURVIVOR SENSE,COLOR GUIDE,Yellow Long Distance,2": "205",
    "SURVIVOR SENSE,COLOR GUIDE,Yellow Long Distance,3": "65",
    "SURVIVOR SENSE,COLOR GUIDE,Quest Items,1": "89",
    "SURVIVOR SENSE,COLOR GUIDE,Quest Items,2": "191",
    "SURVIVOR SENSE,COLOR GUIDE,Quest Items,3": "89",
    "SURVIVOR SENSE,COLOR GUIDE,Gameplay Objects,1": "238",
    "SURVIVOR SENSE,COLOR GUIDE,Gameplay Objects,2": "226",
    "SURVIVOR SENSE,COLOR GUIDE,Gameplay Objects,3": "226",
    "SURVIVOR SENSE,COLOR GUIDE,Gameplay Objects - Red,1": "191",
    "SURVIVOR SENSE,COLOR GUIDE,Gameplay Objects - Red,2": "45",
    "SURVIVOR SENSE,COLOR GUIDE,Gameplay Objects - Red,3": "45",
    "SURVIVOR SENSE,COLOR GUIDE,Investigation Objects,1": "255",
    "SURVIVOR SENSE,COLOR GUIDE,Investigation Objects,2": "0",
    "SURVIVOR SENSE,COLOR GUIDE,Investigation Objects,3": "0",
    "SURVIVOR SENSE,COLOR GUIDE,Containers,1": "237",
    "SURVIVOR SENSE,COLOR GUIDE,Containers,2": "205",
    "SURVIVOR SENSE,COLOR GUIDE,Containers,3": "125",
    "SURVIVOR SENSE,COLOR GUIDE,Hiding Spots,1": "238",
    "SURVIVOR SENSE,COLOR GUIDE,Hiding Spots,2": "226",
    "SURVIVOR SENSE,COLOR GUIDE,Hiding Spots,3": "226",
    "SURVIVOR SENSE,COLOR GUIDE,Volatile,1": "255",
    "SURVIVOR SENSE,COLOR GUIDE,Volatile,2": "153",
    "SURVIVOR SENSE,COLOR GUIDE,Volatile,3": "51",
    "SURVIVOR SENSE,COLOR GUIDE,Plaguebearer,1": "192",
    "SURVIVOR SENSE,COLOR GUIDE,Plaguebearer,2": "250",
    "SURVIVOR SENSE,COLOR GUIDE,Plaguebearer,3": "0",
    "SURVIVOR SENSE,COLOR GUIDE,Shopkeepers,1": "238",
    "SURVIVOR SENSE,COLOR GUIDE,Shopkeepers,2": "226",
    "SURVIVOR SENSE,COLOR GUIDE,Shopkeepers,3": "226",
    "SURVIVOR SENSE,COLOR GUIDE,Heavy Attacker,1": "230",
    "SURVIVOR SENSE,COLOR GUIDE,Heavy Attacker,2": "3",
    "SURVIVOR SENSE,COLOR GUIDE,Heavy Attacker,3": "28",
    "SURVIVOR SENSE,COLOR GUIDE,Custom 01,1": "195",
    "SURVIVOR SENSE,COLOR GUIDE,Custom 01,2": "85",
    "SURVIVOR SENSE,COLOR GUIDE,Custom 01,3": "15",
    "SURVIVOR SENSE,COLOR GUIDE,Custom 02,1": "155",
    "SURVIVOR SENSE,COLOR GUIDE,Custom 02,2": "65",
    "SURVIVOR SENSE,COLOR GUIDE,Custom 02,3": "55",
    "SURVIVOR SENSE,COLOR GUIDE,Custom 03,1": "165",
    "SURVIVOR SENSE,COLOR GUIDE,Custom 03,2": "205",
    "SURVIVOR SENSE,COLOR GUIDE,Custom 03,3": "5",
    "SURVIVOR SENSE,COLOR GUIDE,Custom 04,1": "215",
    "SURVIVOR SENSE,COLOR GUIDE,Custom 04,2": "100",
    "SURVIVOR SENSE,COLOR GUIDE,Custom 04,3": "0",
    "SURVIVOR SENSE,COLOR GUIDE,Custom 05,1": "170",
    "SURVIVOR SENSE,COLOR GUIDE,Custom 05,2": "100",
    "SURVIVOR SENSE,COLOR GUIDE,Custom 05,3": "50",
    "SURVIVOR SENSE,COLOR GUIDE,Custom 06,1": "185",
    "SURVIVOR SENSE,COLOR GUIDE,Custom 06,2": "90",
    "SURVIVOR SENSE,COLOR GUIDE,Custom 06,3": "30",
    "SURVIVOR SENSE,COLOR GUIDE,Custom 07,1": "195",
    "SURVIVOR SENSE,COLOR GUIDE,Custom 07,2": "150",
    "SURVIVOR SENSE,COLOR GUIDE,Custom 07,3": "115",
    "SURVIVOR SENSE,COLOR GUIDE,Custom 08,1": "235",
    "SURVIVOR SENSE,COLOR GUIDE,Custom 08,2": "200",
    "SURVIVOR SENSE,COLOR GUIDE,Custom 08,3": "70",
    "SURVIVOR SENSE,COLOR GUIDE,Custom 09,1": "90",
    "SURVIVOR SENSE,COLOR GUIDE,Custom 09,2": "160",
    "SURVIVOR SENSE,COLOR GUIDE,Custom 09,3": "215",
    "SURVIVOR SENSE,COLOR GUIDE,Custom 10,1": "20",
    "SURVIVOR SENSE,COLOR GUIDE,Custom 10,2": "65",
    "SURVIVOR SENSE,COLOR GUIDE,Custom 10,3": "175",
    "SURVIVOR SENSE,ALPHAS & DURATIONS,White,0": "0",
    "SURVIVOR SENSE,ALPHAS & DURATIONS,White,1": "235",
    "SURVIVOR SENSE,ALPHAS & DURATIONS,White,2": "20",
    "SURVIVOR SENSE,ALPHAS & DURATIONS,White,3": "255",
    "SURVIVOR SENSE,ALPHAS & DURATIONS,White,4": "4.00",
    "SURVIVOR SENSE,ALPHAS & DURATIONS,Grey,0": "0",
    "SURVIVOR SENSE,ALPHAS & DURATIONS,Grey,1": "235",
    "SURVIVOR SENSE,ALPHAS & DURATIONS,Grey,2": "20",
    "SURVIVOR SENSE,ALPHAS & DURATIONS,Grey,3": "255",
    "SURVIVOR SENSE,ALPHAS & DURATIONS,Grey,4": "4.00",
    "SURVIVOR SENSE,ALPHAS & DURATIONS,Red,0": "0",
    "SURVIVOR SENSE,ALPHAS & DURATIONS,Red,1": "235",
    "SURVIVOR SENSE,ALPHAS & DURATIONS,Red,2": "20",
    "SURVIVOR SENSE,ALPHAS & DURATIONS,Red,3": "255",
    "SURVIVOR SENSE,ALPHAS & DURATIONS,Red,4": "4.00",
    "SURVIVOR SENSE,ALPHAS & DURATIONS,Red Strong,0": "0",
    "SURVIVOR SENSE,ALPHAS & DURATIONS,Red Strong,1": "235",
    "SURVIVOR SENSE,ALPHAS & DURATIONS,Red Strong,2": "20",
    "SURVIVOR SENSE,ALPHAS & DURATIONS,Red Strong,3": "255",
    "SURVIVOR SENSE,ALPHAS & DURATIONS,Red Strong,4": "4.00",
    "SURVIVOR SENSE,ALPHAS & DURATIONS,Dark Red,0": "0",
    "SURVIVOR SENSE,ALPHAS & DURATIONS,Dark Red,1": "235",
    "SURVIVOR SENSE,ALPHAS & DURATIONS,Dark Red,2": "20",
    "SURVIVOR SENSE,ALPHAS & DURATIONS,Dark Red,3": "255",
    "SURVIVOR SENSE,ALPHAS & DURATIONS,Dark Red,4": "4.00",
    "SURVIVOR SENSE,ALPHAS & DURATIONS,Orange,0": "0",
    "SURVIVOR SENSE,ALPHAS & DURATIONS,Orange,1": "235",
    "SURVIVOR SENSE,ALPHAS & DURATIONS,Orange,2": "20",
    "SURVIVOR SENSE,ALPHAS & DURATIONS,Orange,3": "255",
    "SURVIVOR SENSE,ALPHAS & DURATIONS,Orange,4": "4.00",
    "SURVIVOR SENSE,ALPHAS & DURATIONS,Dark Orange,0": "0",
    "SURVIVOR SENSE,ALPHAS & DURATIONS,Dark Orange,1": "235",
    "SURVIVOR SENSE,ALPHAS & DURATIONS,Dark Orange,2": "20",
    "SURVIVOR SENSE,ALPHAS & DURATIONS,Dark Orange,3": "255",
    "SURVIVOR SENSE,ALPHAS & DURATIONS,Dark Orange,4": "4.00",
    "SURVIVOR SENSE,ALPHAS & DURATIONS,Blue,0": "0",
    "SURVIVOR SENSE,ALPHAS & DURATIONS,Blue,1": "235",
    "SURVIVOR SENSE,ALPHAS & DURATIONS,Blue,2": "20",
    "SURVIVOR SENSE,ALPHAS & DURATIONS,Blue,3": "255",
    "SURVIVOR SENSE,ALPHAS & DURATIONS,Blue,4": "4.00",
    "SURVIVOR SENSE,ALPHAS & DURATIONS,Cyan,0": "0",
    "SURVIVOR SENSE,ALPHAS & DURATIONS,Cyan,1": "235",
    "SURVIVOR SENSE,ALPHAS & DURATIONS,Cyan,2": "20",
    "SURVIVOR SENSE,ALPHAS & DURATIONS,Cyan,3": "255",
    "SURVIVOR SENSE,ALPHAS & DURATIONS,Cyan,4": "4.00",
    "SURVIVOR SENSE,ALPHAS & DURATIONS,Purple,0": "0",
    "SURVIVOR SENSE,ALPHAS & DURATIONS,Purple,1": "235",
    "SURVIVOR SENSE,ALPHAS & DURATIONS,Purple,2": "20",
    "SURVIVOR SENSE,ALPHAS & DURATIONS,Purple,3": "255",
    "SURVIVOR SENSE,ALPHAS & DURATIONS,Purple,4": "4.00",
    "SURVIVOR SENSE,ALPHAS & DURATIONS,Green,0": "0",
    "SURVIVOR SENSE,ALPHAS & DURATIONS,Green,1": "235",
    "SURVIVOR SENSE,ALPHAS & DURATIONS,Green,2": "20",
    "SURVIVOR SENSE,ALPHAS & DURATIONS,Green,3": "255",
    "SURVIVOR SENSE,ALPHAS & DURATIONS,Green,4": "4.00",
    "SURVIVOR SENSE,ALPHAS & DURATIONS,Quest,0": "0",
    "SURVIVOR SENSE,ALPHAS & DURATIONS,Quest,1": "235",
    "SURVIVOR SENSE,ALPHAS & DURATIONS,Quest,2": "20",
    "SURVIVOR SENSE,ALPHAS & DURATIONS,Quest,3": "255",
    "SURVIVOR SENSE,ALPHAS & DURATIONS,Quest,4": "4.00",
    "SURVIVOR SENSE,ALPHAS & DURATIONS,Shopkeepers,0": "0",
    "SURVIVOR SENSE,ALPHAS & DURATIONS,Shopkeepers,1": "235",
    "SURVIVOR SENSE,ALPHAS & DURATIONS,Shopkeepers,2": "20",
    "SURVIVOR SENSE,ALPHAS & DURATIONS,Shopkeepers,3": "255",
    "SURVIVOR SENSE,ALPHAS & DURATIONS,Shopkeepers,4": "4.00",
    "SURVIVOR SENSE,ALPHAS & DURATIONS,Yellow,0": "100",
    "SURVIVOR SENSE,ALPHAS & DURATIONS,Yellow,1": "200",
    "SURVIVOR SENSE,ALPHAS & DURATIONS,Yellow,2": "100",
    "SURVIVOR SENSE,ALPHAS & DURATIONS,Yellow,3": "200",
    "SURVIVOR SENSE,ALPHAS & DURATIONS,Yellow,4": "4.00",
    "SURVIVOR SENSE,ALPHAS & DURATIONS,Heavy Attacker,0": "50",
    "SURVIVOR SENSE,ALPHAS & DURATIONS,Heavy Attacker,1": "235",
    "SURVIVOR SENSE,ALPHAS & DURATIONS,Heavy Attacker,2": "50",
    "SURVIVOR SENSE,ALPHAS & DURATIONS,Heavy Attacker,3": "255",
    "SURVIVOR SENSE,ALPHAS & DURATIONS,Heavy Attacker,4": "4.00",
    "SURVIVOR SENSE,ALPHAS & DURATIONS,Volatile,0": "0",
    "SURVIVOR SENSE,ALPHAS & DURATIONS,Volatile,1": "235",
    "SURVIVOR SENSE,ALPHAS & DURATIONS,Volatile,2": "20",
    "SURVIVOR SENSE,ALPHAS & DURATIONS,Volatile,3": "255",
    "SURVIVOR SENSE,ALPHAS & DURATIONS,Volatile,4": "8.00",
    "SURVIVOR SENSE,ALPHAS & DURATIONS,Objects,0": "10",
    "SURVIVOR SENSE,ALPHAS & DURATIONS,Objects,1": "40",
    "SURVIVOR SENSE,ALPHAS & DURATIONS,Objects,2": "20",
    "SURVIVOR SENSE,ALPHAS & DURATIONS,Objects,3": "40",
    "SURVIVOR SENSE,ALPHAS & DURATIONS,Objects,4": "4.00",
    "SURVIVOR SENSE,ALPHAS & DURATIONS,Objects Red,0": "10",
    "SURVIVOR SENSE,ALPHAS & DURATIONS,Objects Red,1": "100",
    "SURVIVOR SENSE,ALPHAS & DURATIONS,Objects Red,2": "10",
    "SURVIVOR SENSE,ALPHAS & DURATIONS,Objects Red,3": "100",
    "SURVIVOR SENSE,ALPHAS & DURATIONS,Objects Red,4": "4.00",
    "SURVIVOR SENSE,ALPHAS & DURATIONS,Investigatio Objects,0": "50",
    "SURVIVOR SENSE,ALPHAS & DURATIONS,Investigatio Objects,1": "150",
    "SURVIVOR SENSE,ALPHAS & DURATIONS,Investigatio Objects,2": "50",
    "SURVIVOR SENSE,ALPHAS & DURATIONS,Investigatio Objects,3": "100",
    "SURVIVOR SENSE,ALPHAS & DURATIONS,Investigatio Objects,4": "4.00",
    "SURVIVOR SENSE,ALPHAS & DURATIONS,Containers,0": "10",
    "SURVIVOR SENSE,ALPHAS & DURATIONS,Containers,1": "45",
    "SURVIVOR SENSE,ALPHAS & DURATIONS,Containers,2": "20",
    "SURVIVOR SENSE,ALPHAS & DURATIONS,Containers,3": "45",
    "SURVIVOR SENSE,ALPHAS & DURATIONS,Containers,4": "4.00",
    "SURVIVOR SENSE,ALPHAS & DURATIONS,Hiding Spots,0": "100",
    "SURVIVOR SENSE,ALPHAS & DURATIONS,Hiding Spots,1": "200",
    "SURVIVOR SENSE,ALPHAS & DURATIONS,Hiding Spots,2": "100",
    "SURVIVOR SENSE,ALPHAS & DURATIONS,Hiding Spots,3": "200",
    "SURVIVOR SENSE,ALPHAS & DURATIONS,Hiding Spots,4": "4.00",
    "SURVIVOR SENSE,ALPHAS & DURATIONS,Plaguebearer,0": "100",
    "SURVIVOR SENSE,ALPHAS & DURATIONS,Plaguebearer,1": "200",
    "SURVIVOR SENSE,ALPHAS & DURATIONS,Plaguebearer,2": "100",
    "SURVIVOR SENSE,ALPHAS & DURATIONS,Plaguebearer,3": "200",
    "SURVIVOR SENSE,ALPHAS & DURATIONS,Plaguebearer,4": "4.00",
    "SURVIVOR SENSE,ALPHAS & DURATIONS,Custom 01,0": "0",
    "SURVIVOR SENSE,ALPHAS & DURATIONS,Custom 01,1": "235",
    "SURVIVOR SENSE,ALPHAS & DURATIONS,Custom 01,2": "20",
    "SURVIVOR SENSE,ALPHAS & DURATIONS,Custom 01,3": "255",
    "SURVIVOR SENSE,ALPHAS & DURATIONS,Custom 01,4": "4.00",
    "SURVIVOR SENSE,ALPHAS & DURATIONS,Custom 02,0": "0",
    "SURVIVOR SENSE,ALPHAS & DURATIONS,Custom 02,1": "235",
    "SURVIVOR SENSE,ALPHAS & DURATIONS,Custom 02,2": "20",
    "SURVIVOR SENSE,ALPHAS & DURATIONS,Custom 02,3": "255",
    "SURVIVOR SENSE,ALPHAS & DURATIONS,Custom 02,4": "4.00",
    "SURVIVOR SENSE,ALPHAS & DURATIONS,Custom 03,0": "0",
    "SURVIVOR SENSE,ALPHAS & DURATIONS,Custom 03,1": "235",
    "SURVIVOR SENSE,ALPHAS & DURATIONS,Custom 03,2": "20",
    "SURVIVOR SENSE,ALPHAS & DURATIONS,Custom 03,3": "255",
    "SURVIVOR SENSE,ALPHAS & DURATIONS,Custom 03,4": "4.00",
    "SURVIVOR SENSE,ALPHAS & DURATIONS,Custom 04,0": "0",
    "SURVIVOR SENSE,ALPHAS & DURATIONS,Custom 04,1": "235",
    "SURVIVOR SENSE,ALPHAS & DURATIONS,Custom 04,2": "20",
    "SURVIVOR SENSE,ALPHAS & DURATIONS,Custom 04,3": "255",
    "SURVIVOR SENSE,ALPHAS & DURATIONS,Custom 04,4": "4.00",
    "SURVIVOR SENSE,ALPHAS & DURATIONS,Custom 05,0": "0",
    "SURVIVOR SENSE,ALPHAS & DURATIONS,Custom 05,1": "235",
    "SURVIVOR SENSE,ALPHAS & DURATIONS,Custom 05,2": "20",
    "SURVIVOR SENSE,ALPHAS & DURATIONS,Custom 05,3": "255",
    "SURVIVOR SENSE,ALPHAS & DURATIONS,Custom 05,4": "4.00",
    "SURVIVOR SENSE,ALPHAS & DURATIONS,Custom 06,0": "0",
    "SURVIVOR SENSE,ALPHAS & DURATIONS,Custom 06,1": "235",
    "SURVIVOR SENSE,ALPHAS & DURATIONS,Custom 06,2": "20",
    "SURVIVOR SENSE,ALPHAS & DURATIONS,Custom 06,3": "255",
    "SURVIVOR SENSE,ALPHAS & DURATIONS,Custom 06,4": "4.00",
    "SURVIVOR SENSE,ALPHAS & DURATIONS,Custom 07,0": "0",
    "SURVIVOR SENSE,ALPHAS & DURATIONS,Custom 07,1": "235",
    "SURVIVOR SENSE,ALPHAS & DURATIONS,Custom 07,2": "20",
    "SURVIVOR SENSE,ALPHAS & DURATIONS,Custom 07,3": "255",
    "SURVIVOR SENSE,ALPHAS & DURATIONS,Custom 07,4": "4.00",
    "SURVIVOR SENSE,ALPHAS & DURATIONS,Custom 08,0": "0",
    "SURVIVOR SENSE,ALPHAS & DURATIONS,Custom 08,1": "235",
    "SURVIVOR SENSE,ALPHAS & DURATIONS,Custom 08,2": "20",
    "SURVIVOR SENSE,ALPHAS & DURATIONS,Custom 08,3": "255",
    "SURVIVOR SENSE,ALPHAS & DURATIONS,Custom 08,4": "4.00",
    "SURVIVOR SENSE,ALPHAS & DURATIONS,Custom 09,0": "0",
    "SURVIVOR SENSE,ALPHAS & DURATIONS,Custom 09,1": "235",
    "SURVIVOR SENSE,ALPHAS & DURATIONS,Custom 09,2": "20",
    "SURVIVOR SENSE,ALPHAS & DURATIONS,Custom 09,3": "255",
    "SURVIVOR SENSE,ALPHAS & DURATIONS,Custom 09,4": "4.00",
    "SURVIVOR SENSE,ALPHAS & DURATIONS,Custom 10,0": "0",
    "SURVIVOR SENSE,ALPHAS & DURATIONS,Custom 10,1": "235",
    "SURVIVOR SENSE,ALPHAS & DURATIONS,Custom 10,2": "20",
    "SURVIVOR SENSE,ALPHAS & DURATIONS,Custom 10,3": "255",
    "SURVIVOR SENSE,ALPHAS & DURATIONS,Custom 10,4": "4.00",
    "SURVIVOR SENSE,OUTLINE - BITER,BITERS,1": "\"\"",
    "SURVIVOR SENSE,OUTLINE - BITER,BITERS,3": "\"Preset_Custom_01\"",
    "SURVIVOR SENSE,OUTLINE - BITER,BITERS,5": "\"\"",
    "SURVIVOR SENSE,OUTLINE - BITER,BITERS,7": "\"\"",
    "SURVIVOR SENSE,OUTLINE - BITER,BITERS,9": "\"\"",
    "SURVIVOR SENSE,OUTLINE - BITER,BITERS,11": "\"\"",
    "SURVIVOR SENSE,OUTLINE - BITER,BITERS,13": "\"Preset_Custom_04\"",
    "SURVIVOR SENSE,OUTLINE - BITER,BITERS,15": "\"Preset_Custom_03\"",
    "SURVIVOR SENSE,OUTLINE - BITER,BITERS,17": "\"Preset_plaguebearer\"",
    "SURVIVOR SENSE,OUTLINE - BITER,BITERS,19": "\"\"",
    "SURVIVOR SENSE,OUTLINE - BITER,BITERS,21": "\"Preset_Custom_04\"",
    "SURVIVOR SENSE,OUTLINE - BITER,BITERS,23": "\"\"",
    "SURVIVOR SENSE,OUTLINE - BITER,BITERS,25": "\"Preset_Custom_03\"",
    "SURVIVOR SENSE,OUTLINE - BITER,BITERS,27": "\"\"",
    "SURVIVOR SENSE,OUTLINE - BITER,BITERS,29": "\"\"",
    "SURVIVOR SENSE,OUTLINE - BITER,BITERS,31": "\"\"",
    "SURVIVOR SENSE,OUTLINE - BITER,BITERS,33": "\"\"",
    "SURVIVOR SENSE,OUTLINE - BITER,BITERS,35": "\"\"",
    "SURVIVOR SENSE,OUTLINE - INFECTED,INFECTED,1": "\"Preset_yellow\"",
    "SURVIVOR SENSE,OUTLINE - INFECTED,INFECTED,3": "\"Preset_yellow_long_distance\"",
    "SURVIVOR SENSE,OUTLINE - INFECTED,INFECTED,5": "\"Preset_Custom_03\"",
    "SURVIVOR SENSE,OUTLINE - INFECTED,INFECTED,7": "\"Preset_yellow\"",
    "SURVIVOR SENSE,OUTLINE - INFECTED,INFECTED,9": "\"Preset_volatile\"",
    "SURVIVOR SENSE,OUTLINE - INFECTED,INFECTED,11": "\"Preset_red_strong\"",
    "SURVIVOR SENSE,OUTLINE - INFECTED,INFECTED,13": "\"Preset_plaguebearer\"",
    "SURVIVOR SENSE,OUTLINE - INFECTED,INFECTED,15": "\"Preset_red_strong\"",
    "SURVIVOR SENSE,OUTLINE - INFECTED,INFECTED,17": "\"Preset_orange\"",
    "SURVIVOR SENSE,OUTLINE - INFECTED,INFECTED,19": "\"Preset_red\"",
    "SURVIVOR SENSE,OUTLINE - INFECTED,INFECTED,21": "\"Preset_red\"",
    "SURVIVOR SENSE,OUTLINE - INFECTED,INFECTED,23": "\"Preset_red_strong\"",
    "SURVIVOR SENSE,OUTLINE - INFECTED,INFECTED,25": "\"Preset_red_strong\"",
    "SURVIVOR SENSE,OUTLINE - VIRALS,VIRALS,1": "\"\"",
    "SURVIVOR SENSE,OUTLINE - VIRALS,VIRALS,3": "\"Preset_red\"",
    "SURVIVOR SENSE,OUTLINE - VIRALS,VIRALS,5": "\"Preset_red\"",
    "SURVIVOR SENSE,OUTLINE - VIRALS,VIRALS,7": "\"Preset_plaguebearer\"",
    "SURVIVOR SENSE,OUTLINE - VIRALS,VIRALS,9": "\"Preset_red\"",
    "SURVIVOR SENSE,OUTLINE - VIRALS,VIRALS,11": "\"Preset_red\"",
    "SURVIVOR SENSE,OUTLINE - VIRALS,VIRALS,13": "\"Preset_red\"",
    "SURVIVOR SENSE,OUTLINE - VIRALS,VIRALS,15": "\"Preset_purple\"",
    "SURVIVOR SENSE,VISUAL SETTINGS,VISUALS,1": "10.00",
    "SURVIVOR SENSE,VISUAL SETTINGS,VISUALS,3": "1.00",
    "SURVIVOR SENSE,VISUAL SETTINGS,VISUALS,5": "3.00",
    "SURVIVOR SENSE,VISUAL SETTINGS,VISUALS,7": "2.00",
    "SURVIVOR SENSE,VISUAL SETTINGS,VISUALS,9": "2.00",
    "SURVIVOR SENSE,VISUAL SETTINGS,VISUALS,11": "0.50",
    "SURVIVOR SENSE,AI,AI DETECTION,1": "10.00",
    "SURVIVOR SENSE,AI,AI DETECTION,3": "4.00",
    "SURVIVOR SENSE,AI,AI DETECTION,5": "3.00",
    "SURVIVOR SENSE,AI,AI DETECTION,7": "10.00",
    "SURVIVOR SENSE,AI,AI DETECTION,9": "0.10",
    "SURVIVOR SENSE,LOOT,LOOT DETECTION,1": "10.00",
    "SURVIVOR SENSE,LOOT,LOOT DETECTION,3": "5.00",
    "SURVIVOR SENSE,LOOT,LOOT DETECTION,5": "1.00",
    "SURVIVOR SENSE,ICONS,DETECTION ICONS,1": "10.00",
    "SURVIVOR SENSE,ICONS,DETECTION ICONS,3": "10.00",
    "SURVIVOR SENSE,ICONS,DETECTION ICONS,5": "1.00",
    "SURVIVOR SENSE,ICONS,DETECTION ICONS,7": "10.00",
    "SURVIVOR SENSE,ICONS,DETECTION ICONS,9": "5.00",
    "SURVIVOR SENSE,ICONS,DETECTION ICONS,11": "15.00",
    "Inventory,INVENTORY,SLOTS,1": "36",
    "Inventory,INVENTORY,SLOTS,3": "36",
    "Inventory,INVENTORY,SLOTS,5": "36",
    "Inventory,INVENTORY,SLOTS,7": "36",
    "Inventory,INVENTORY,STACKS,1": "999",
    "Inventory,INVENTORY,STORAGE STASH,1": "100",
    "Inventory,INVENTORY,STORAGE STASH,3": "100",
    "Inventory,INVENTORY,STORAGE STASH,5": "100",
    "Inventory,INVENTORY,STORAGE STASH,7": "300",
    "Economy,ECONOMY,Vanilla Content,1": "5",
    "Economy,ECONOMY,Vanilla Content,3": "3",
    "Economy,ECONOMY,Vanilla Content,5": "3",
    "Economy,ECONOMY,Vanilla Content,7": "3",
    "Economy,ECONOMY,Vanilla Content,9": "8",
    "Economy,IALR ITEMS,IALR Content,1": "6",
    "Economy,IALR ITEMS,IALR Content,3": "3",
    "Economy,IALR ITEMS,IALR Content,5": "3",
    "Economy,IALR ITEMS,IALR Content,7": "3",
    "TRADERS,SELLING VALUES,SELLING VALUE MODIFIERS,1": "1.25",
    "TRADERS,SELLING VALUES,SELLING VALUE MODIFIERS,3": "0.50",
    "TRADERS,SELLING VALUES,SELLING VALUE MODIFIERS,5": "0.30",
    "TRADERS,SELLING VALUES,SELLING VALUE MODIFIERS,7": "0.10",
    "TRADERS,SELLING VALUES,SELLING VALUE MODIFIERS,9": "0.40",
    "TRADERS,SELLING VALUES,SELLING VALUE MODIFIERS,11": "0.25",
    "TRADERS,SELLING VALUES,MODDED WEAPON VALUE MODIFIERS,1": "1.50",
    "TRADERS,SELLING VALUES,MODDED WEAPON VALUE MODIFIERS,3": "1.50",
    "TRADERS,ITEM AMOUNTS,TRADER ITEM AMOUNT MODIFIERS,1": "1",
    "TRADERS,ITEM AMOUNTS,TRADER ITEM AMOUNT MODIFIERS,3": "2",
    "TRADERS,ITEM AMOUNTS,TRADER ITEM AMOUNT MODIFIERS,5": "3",
    "TRADERS,ITEM AMOUNTS,TRADER ITEM AMOUNT MODIFIERS,7": "4",
    "TRADERS,ITEM AMOUNTS,TRADER ITEM AMOUNT MAX,1": "1",
    "TRADERS,ITEM AMOUNTS,TRADER ITEM AMOUNT MAX,3": "2",
    "TRADERS,ITEM AMOUNTS,TRADER ITEM AMOUNT MAX,5": "3",
    "TRADERS,ITEM AMOUNTS,TRADER ITEM AMOUNT MAX,7": "4",
    "TRADERS,IALR ITEMS,IALR ITEMS,0": "1",
    "TRADERS,IALR ITEMS,IALR ITEMS,2": "1",
    "TRADERS,IALR ITEMS,IALR ITEMS,3": "2",
    "TRADERS,IALR ITEMS,IALR ITEMS,4": "3",
    "TRADERS,IALR ITEMS,IALR ITEMS,5": "4",
    "TRADERS,IALR WEAPONS,IALR ITEMS -,0": "1",
    "TRADERS,IALR WEAPONS,IALR ITEMS -,1": "1",
    "TRADERS,IALR WEAPONS,IALR ITEMS -,2": "2",
    "TRADERS,IALR WEAPONS,IALR ITEMS -,3": "3",
    "TRADERS,IALR WEAPONS,IALR ITEMS -,4": "4",
    "TRADERS,IALR OUTFITS,IALR ITEMS - Outfits,0": "1",
    "TRADERS,IALR OUTFITS,IALR ITEMS - Outfits,1": "1",
    "TRADERS,IALR OUTFITS,IALR ITEMS - Outfits,2": "2",
    "TRADERS,IALR OUTFITS,IALR ITEMS - Outfits,3": "3",
    "TRADERS,IALR OUTFITS,IALR ITEMS - Outfits,4": "4",
    "VANILLA LOOT,DROP MODIFIER,PLAYER MULTI LOOT LEVEL,1": "3",
    "VANILLA LOOT,DROP MODIFIER,PLAYER MULTI LOOT LEVEL,3": "2",
    "VANILLA LOOT,GLOBAL AMOUNTS,GLOBAL LOOT DROP MODIFIERS,1": "1",
    "VANILLA LOOT,GLOBAL AMOUNTS,GLOBAL LOOT DROP MODIFIERS,3": "2",
    "VANILLA LOOT,GLOBAL AMOUNTS,GLOBAL LOOT DROP MODIFIERS,5": "3",
    "VANILLA LOOT,GLOBAL AMOUNTS,GLOBAL LOOT DROP MODIFIERS,7": "4",
    "VANILLA LOOT,GLOBAL AMOUNTS,GLOBAL LOOT DROP MODIFIERS,9": "5",
    "VANILLA LOOT,GLOBAL AMOUNTS,GLOBAL LOOT DROP MODIFIERS,11": "6",
    "VANILLA LOOT,CRAFT #S,CRAFTING LOOT DROP MODIFIERS,1": "0",
    "VANILLA LOOT,CRAFT #S,CRAFTING LOOT DROP MODIFIERS,3": "1",
    "VANILLA LOOT,CRAFT #S,CRAFTING LOOT DROP MODIFIERS,5": "2",
    "VANILLA LOOT,CRAFT #S,CRAFTING LOOT DROP MODIFIERS,7": "3",
    "VANILLA LOOT,CRAFT #S,CRAFTING DROP MODIFIERS - MAX,1": "1",
    "VANILLA LOOT,CRAFT #S,CRAFTING DROP MODIFIERS - MAX,3": "2",
    "VANILLA LOOT,CRAFT #S,CRAFTING DROP MODIFIERS - MAX,5": "3",
    "VANILLA LOOT,CRAFT #S,CRAFTING DROP MODIFIERS - MAX,7": "4",
    "VANILLA LOOT,CRAFT #S,CRAFTING DROP MODIFIERS - MAX,9": "5",
    "VANILLA LOOT,CRAFT #S,CRAFTING DROP MODIFIERS - MAX,11": "6",
    "VANILLA LOOT,SPECIFIC #S,SPECIFIC CRAFTING,0": "1",
    "VANILLA LOOT,SPECIFIC #S,SPECIFIC CRAFTING,1": "2",
    "VANILLA LOOT,SPECIFIC #S,SPECIFIC CRAFTING,2": "1",
    "VANILLA LOOT,SPECIFIC #S,SPECIFIC CRAFTING,3": "2",
    "VANILLA LOOT,SPECIFIC #S,SPECIFIC CRAFTING,4": "1",
    "VANILLA LOOT,SPECIFIC #S,SPECIFIC CRAFTING,5": "2",
    "VANILLA LOOT,SPECIFIC #S,SPECIFIC CRAFTING,6": "1",
    "VANILLA LOOT,SPECIFIC #S,SPECIFIC CRAFTING,7": "2",
    "VANILLA LOOT,SPECIFIC #S,SPECIFIC CRAFTING,8": "1",
    "VANILLA LOOT,SPECIFIC #S,SPECIFIC CRAFTING,9": "2",
    "VANILLA LOOT,SPECIFIC #S,SPECIFIC CRAFTING,10": "1",
    "VANILLA LOOT,SPECIFIC #S,SPECIFIC CRAFTING,11": "2",
    "VANILLA LOOT,SPECIFIC #S,SPECIFIC CRAFTING,12": "1",
    "VANILLA LOOT,SPECIFIC #S,SPECIFIC CRAFTING,13": "2",
    "VANILLA LOOT,SPECIFIC #S,SPECIFIC CRAFTING,14": "1",
    "VANILLA LOOT,SPECIFIC #S,SPECIFIC CRAFTING,15": "2",
    "VANILLA LOOT,SPECIFIC #S,SPECIFIC CRAFTING,16": "1",
    "VANILLA LOOT,SPECIFIC #S,SPECIFIC CRAFTING,17": "2",
    "VANILLA LOOT,SPECIFIC #S,SPECIFIC CRAFTING,18": "1",
    "VANILLA LOOT,SPECIFIC #S,SPECIFIC CRAFTING,19": "2",
    "VANILLA LOOT,SPECIFIC #S,SPECIFIC CRAFTING,20": "1",
    "VANILLA LOOT,SPECIFIC #S,SPECIFIC CRAFTING,21": "2",
    "VANILLA LOOT,SPECIFIC #S,SPECIFIC CRAFTING,22": "1",
    "VANILLA LOOT,SPECIFIC #S,SPECIFIC CRAFTING,23": "2",
    "VANILLA LOOT,SPECIFIC #S,SPECIFIC CRAFTING,24": "1",
    "VANILLA LOOT,SPECIFIC #S,SPECIFIC CRAFTING,25": "2",
    "VANILLA LOOT,SPECIFIC #S,SPECIFIC CRAFTING,26": "1",
    "VANILLA LOOT,SPECIFIC #S,SPECIFIC CRAFTING,27": "2",
    "VANILLA LOOT,SPECIFIC #S,SPECIFIC CRAFTING,28": "1",
    "VANILLA LOOT,SPECIFIC #S,SPECIFIC CRAFTING,29": "2",
    "VANILLA LOOT,SPECIFIC #S,SPECIFIC CRAFTING,30": "1",
    "VANILLA LOOT,SPECIFIC #S,SPECIFIC CRAFTING,31": "2",
    "VANILLA LOOT,PLANT #S,PLANT LOOT DROP MODIFIERS,0": "1",
    "VANILLA LOOT,PLANT #S,PLANT LOOT DROP MODIFIERS,1": "2",
    "VANILLA LOOT,PLANT #S,PLANT LOOT DROP MODIFIERS,2": "1",
    "VANILLA LOOT,PLANT #S,PLANT LOOT DROP MODIFIERS,3": "2",
    "VANILLA LOOT,PLANT #S,PLANT LOOT DROP MODIFIERS,4": "1",
    "VANILLA LOOT,PLANT #S,PLANT LOOT DROP MODIFIERS,5": "2",
    "VANILLA LOOT,PLANT #S,PLANT LOOT DROP MODIFIERS,6": "1",
    "VANILLA LOOT,PLANT #S,PLANT LOOT DROP MODIFIERS,7": "2",
    "VANILLA LOOT,PLANT #S,PLANT LOOT DROP MODIFIERS,8": "1",
    "VANILLA LOOT,PLANT #S,PLANT LOOT DROP MODIFIERS,9": "2",
    "VANILLA LOOT,PLANT #S,PLANT LOOT DROP MODIFIERS,10": "1",
    "VANILLA LOOT,PLANT #S,PLANT LOOT DROP MODIFIERS,11": "2",
    "VANILLA LOOT,COMMON LOOT #S,COMMON LOOT DROP MODIFIERS,1": "0",
    "VANILLA LOOT,COMMON LOOT #S,COMMON LOOT DROP MODIFIERS,3": "1",
    "VANILLA LOOT,COMMON LOOT #S,COMMON LOOT DROP MODIFIERS,5": "2",
    "VANILLA LOOT,COMMON LOOT #S,COMMON LOOT DROP MODIFIERS,7": "3",
    "VANILLA LOOT,COMMON LOOT #S,COMMON LOOT DROP MODIFIERS,9": "4",
    "VANILLA LOOT,COMMON LOOT #S,COMMON DROP MODIFIERS - MAX,1": "1",
    "VANILLA LOOT,COMMON LOOT #S,COMMON DROP MODIFIERS - MAX,3": "2",
    "VANILLA LOOT,COMMON LOOT #S,COMMON DROP MODIFIERS - MAX,5": "3",
    "VANILLA LOOT,COMMON LOOT #S,COMMON DROP MODIFIERS - MAX,7": "4",
    "VANILLA LOOT,COMMON LOOT #S,COMMON DROP MODIFIERS - MAX,9": "5",
    "VANILLA LOOT,COMMON LOOT #S,COMMON DROP MODIFIERS - MAX,11": "6",
    "VANILLA LOOT,COMMON LOOT #S,COMMON DROP MODIFIERS - MAX,13": "7",
    "VANILLA LOOT,COMMON LOOT #S,COMMON DROP MODIFIERS - MAX,15": "8",
    "VANILLA LOOT,$CASH$ #S,CASH DROP MODIFIERS - MIN,1": "0",
    "VANILLA LOOT,$CASH$ #S,CASH DROP MODIFIERS - MIN,3": "1",
    "VANILLA LOOT,$CASH$ #S,CASH DROP MODIFIERS - MAX,1": "1",
    "VANILLA LOOT,$CASH$ #S,CASH DROP MODIFIERS - MAX,3": "2",
    "VANILLA LOOT,$CASH$ #S,CASH DROP MODIFIERS - MAX,5": "3",
    "VANILLA LOOT,VALUABLES #S,GLOBAL VALUABLES DROP MODIFIER,0": "1",
    "VANILLA LOOT,VALUABLES #S,GLOBAL VALUABLES DROP MODIFIER,1": "2",
    "VANILLA LOOT,VALUABLES #S,VALUABLES DROP MODIFIERS,1": "0",
    "VANILLA LOOT,VALUABLES #S,VALUABLES DROP MODIFIERS,3": "1",
    "VANILLA LOOT,VALUABLES #S,VALUABLES DROP MODIFIERS - MAX,1": "1",
    "VANILLA LOOT,VALUABLES #S,VALUABLES DROP MODIFIERS - MAX,3": "2",
    "VANILLA LOOT,AI LOOT #s,AI ITEM DROP MODIFIERS,1": "0",
    "VANILLA LOOT,AI LOOT #s,AI ITEM DROP MODIFIERS,3": "1",
    "VANILLA LOOT,AI LOOT #s,AI ITEM DROP MODIFIERS,5": "2",
    "VANILLA LOOT,AI LOOT #s,AI ITEM DROP MODIFIERS,7": "3",
    "VANILLA LOOT,AI LOOT #s,AI ITEM DROP MODIFIERS,10": "1",
    "VANILLA LOOT,AI LOOT #s,AI ITEM DROP MODIFIERS,12": "2",
    "VANILLA LOOT,AI LOOT #s,AI ITEM DROP MODIFIERS,14": "3",
    "VANILLA LOOT,AI LOOT #s,AI ITEM DROP MODIFIERS,16": "4",
    "VANILLA LOOT,AI LOOT #s,AI ITEM DROP MODIFIERS,18": "5",
    "VANILLA LOOT,AI LOOT #s,AI ITEM DROP MODIFIERS,20": "8",
    "VANILLA LOOT,AI TROPHIES #s,AI TROPHIES DROP MODIFIERS,2": "0",
    "VANILLA LOOT,AI TROPHIES #s,AI TROPHIES DROP MODIFIERS,4": "1",
    "VANILLA LOOT,AI TROPHIES #s,AI TROPHIES DROP MODIFIERS,6": "2",
    "VANILLA LOOT,AI TROPHIES #s,AI TROPHIES DROP MODIFIERS,8": "3",
    "VANILLA LOOT,AI TROPHIES #s,AI TROPHIES DROP MODIFIERS,10": "4",
    "VANILLA LOOT,AI TROPHIES #s,AI TROPHIES MAX,2": "1",
    "VANILLA LOOT,AI TROPHIES #s,AI TROPHIES MAX,4": "2",
    "VANILLA LOOT,AI TROPHIES #s,AI TROPHIES MAX,6": "3",
    "VANILLA LOOT,AI TROPHIES #s,AI TROPHIES MAX,8": "4",
    "VANILLA LOOT,AI TROPHIES #s,AI TROPHIES MAX,10": "5",
    "VANILLA LOOT,AI TROPHIES #s,AI TROPHIES MAX,12": "6",
    "VANILLA LOOT,AI TROPHIES #s,AI TROPHIES MAX,14": "7",
    "VANILLA LOOT,AI TROPHIES #s,AI TROPHIES MAX,16": "8",
    "IALR LOOT,COMMON LOOT,DROP MODIFIERS - MIN,2": "0",
    "IALR LOOT,COMMON LOOT,DROP MODIFIERS - MAX,1": "1",
    "IALR LOOT,ALCOHOL,IALR ALCOHOL ITEM DROP MODIFIERS,1": "0",
    "IALR LOOT,ALCOHOL,ALCOHOL MODIFIERS - MAX,1": "1",
    "IALR LOOT,CAMOUFLAGE,IALR CAMOUFLAGE ITEM DROP MODIFIERS,1": "0",
    "IALR LOOT,CAMOUFLAGE,CAMOUFLAGE MODIFIERS - MAX,1": "1",
    "IALR LOOT,OUTFITS,IALR OUTFITS ITEM DROP MODIFIERS,1": "0",
    "IALR LOOT,OUTFITS,IALR OUTFITS ITEM DROP MODIFIERS,3": "1",
    "IALR LOOT,OUTFITS,OUTFITS MODIFIERS - MAX,1": "1",
    "IALR LOOT,OUTFITS,OUTFITS MODIFIERS - MAX,3": "2",
    "IALR LOOT,OUTFITS,OUTFITS MODIFIERS - MAX,5": "3",
    "IALR LOOT,THROWING ITEMS,IALR THROWING ITEM DROP MODIFIERS,1": "0",
    "IALR LOOT,THROWING ITEMS,THROWING ITEMS - MAX,1": "3",
    "IALR LOOT,LIGHT ITEMS,IALR LIGHTING ITEM DROP MODIFIERS,1": "1",
    "IALR LOOT,LIGHT ITEMS,LIGHTING ITEM - MAX,1": "3",
    "WEAPONS,AUTO-AIM,AUTO-AIM SYSTEM,1": "false",
    "WEAPONS,RANGED SETTINGS,ARROW/BOLT SYSTEM,1": "1.00",
    "WEAPONS,RANGED SETTINGS,ARROW/BOLT SYSTEM,2": "0.30",
    "WEAPONS,RANGED SETTINGS,ARROW/BOLT SYSTEM,4": "1.00",
    "WEAPONS,RANGED SETTINGS,ARROW/BOLT SYSTEM,5": "0.20",
    "WEAPONS,DURABILITY,WEAPON DURABILITY,1": "1.00",
    "WEAPONS,DURABILITY,WEAPON DURABILITY,3": "2",
    "WEAPONS,DURABILITY,WEAPON DURABILITY,5": "40",
    "WEAPONS,DURABILITY,WEAPON DURABILITY,7": "90",
    "WEAPONS,DURABILITY,WEAPON DURABILITY,9": "120",
    "WEAPONS,DURABILITY,WEAPON DURABILITY,11": "160",
    "WEAPONS,DURABILITY,WEAPON DURABILITY,13": "220",
    "WEAPONS,DURABILITY,WEAPON DURABILITY,15": "600",
    "WEAPONS,WEAPON PHYSICS,WEAPON PHYSICS SETTINGS,1": "0.80",
    "WEAPONS,WEAPON PHYSICS,WEAPON PHYSICS SETTINGS,3": "1.10",
    "WEAPONS,WEAPON PHYSICS,WEAPON PHYSICS SETTINGS,5": "1.50",
    "WEAPONS,WEAPON PHYSICS,WEAPON PHYSICS SETTINGS,7": "1.75",
    "WEAPONS,WEAPON PHYSICS,WEAPON PHYSICS SETTINGS,9": "2.00",
    "WEAPONS,WEAPON PHYSICS,WEAPON PHYSICS SETTINGS,11": "1.10",
    "WEAPONS,WEAPON PHYSICS,WEAPON PHYSICS SETTINGS,13": "1.00",
    "WEAPONS,WEAPON REACTIONS,WEAPONS BOUNCE REACTIONS,1": "33",
    "WEAPONS,WEAPON REACTIONS,WEAPONS BOUNCE REACTIONS,3": "33",
    "WEAPONS,WEAPON REACTIONS,WEAPONS BOUNCE REACTIONS,5": "33",
    "WEAPONS,WEAPON REACTIONS,WEAPONS BOUNCE REACTIONS,7": "3",
    "WEAPONS,WEAPON REACTIONS,WEAPONS BOUNCE REACTIONS,9": "3",
    "WEAPONS,WEAPON REACTIONS,WEAPONS BOUNCE REACTIONS,11": "3",
    "WEAPONS,WEAPON REACTIONS,WEAPONS BOUNCE REACTIONS,13": "33",
    "Explosives,SETTINGS,EXPLOSIVES,0": "5.00",
    "Explosives,SETTINGS,EXPLOSIVES,1": "6.00",
    "Explosives,SETTINGS,EXPLOSIVES,3": "5",
    "Explosives,SETTINGS,EXPLOSIVES,4": "300",
    "Explosives,SETTINGS,EXPLOSIVES,5": "8",
    "Explosives,SETTINGS,EXPLOSIVES,6": "1.75",
    "Explosives,SETTINGS,EXPLOSIVES,8": "4",
    "Explosives,SETTINGS,EXPLOSIVES,9": "250",
    "Explosives,SETTINGS,EXPLOSIVES,10": "6",
    "Explosives,SETTINGS,EXPLOSIVES,11": "1.55",
    "Explosives,SETTINGS,EXPLOSIVES,13": "0",
    "Explosives,SETTINGS,EXPLOSIVES,14": "350",
    "Explosives,SETTINGS,EXPLOSIVES,15": "10",
    "Explosives,SETTINGS,EXPLOSIVES,16": "2.05",
    "Explosives,REACTIONS,AI EXPLOSIVE REACTIONS,0": "70",
    "Explosives,REACTIONS,AI EXPLOSIVE REACTIONS,1": "120",
    "UI,HUD SETTINGS,HUD SETTINGS,0": "true",
    "UI,HUD SETTINGS,HUD SETTINGS,1": "false",
    "UI,HUD SETTINGS,HUD SETTINGS,2": "false",
    "UI,HUD SETTINGS,HUD SETTINGS,3": "true",
    "UI,HUD SETTINGS,HUD SETTINGS,4": "true",
    "UI,HUD SETTINGS,HUD SETTINGS,5": "false",
    "UI,HUD SETTINGS,HUD SETTINGS,6": "false",
    "UI,HUD SETTINGS,HUD SETTINGS,8": "false",
    "UI,HUD SETTINGS,HUD SETTINGS,9": "false",
    "UI,HUD SETTINGS,HUD SETTINGS,10": "false",
    "UI,HUD SETTINGS,HUD SETTINGS,11": "false",
    "UI,HUD SETTINGS,HUD SETTINGS,12": "false",
    "UI,HUD SETTINGS,HUD SETTINGS,13": "false",
    "UI,HUD SETTINGS,HUD SETTINGS,14": "false",
    "UI,HUD SETTINGS,HUD SETTINGS,15": "false",
    "UI,HUD SETTINGS,HUD SETTINGS,16": "false",
    "UI,HUD SETTINGS,HUD SETTINGS,17": "false",
    "UI,HUD SETTINGS,HUD SETTINGS,18": "false",
    "UI,HUD COLORS,Quest Giver,1": "255",
    "UI,HUD COLORS,Quest Giver,2": "185",
    "UI,HUD COLORS,Quest Giver,3": "11",
    "UI,HUD COLORS,Quest Giver Night,1": "255",
    "UI,HUD COLORS,Quest Giver Night,2": "185",
    "UI,HUD COLORS,Quest Giver Night,3": "11",
    "UI,HUD COLORS,Encounter,1": "159",
    "UI,HUD COLORS,Encounter,2": "194",
    "UI,HUD COLORS,Encounter,3": "212",
    "UI,HUD COLORS,Encounter Infected,1": "159",
    "UI,HUD COLORS,Encounter Infected,2": "194",
    "UI,HUD COLORS,Encounter Infected,3": "212",
    "UI,HUD COLORS,Encounter Infected - Volatile,1": "116",
    "UI,HUD COLORS,Encounter Infected - Volatile,2": "180",
    "UI,HUD COLORS,Encounter Infected - Volatile,3": "212",
    "UI,HUD COLORS,Encounter - Hag Tracks,1": "116",
    "UI,HUD COLORS,Encounter - Hag Tracks,2": "180",
    "UI,HUD COLORS,Encounter - Hag Tracks,3": "212",
    "UI,MAP COLORS,UI Color Generic - Grey,0": "194",
    "UI,MAP COLORS,UI Color Generic - Grey,1": "194",
    "UI,MAP COLORS,UI Color Generic - Grey,2": "194",
    "UI,MAP COLORS,UI Color Generic - Green,0": "111",
    "UI,MAP COLORS,UI Color Generic - Green,1": "178",
    "UI,MAP COLORS,UI Color Generic - Green,2": "117",
    "UI,MAP COLORS,UI Color Generic - Red,0": "229",
    "UI,MAP COLORS,UI Color Generic - Red,1": "30",
    "UI,MAP COLORS,UI Color Generic - Red,2": "8",
    "UI,MAP COLORS,UI Color Generic - Noise,0": "204",
    "UI,MAP COLORS,UI Color Generic - Noise,1": "81",
    "UI,MAP COLORS,UI Color Generic - Noise,2": "84",
    "UI,MAP COLORS,UI Color Generic - Fame Fight,0": "255",
    "UI,MAP COLORS,UI Color Generic - Fame Fight,1": "118",
    "UI,MAP COLORS,UI Color Generic - Fame Fight,2": "55",
    "UI,MAP COLORS,UI Color Generic - Enemy AI,0": "169",
    "UI,MAP COLORS,UI Color Generic - Enemy AI,1": "169",
    "UI,MAP COLORS,UI Color Generic - Enemy AI,2": "169",
    "UI,MAP COLORS,UI Color Generic - Objective,0": "255",
    "UI,MAP COLORS,UI Color Generic - Objective,1": "185",
    "UI,MAP COLORS,UI Color Generic - Objective,2": "11",
    "UI,MAP COLORS,UI Color Generic - Activity - Hard,0": "218",
    "UI,MAP COLORS,UI Color Generic - Activity - Hard,1": "84",
    "UI,MAP COLORS,UI Color Generic - Activity - Hard,2": "84",
    "UI,MAP COLORS,UI Color Generic - Night Activity,0": "194",
    "UI,MAP COLORS,UI Color Generic - Night Activity,1": "194",
    "UI,MAP COLORS,UI Color Generic - Night Activity,2": "194",
    "UI,MAP COLORS,UI Color Generic - Night Activity - Hard,0": "178",
    "UI,MAP COLORS,UI Color Generic - Night Activity - Hard,1": "32",
    "UI,MAP COLORS,UI Color Generic - Night Activity - Hard,2": "32",
    "UI,MAP COLORS,UI Color Generic Green - Hard,0": "111",
    "UI,MAP COLORS,UI Color Generic Green - Hard,1": "178",
    "UI,MAP COLORS,UI Color Generic Green - Hard,2": "117",
    "UI,MAP COLORS,UI Color Generic Green - Neutral,0": "111",
    "UI,MAP COLORS,UI Color Generic Green - Neutral,1": "178",
    "UI,MAP COLORS,UI Color Generic Green - Neutral,2": "117",
    "UI,MAP COLORS,UI Color Generic Green - Objective,0": "111",
    "UI,MAP COLORS,UI Color Generic Green - Objective,1": "178",
    "UI,MAP COLORS,UI Color Generic Green - Objective,2": "117",
    "UI,MAP COLORS,UI Color Generic Green - Marked Neutral,0": "111",
    "UI,MAP COLORS,UI Color Generic Green - Marked Neutral,1": "178",
    "UI,MAP COLORS,UI Color Generic Green - Marked Neutral,2": "117",
    "UI,MAP COLORS,UI Color Generic Green - Marked Objective,0": "111",
    "UI,MAP COLORS,UI Color Generic Green - Marked Objective,1": "178",
    "UI,MAP COLORS,UI Color Generic Green - Marked Objective,2": "117",
    "UI,MAP LOCATIONS & ACTIVITIES,NonDiscovered,0": "194",
    "UI,MAP LOCATIONS & ACTIVITIES,NonDiscovered,1": "194",
    "UI,MAP LOCATIONS & ACTIVITIES,NonDiscovered,2": "194",
    "UI,MAP LOCATIONS & ACTIVITIES,LootIsland - Medium,0": "191",
    "UI,MAP LOCATIONS & ACTIVITIES,LootIsland - Medium,1": "156",
    "UI,MAP LOCATIONS & ACTIVITIES,LootIsland - Medium,2": "119",
    "UI,MAP LOCATIONS & ACTIVITIES,LootIsland - Big,0": "191",
    "UI,MAP LOCATIONS & ACTIVITIES,LootIsland - Big,1": "156",
    "UI,MAP LOCATIONS & ACTIVITIES,LootIsland - Big,2": "119",
    "UI,MAP LOCATIONS & ACTIVITIES,Abandoned Structure,0": "159",
    "UI,MAP LOCATIONS & ACTIVITIES,Abandoned Structure,1": "194",
    "UI,MAP LOCATIONS & ACTIVITIES,Abandoned Structure,2": "212",
    "UI,MAP LOCATIONS & ACTIVITIES,Abandoned Structure - Survivors,0": "240",
    "UI,MAP LOCATIONS & ACTIVITIES,Abandoned Structure - Survivors,1": "189",
    "UI,MAP LOCATIONS & ACTIVITIES,Abandoned Structure - Survivors,2": "139",
    "UI,MAP LOCATIONS & ACTIVITIES,Map Landmark,0": "162",
    "UI,MAP LOCATIONS & ACTIVITIES,Map Landmark,1": "162",
    "UI,MAP LOCATIONS & ACTIVITIES,Map Landmark,2": "162",
    "UI,MAP LOCATIONS & ACTIVITIES,Facility Watertower - Inactive,0": "194",
    "UI,MAP LOCATIONS & ACTIVITIES,Facility Watertower - Inactive,1": "194",
    "UI,MAP LOCATIONS & ACTIVITIES,Facility Watertower - Inactive,2": "194",
    "UI,MAP LOCATIONS & ACTIVITIES,Electrical Substation - Inactive,0": "194",
    "UI,MAP LOCATIONS & ACTIVITIES,Electrical Substation - Inactive,1": "194",
    "UI,MAP LOCATIONS & ACTIVITIES,Electrical Substation - Inactive,2": "194",
    "UI,MAP LOCATIONS & ACTIVITIES,Radio Tower - Inactive,0": "194",
    "UI,MAP LOCATIONS & ACTIVITIES,Radio Tower - Inactive,1": "194",
    "UI,MAP LOCATIONS & ACTIVITIES,Radio Tower - Inactive,2": "194",
    "UI,MAP LOCATIONS & ACTIVITIES,Radio Tower - Inactive - Hard,0": "178",
    "UI,MAP LOCATIONS & ACTIVITIES,Radio Tower - Inactive - Hard,1": "32",
    "UI,MAP LOCATIONS & ACTIVITIES,Radio Tower - Inactive - Hard,2": "32",
    "UI,MAP LOCATIONS & ACTIVITIES,Facility Quarantine - Inactive,0": "194",
    "UI,MAP LOCATIONS & ACTIVITIES,Facility Quarantine - Inactive,1": "194",
    "UI,MAP LOCATIONS & ACTIVITIES,Facility Quarantine - Inactive,2": "194",
    "UI,MAP LOCATIONS & ACTIVITIES,Facility Quarantine - Inactive - Hard,0": "178",
    "UI,MAP LOCATIONS & ACTIVITIES,Facility Quarantine - Inactive - Hard,1": "32",
    "UI,MAP LOCATIONS & ACTIVITIES,Facility Quarantine - Inactive - Hard,2": "32",
    "UI,MAP LOCATIONS & ACTIVITIES,Facility Metro - Inactive,0": "194",
    "UI,MAP LOCATIONS & ACTIVITIES,Facility Metro - Inactive,1": "194",
    "UI,MAP LOCATIONS & ACTIVITIES,Facility Metro - Inactive,2": "194",
    "UI,MAP LOCATIONS & ACTIVITIES,Bandit Camp - Inactive,0": "194",
    "UI,MAP LOCATIONS & ACTIVITIES,Bandit Camp - Inactive,1": "194",
    "UI,MAP LOCATIONS & ACTIVITIES,Bandit Camp - Inactive,2": "194",
    "UI,MAP LOCATIONS & ACTIVITIES,Bandit Camp - Inactive - Hard,0": "178",
    "UI,MAP LOCATIONS & ACTIVITIES,Bandit Camp - Inactive - Hard,1": "32",
    "UI,MAP LOCATIONS & ACTIVITIES,Bandit Camp - Inactive - Hard,2": "32",
    "UI,MAP LOCATIONS & ACTIVITIES,Facility Windmill - Inactive,0": "194",
    "UI,MAP LOCATIONS & ACTIVITIES,Facility Windmill - Inactive,1": "194",
    "UI,MAP LOCATIONS & ACTIVITIES,Facility Windmill - Inactive,2": "194",
    "UI,MAP LOCATIONS & ACTIVITIES,Facility Windmill - Inactive - Hard,0": "178",
    "UI,MAP LOCATIONS & ACTIVITIES,Facility Windmill - Inactive - Hard,1": "32",
    "UI,MAP LOCATIONS & ACTIVITIES,Facility Windmill - Inactive - Hard,2": "32",
    "UI,MAP LOCATIONS & ACTIVITIES,Loot Cave,0": "145",
    "UI,MAP LOCATIONS & ACTIVITIES,Loot Cave,1": "162",
    "UI,MAP LOCATIONS & ACTIVITIES,Loot Cave,2": "255",
    "UI,MAP LOCATIONS & ACTIVITIES,Loot Cave - Marked Neutral,0": "145",
    "UI,MAP LOCATIONS & ACTIVITIES,Loot Cave - Marked Neutral,1": "162",
    "UI,MAP LOCATIONS & ACTIVITIES,Loot Cave - Marked Neutral,2": "255",
    "UI,MAP LOCATIONS & ACTIVITIES,Loot Cave - Marked Objective,0": "145",
    "UI,MAP LOCATIONS & ACTIVITIES,Loot Cave - Marked Objective,1": "162",
    "UI,MAP LOCATIONS & ACTIVITIES,Loot Cave - Marked Objective,2": "255",
    "UI,MAP LOCATIONS & ACTIVITIES,Loot Cave - Neutral,0": "145",
    "UI,MAP LOCATIONS & ACTIVITIES,Loot Cave - Neutral,1": "162",
    "UI,MAP LOCATIONS & ACTIVITIES,Loot Cave - Neutral,2": "255",
    "UI,MAP LOCATIONS & ACTIVITIES,Loot Cave - Objective,0": "145",
    "UI,MAP LOCATIONS & ACTIVITIES,Loot Cave - Objective,1": "162",
    "UI,MAP LOCATIONS & ACTIVITIES,Loot Cave - Objective,2": "255",
    "UI,BINOCULAR COLORS,Bandit Lieutenant,0": "205",
    "UI,BINOCULAR COLORS,Bandit Lieutenant,1": "81",
    "UI,BINOCULAR COLORS,Bandit Lieutenant,2": "85",
    "UI,BINOCULAR COLORS,Bandit Summoner,1": "205",
    "UI,BINOCULAR COLORS,Bandit Summoner,2": "81",
    "UI,BINOCULAR COLORS,Bandit Summoner,3": "85",
    "UI,BINOCULAR COLORS,Duke,1": "205",
    "UI,BINOCULAR COLORS,Duke,2": "81",
    "UI,BINOCULAR COLORS,Duke,3": "85",
    "UI,BINOCULAR COLORS,Duke Summoner,1": "205",
    "UI,BINOCULAR COLORS,Duke Summoner,2": "81",
    "UI,BINOCULAR COLORS,Duke Summoner,3": "85",
    "UI,BINOCULAR COLORS,Duke Leader,1": "205",
    "UI,BINOCULAR COLORS,Duke Leader,2": "81",
    "UI,BINOCULAR COLORS,Duke Leader,3": "85",
    "UI,BINOCULAR COLORS,Renegade,1": "205",
    "UI,BINOCULAR COLORS,Renegade,2": "81",
    "UI,BINOCULAR COLORS,Renegade,3": "85",
    "UI,BINOCULAR COLORS,Renegade Lieutenant,1": "205",
    "UI,BINOCULAR COLORS,Renegade Lieutenant,2": "81",
    "UI,BINOCULAR COLORS,Renegade Lieutenant,3": "85",
    "UI,BINOCULAR COLORS,Renegade Leader,1": "205",
    "UI,BINOCULAR COLORS,Renegade Leader,2": "81",
    "UI,BINOCULAR COLORS,Renegade Leader,3": "85",
    "UI,BINOCULAR COLORS,Renegade Summoner,1": "205",
    "UI,BINOCULAR COLORS,Renegade Summoner,2": "81",
    "UI,BINOCULAR COLORS,Renegade Summoner,3": "85",
    "UI,ENEMY COLORS,Bandit Summoner,1": "255",
    "UI,ENEMY COLORS,Bandit Summoner,2": "255",
    "UI,ENEMY COLORS,Bandit Summoner,3": "255",
    "UI,ENEMY COLORS,Renegade Lieutenant,1": "205",
    "UI,ENEMY COLORS,Renegade Lieutenant,2": "81",
    "UI,ENEMY COLORS,Renegade Lieutenant,3": "85",
    "UI,ENEMY COLORS,Renegade Leader,1": "205",
    "UI,ENEMY COLORS,Renegade Leader,2": "81",
    "UI,ENEMY COLORS,Renegade Leader,3": "85",
    "UI,ENEMY COLORS,Renegade Summoner,1": "205",
    "UI,ENEMY COLORS,Renegade Summoner,2": "81",
    "UI,ENEMY COLORS,Renegade Summoner,3": "85",
    "UI,DEATH,DEATH,1": "9.00",
    "UI,DEATH,DEATH,3": "2.25",
    "Lockpick,EASY,EASY,1": "1",
    "Lockpick,EASY,EASY,3": "1",
    "Lockpick,EASY,EASY,5": "1.90",
    "Lockpick,EASY,EASY,7": "20.00",
    "Lockpick,EASY,EASY,9": "10.00",
    "Lockpick,EASY,EASY,11": "90.00",
    "Lockpick,EASY,EASY,13": "0.00",
    "Lockpick,EASY,EASY,15": "3.00",
    "Lockpick,EASY,EASY,17": "2",
    "Lockpick,EASY,EASY,19": "0",
    "Lockpick,MEDIUM,MEDIUM,1": "1",
    "Lockpick,MEDIUM,MEDIUM,3": "2",
    "Lockpick,MEDIUM,MEDIUM,5": "1.90",
    "Lockpick,MEDIUM,MEDIUM,7": "15.00",
    "Lockpick,MEDIUM,MEDIUM,9": "7.25",
    "Lockpick,MEDIUM,MEDIUM,11": "90.00",
    "Lockpick,MEDIUM,MEDIUM,13": "0.00",
    "Lockpick,MEDIUM,MEDIUM,15": "3.00",
    "Lockpick,MEDIUM,MEDIUM,17": "3",
    "Lockpick,MEDIUM,MEDIUM,19": "0",
    "Lockpick,HARD,HARD,1": "1",
    "Lockpick,HARD,HARD,3": "3",
    "Lockpick,HARD,HARD,5": "1.90",
    "Lockpick,HARD,HARD,7": "8.00",
    "Lockpick,HARD,HARD,9": "3.75",
    "Lockpick,HARD,HARD,11": "90.00",
    "Lockpick,HARD,HARD,13": "0.00",
    "Lockpick,HARD,HARD,15": "3.00",
    "Lockpick,HARD,HARD,17": "5",
    "Lockpick,HARD,HARD,19": "0",
    "Lockpick,IMPOSSIBLE,IMPOSSIBLE,1": "1",
    "Lockpick,IMPOSSIBLE,IMPOSSIBLE,3": "4",
    "Lockpick,IMPOSSIBLE,IMPOSSIBLE,5": "1.90",
    "Lockpick,IMPOSSIBLE,IMPOSSIBLE,7": "5.00",
    "Lockpick,IMPOSSIBLE,IMPOSSIBLE,9": "1.25",
    "Lockpick,IMPOSSIBLE,IMPOSSIBLE,11": "90.00",
    "Lockpick,IMPOSSIBLE,IMPOSSIBLE,13": "0.00",
    "Lockpick,IMPOSSIBLE,IMPOSSIBLE,15": "3.00",
    "Lockpick,IMPOSSIBLE,IMPOSSIBLE,17": "7",
    "Lockpick,IMPOSSIBLE,IMPOSSIBLE,19": "0",
    "Weather,CLEAR & CLOUDY,CLEAR & CLOUDY,0": "60",
    "Weather,CLEAR & CLOUDY,CLEAR & CLOUDY,1": "320",
    "Weather,CLEAR & CLOUDY,CLEAR & CLOUDY,2": "60",
    "Weather,CLEAR & CLOUDY,CLEAR & CLOUDY,3": "320",
    "Weather,CLEAR & CLOUDY,CLEAR & CLOUDY,4": "60",
    "Weather,CLEAR & CLOUDY,CLEAR & CLOUDY,5": "320",
    "Weather,CLEAR & CLOUDY,CLEAR & CLOUDY,6": "60",
    "Weather,CLEAR & CLOUDY,CLEAR & CLOUDY,7": "320",
    "Weather,OVERCAST & FOGGY,OVERCAST & FOGGY,0": "30",
    "Weather,OVERCAST & FOGGY,OVERCAST & FOGGY,1": "320",
    "Weather,OVERCAST & FOGGY,OVERCAST & FOGGY,2": "30",
    "Weather,OVERCAST & FOGGY,OVERCAST & FOGGY,3": "320",
    "Weather,OVERCAST & FOGGY,OVERCAST & FOGGY,4": "30",
    "Weather,OVERCAST & FOGGY,OVERCAST & FOGGY,5": "320",
    "Weather,OVERCAST & FOGGY,OVERCAST & FOGGY,6": "30",
    "Weather,OVERCAST & FOGGY,OVERCAST & FOGGY,7": "320",
    "Weather,RAINY & STORMY,RAINY & STORMY,0": "10",
    "Weather,RAINY & STORMY,RAINY & STORMY,1": "320",
    "Weather,RAINY & STORMY,RAINY & STORMY,2": "10",
    "Weather,RAINY & STORMY,RAINY & STORMY,3": "320",
    "Weather,RAINY & STORMY,RAINY & STORMY,4": "10",
    "Weather,RAINY & STORMY,RAINY & STORMY,5": "320",
    "Weather,RAINY & STORMY,RAINY & STORMY,6": "10",
    "Weather,RAINY & STORMY,RAINY & STORMY,7": "320",
    "Cheats,CHEATS,GHOST MODE,0": "0",
    "Cheats,CHEATS,Infinite Stamina,0": "false",
    "v,e,r,s,i,o,n": "1.6",
    "version": "1.6"
}