<?xml version="1.0"?>
<ConstParams xmlns:xsi="http://www.w3.org/2001/XMLSchema-instance" xsi:noNamespaceSchemaLocation="../../../MetaData/schema_const.xsd">
    <ExternalParams m_UID="human_consts_ovrd_one_handed"/>
    <!-- overrides - one handed tier 2 -->
    <Param m_Name="$enable_attack_quick" m_Value="true"/>
    <Param m_Name="$enable_attack_power" m_Value="false"/>
    <Param m_Name="$enable_attack_grab" m_Value="true"/>
    <Param m_Name="$enable_attack_combo" m_Value="false"/>
    <Param m_Name="$enable_attack_quick_reaction" m_Value="false"/>
    <Param m_Name="$enable_dodge" m_Value="true"/>
    <Param m_Name="$dodge_melee_from_hit_count" m_Value="2"/>
    <Param m_Name="$dodge_melee_from_hit_prob" m_Value="0.5"/>
    <Param m_Name="$dodge_melee_default_prob" m_Value="0.1"/>
    <Param m_Name="$enable_block" m_Value="true"/>
    <Param m_Name="$enable_block_phase_incremental" m_Value="true"/>
    <Param m_Name="$block_phase_min" m_Value="2"/>
	<Param m_Name="$block_from_hit_count" m_Value="1"/>
    <Param m_Name="$block_from_hit_prob" m_Value="0.5"/>
    <Param m_Name="$block_exit_on_hit_prob" m_Value="0.4"/>
    <Param m_Name="$enable_attack_counter" m_Value="false"/>
    <Param m_Name="$enable_attack_push" m_Value="true"/>
    <Param m_Name="$enable_attack_push_followup" m_Value="false"/>
    <Param m_Name="$enable_attack_step_back" m_Value="true"/>
    <Param m_Name="$enable_attack_recoil" m_Value="true"/>
	<Param m_Name="$enable_attack_recoil_stunned_state" m_Value="true"/>	
	<!-- overrides - bow -->
    <Param m_Name="$enable_combat_bow" m_Value="true"/>
	<Param m_Name="$enable_search" m_Value="true"/>
    <Param m_Name="$enable_poi_inspection" m_Value="true"/>
	<!-- defensive moves -->
    <Param m_Name="$attack_push_max_range" m_Value="3.5"/>
    <!-- bow - single shot -->
    <Param m_Name="$enable_bow_shot_single" m_Value="true"/>
    <Param m_Name="$bow_shot_single_cooldown" m_Value="1"/>
    <!-- bow - combo shot -->
    <Param m_Name="$enable_bow_shot_combo" m_Value="false"/>
    <!-- bow - multi shot -->
    <Param m_Name="$enable_bow_shot_multi" m_Value="false"/>
    <!-- bow - common -->
    <Param m_Name="$bow_aim_delay" m_Value="0.75"/>
    <Param m_Name="$bow_arrow_speed" m_Value="20"/>
    <Param m_Name="$bow_arrow_correction_angle" m_Value="0"/>
</ConstParams>
