<?xml version="1.0"?>
<ConstParams xmlns:xsi="http://www.w3.org/2001/XMLSchema-instance" xsi:noNamespaceSchemaLocation="../../../MetaData/schema_const.xsd">
    <!-- overrides - two handed -->
    <Param m_Name="$enable_combat_two_handed" m_Value="true"/>
    <Param m_Name="$weapon_anim_switch_enabled" m_Value="false"/>
    <Param m_Name="$weapon_no_anim_switch_enabled" m_Value="true"/>
    <Param m_Name="$weapon_holster_enabled" m_Value="false"/>
	<Param m_Name="$disable_hit_phases_when_surrounded_by_coop_players" m_Value="true"/>
    <Param m_Name="$enable_hit_breaker" m_Value="true"/>
	<Param m_Name="$enable_search" m_Value="true"/>
	<Param m_Name="$enable_poi_inspection" m_Value="true"/>
</ConstParams>
