<?xml version="1.0" encoding="UTF-8"?>
<BehaviorTree xmlns:xsi="http://www.w3.org/2001/XMLSchema-instance" xsi:noNamespaceSchemaLocation="../../MetaData/schema_ai.xsd" m_ContextType="ai">
    <SequenceMem>
        <Sequence>
            <ExternalTree m_UID="AI_COMMON_INIT" m_CustomName="Params" m_Hide="true"/>
            <ExternalTree m_UID="DEMOLISHER_INIT" m_CustomName="Params" m_Hide="true"/>
        </Sequence>
        <SequenceMem>
            <Selector>
                <ExternalTree m_UID="AI_DEATH" m_CustomName="Death" m_Hide="true"/>
                <ExposeLogicState m_ExposedState="CANT_BE_ROPE_PULLED">
                    <ParallelRepeat m_PolicySuccess="REQUIRE_NONE" m_PolicyFailure="REQUIRE_NONE">
                        <Sequence>
                            <ExternalTree m_UID="AI_UPDATE_ENEMY_PROTO" m_CustomName="Find_Enemy" m_Hide="true"/>
                            <ExternalTree m_UID="$update_tree" m_CustomName="Update" m_Hide="true"/>
                            <UseCombatSlots m_Target="#target">
                                <RepeatOnceOnSuccess>
                                    <Selector>
                                        <ExternalTree m_UID="DEMOLISHER_REACTION" m_CustomName="Reactions" m_Hide="true"/>
                                        <Optional m_Enabled="$enable_summoning_taunt">
                                            <ExternalTree m_UID="DEMOLISHER_SUMMONING_TAUNT" m_CustomName="Taunt" m_Hide="true"/>
                                        </Optional>
                                        <ExternalTree m_UID="DEMOLISHER_COMBAT" m_CustomName="Combat" m_Hide="true"/>
                                        <ExternalTree m_UID="DEMOLISHER_CHASE" m_CustomName="Chase" m_Hide="true"/>
                                        <ExternalTree m_UID="DEMOLISHER_INVESTIGATE_POI" m_CustomName="Investigate" m_Hide="true"/>
                                        <ExternalTree m_UID="AI_REQUESTS" m_CustomName="AI_Requests" m_Hide="true"/>
                                        <ExternalTree m_UID="DEMOLISHER_RETURN_TO_SPAWN" m_CustomName="Return" m_Hide="true"/>
                                        <Act_Status m_StatusRequired="RUNNING"/>
                                    </Selector>
                                </RepeatOnceOnSuccess>
                            </UseCombatSlots>
                        </Sequence>
                        <ExposeTarget m_Target="#target">
                            <Act_Status m_StatusRequired="RUNNING"/>
                        </ExposeTarget>
                        <ExternalTree m_UID="DEMOLISHER_REACTION_LIGHT_HIT" m_CustomName="LayeredHit" m_Hide="true"/>
                        <ExternalTree m_UID="AI_TRACK" m_CustomName="TrackEnemy" m_Hide="true"/>
                    </ParallelRepeat>
                </ExposeLogicState>
            </Selector>
        </SequenceMem>
    </SequenceMem>
</BehaviorTree>
