<?xml version="1.0" encoding="UTF-8"?>
<BehaviorTree xmlns:xsi="http://www.w3.org/2001/XMLSchema-instance" xsi:noNamespaceSchemaLocation="../../../../MetaData/schema_ai.xsd" m_ContextType="ai">
    <CooldownTimeDelta m_CooldownTime="#attack_360_cooldown">
        <SequenceMem>
            <Cnd_TargetInRadiusPredicted  m_Target="#target" m_Radius="$aoe_attack_max_range" m_Time="$target_prediciton_time"/>
            <Cnd_TargetInAngle m_Target="#target" m_Angle="$aoe_attack_min_angle" m_Invert="true"/>
            <Cnd_IsHeightDiffToTargetGreater m_Target="#target" m_HeightDiff="1.5" m_Invert="true"/>
            <Cnd_CanInterruptActivityModule_Movement/>
            <Act_Attack m_Target="#target" m_AttackPresetName="goon_aoe" m_StartPolicy="INTERRUPT" m_AbandonPolicy="INTERRUPT" m_DecisionPolicy="WHEN_POSSIBLE"/>
        </SequenceMem>
    </CooldownTimeDelta>
</BehaviorTree>
