<?xml version="1.0" encoding="UTF-8"?>
<BehaviorTree xmlns:xsi="http://www.w3.org/2001/XMLSchema-instance" xsi:noNamespaceSchemaLocation="../../../../MetaData/schema_ai.xsd" m_ContextType="ai">
    <SetFlagOnRunning m_Key="#combo_active">
        <CooldownTimeDelta m_CooldownTime="#light_attack_cooldown">
            <SequenceMem>
                <Cnd_TargetInRadiusPredicted  m_Target="#target" m_Radius="$light_attack_max_range" m_Time="$target_prediciton_time"/>
                <Cnd_TargetInAngle m_Target="#target" m_Angle="$light_attack_max_angle"/>
                <Cnd_CanInterruptActivityModule_Movement/>
                <Cnd_CanInterruptActivityModule_Attack/>
                <Opr_SetDirCorrectionSpeed m_MaxSpeed="$attack_stand_dir_correction_speed"/>
                <Cnd_IsHeightDiffToTargetGreater m_Target="#target" m_HeightDiff="1.5" m_Invert="true"/>
                <Opr_RandomInt m_RangeMin="$light_attack_combo_min" m_Result="#light_attack_count" m_RangeMax="$light_attack_combo_max"/>
                <Opr_DecrementBBValue_int m_Key="#light_attack_count" m_Amount="1"/>
                <Opr_Trigger m_Key="#trigger_light_attack"/>
                <Succeeder>
                    <RepeatOnceOnSuccess>
                        <Starter m_Key="#trigger_light_attack">
                            <Parallel m_PolicySuccess="REQUIRE_ONE" m_PolicyFailure="REQUIRE_ONE">
                                <SequenceMem>
                                    <Act_Attack m_Target="#target" m_AttackPresetName="goon_light_attack" m_StartPolicy="INTERRUPT" m_AbandonPolicy="BLENDOUT" m_DecisionPolicy="WHEN_POSSIBLE"/>
                                    <Opr_GetCurrentTime m_TimePoint="#last_light_attack_time"/>
                                </SequenceMem>
                                <RunUntilSuccess>
                                    <Sequence>
                                        <Cnd_CanAttackCombo/>
                                        <Cnd_IsCombatTargetInRange m_Radius="$light_attack_max_range" m_Angle="$light_attack_max_angle"/>
                                        <Cnd_IsBBValueGreater_int m_Key="#light_attack_count" m_Value="0"/>
                                        <Opr_DecrementBBValue_int m_Key="#light_attack_count" m_Amount="1"/>
                                        <Opr_Trigger m_Key="#trigger_light_attack"/>
                                    </Sequence>
                                </RunUntilSuccess>
                            </Parallel>
                        </Starter>
                    </RepeatOnceOnSuccess>
                </Succeeder>
            </SequenceMem>
        </CooldownTimeDelta>
    </SetFlagOnRunning>
</BehaviorTree>
