<?xml version="1.0" encoding="UTF-8"?>
<BehaviorTree xmlns:xsi="http://www.w3.org/2001/XMLSchema-instance" xsi:noNamespaceSchemaLocation="../../../../MetaData/schema_ai.xsd" m_ContextType="ai">
    <SetFlagOnRunning m_Key="#combo_active">
        <CooldownTimeDelta m_CooldownTime="#horizontal_attack_cooldown">
            <SequenceMem>
                <Cnd_TargetInRadius m_Target="#target" m_Radius="$horizontal_attack_max_range" m_HorizontalOnly="true"/>
                <Cnd_TargetInRadius m_Target="#target" m_Radius="2" m_HorizontalOnly="true" m_Invert="true"/>
                <Cnd_TargetInAngle m_Target="#target" m_Angle="$horizontal_attack_max_angle"/>
                <Cnd_HasTimePassed m_TimePoint="#last_light_attack_time" m_TimeDelta="0.3"/>
                <Cnd_CanInterruptActivityModule_Attack/>
                <Selector>
                    <Cnd_TargetIsCrouching m_Target="#target" m_Invert="true"/>
                    <Sequence>
                        <Cnd_IsTargetLower m_Target="#target" m_Invert="true"/>
                        <Cnd_IsHeightDiffToTargetGreater m_Target="#target" m_HeightDiff="1.5"/>
                        <Cnd_IsHeightDiffToTargetGreater m_Target="#target" m_HeightDiff="4.5" m_Invert="true"/>
                    </Sequence>
                </Selector>
                <Opr_RandomInt m_RangeMin="$horizontal_attack_combo_min" m_Result="#horizontal_attack_count" m_RangeMax="$horizontal_attack_combo_max"/>
                <Opr_DecrementBBValue_int m_Key="#horizontal_attack_count" m_Amount="1"/>
                <Opr_Trigger m_Key="#trigger_horizontal_attack"/>
                <Opr_GetCurrentTime m_TimePoint="#vertical_attack_cooldown_end"/>
                <Opr_SetDirCorrectionSpeed m_MaxSpeed="$attack_stand_dir_correction_speed"/>
                <Succeeder>
                    <RepeatOnceOnSuccess>
                        <Starter m_Key="#trigger_horizontal_attack">
                            <Parallel m_PolicySuccess="REQUIRE_ONE" m_PolicyFailure="REQUIRE_ONE">
                                <ExposeLogicState m_ExposedState="HIGH_HORIZONTAL_ATTACK">
                                    <Act_Attack m_Target="#target" m_AttackPresetName="goon_horizontal_attack" m_StartPolicy="INTERRUPT" m_AbandonPolicy="BLENDOUT" m_DecisionPolicy="WHEN_POSSIBLE"/>
                                </ExposeLogicState>
                                <RunUntilSuccess>
                                    <Sequence>
                                        <Cnd_CanAttackCombo/>
                                        <Cnd_TargetInRadiusPredicted  m_Target="#target" m_Radius="$horizontal_attack_max_range" m_Time="$target_prediciton_time"/>
                                        <Cnd_TargetInAngle m_Target="#target" m_Angle="75"/>
                                        <Cnd_TargetIsCrouching m_Target="#target" m_Invert="true"/>
                                        <Cnd_IsBBValueGreater_int m_Key="#horizontal_attack_count" m_Value="0"/>
                                        <Opr_DecrementBBValue_int m_Key="#horizontal_attack_count" m_Amount="1"/>
                                        <Selector>
                                            <Act_Status m_StatusRequired="SUCCESS"/>
                                            <Cnd_TargetIsCrouching m_Target="#target" m_Invert="true"/>
                                            <Sequence>
                                                <Cnd_IsTargetLower m_Target="#target" m_Invert="true"/>
                                                <Cnd_IsHeightDiffToTargetGreater m_Target="#target" m_HeightDiff="1.5"/>
                                                <Cnd_IsHeightDiffToTargetGreater m_Target="#target" m_HeightDiff="4.5" m_Invert="true"/>
                                            </Sequence>
                                        </Selector>
                                        <Opr_Trigger m_Key="#trigger_horizontal_attack"/>
                                    </Sequence>
                                </RunUntilSuccess>
                            </Parallel>
                        </Starter>
                    </RepeatOnceOnSuccess>
                </Succeeder>
            </SequenceMem>
        </CooldownTimeDelta>
    </SetFlagOnRunning>
</BehaviorTree>
