<?xml version="1.0" encoding="UTF-8"?>
<BehaviorTree xmlns:xsi="http://www.w3.org/2001/XMLSchema-instance" xsi:noNamespaceSchemaLocation="../../../../MetaData/schema_ai.xsd" m_ContextType="ai">
    <CooldownUntil m_CooldownTime="#vertical_attack_cooldown" m_TimePoint="#vertical_attack_cooldown_end">
        <ParallelRepeat m_PolicyFailure="REQUIRE_ONE" m_PolicySuccess="REQUIRE_ALL">
            <SequenceMem>
                <Cnd_TargetInRadiusPredicted  m_Target="#target" m_Radius="$vertical_attack_max_range" m_Time="$target_prediciton_time"/>
                <Cnd_TargetInRadius m_Target="#target" m_Radius="$vertical_attack_min_range" m_Invert="true"/>
                <Cnd_IsCombatTargetInLOS/>
                <Cnd_TargetInAngle m_Target="#target" m_Angle="$vertical_attack_max_angle"/>
                <Cnd_IsHeightDiffToTargetGreater m_Target="#target" m_HeightDiff="1.5" m_Invert="true"/>
                <Cnd_CanInterruptActivityModule_Movement/>
                <Selector>
                    <Cnd_IsBBValueEqual_bool m_Key="#combo_active" m_Value="false"/>
                    <Sequence>
                        <Cnd_CanAttackCombo/>
                        <Cnd_TargetIsCrouching m_Target="#target"/>
                    </Sequence>
                </Selector>
                <Opr_SetDirCorrectionSpeed m_MaxSpeed="$attack_stand_dir_correction_speed"/>
                <Act_Attack m_Target="#target" m_AttackPresetName="$goon_vertical_attack_preset" m_Phase="$goon_vertical_attack_phase" m_StartPolicy="INTERRUPT" m_AbandonPolicy="BLENDOUT" m_DecisionPolicy="WHEN_POSSIBLE"/>
            </SequenceMem>
			<SequenceMem>
                <Cnd_TargetInRadiusPredicted  m_Target="#target" m_Radius="$vertical_attack_max_range" m_Time="$target_prediciton_time"/>
                <Cnd_TargetInRadius m_Target="#target" m_Radius="$vertical_attack_min_range" m_Invert="true"/>
                <Cnd_IsCombatTargetInLOS/>
                <Cnd_TargetInAngle m_Target="#target" m_Angle="$vertical_attack_max_angle"/>
                <Cnd_IsHeightDiffToTargetGreater m_Target="#target" m_HeightDiff="4" m_Invert="true"/>
                <Opr_SetDirCorrectionSpeed m_MaxSpeed="$attack_stand_dir_correction_speed"/>
                <Act_MoveFollow m_TargetEntity="#target_entity" m_IsAvoidanceActive="false" m_FailIfDestUnreachable="true" m_MaxDistOutsideNavmeshXZ="2" m_MaxDistOutsideNavmeshY="2" m_AvoidRegionsPreset="$avoid_regions_preset" m_LocomotionSpeed="#input_attack_approach_movement_speed" m_MoveStyle="#run_move_style" m_StopAtDest="false" m_StartPolicy="INTERRUPT" m_AbandonPolicy="BLENDOUT"/>
            </SequenceMem>
            <Succeeder>
                <Sequence>
                    <Cnd_TargetIsDodging m_Target="#target"/>
                    <Opr_SetDirCorrectionSpeed m_MaxSpeed="0"/>
                </Sequence>
            </Succeeder>
        </ParallelRepeat>
    </CooldownUntil>
</BehaviorTree>
