<?xml version="1.0" encoding="UTF-8"?>
<ConstParams xmlns:xsi="http://www.w3.org/2001/XMLSchema-instance" xsi:noNamespaceSchemaLocation="../../../MetaData/schema_const.xsd">
    <ExternalParams m_UID="banshee_profile_base"/>
    <!-- Jump attack -->
    <Param m_Name="$jump_attack_enabled" m_Value="true"/>
    <Param m_Name="$jump_attack_cooldown" m_Value="1.0"/>
    <Param m_Name="$jump_stagger_after_perfect_dodge_time" m_Value="3.0"/>

    <Param m_Name="$try_to_find_nearest_high_ground_position" m_Value="true"/>
    <Param m_Name="$jump_attack_from_above_enabled" m_Value="true"/>
    <Param m_Name="$jump_attack_from_above_cooldown" m_Value="1.0"/>
    <!-- Running attack -->
    <Param m_Name="$running_low_attack_enabled" m_Value="true"/>
    <Param m_Name="$running_low_attack_cooldown" m_Value="1.0"/>
    <!-- Jump low attack -->
    <Param m_Name="$jump_low_attack_enabled" m_Value="true"/>
    <Param m_Name="$jump_low_attack_in_front_of_player_only" m_Value="false"/>
    <Param m_Name="$jump_low_attack_cooldown" m_Value="1.0"/>
    <!-- Dodge consts -->
    <Param m_Name="$enable_dodge" m_Value="true"/>
    <Param m_Name="$dodge_cooldown" m_Value="1.5"/>
    <!-- Other combat params -->
    <Param m_Name="$jump_between_biters_enabled" m_Value="true"/>
    <Param m_Name="$max_jumps_between_biters" m_Value="2"/>

    <Param m_Name="$enable_flanking_run" m_Value="true"/>
    <!-- combat slots -->
    <Param m_Name="$combat_slot_attack_limit" m_Value="2"/>
</ConstParams>
