<?xml version="1.0" encoding="UTF-8"?>
<ConstParams xmlns:xsi="http://www.w3.org/2001/XMLSchema-instance" xsi:noNamespaceSchemaLocation="../../../MetaData/schema_const.xsd">
    <ExternalParams m_UID="banshee_profile_base"/>
    <!-- Jump attack -->
    <Param m_Name="$jump_attack_enabled" m_Value="true"/>
    <Param m_Name="$jump_attack_cooldown" m_Value="4.0"/>
    <Param m_Name="$jump_attack_on_humans_enabled" m_Value="true"/>
    <Param m_Name="$jump_stagger_after_perfect_dodge_time" m_Value="3.0"/>

    <Param m_Name="$try_to_find_nearest_high_ground_position" m_Value="true"/>
    <Param m_Name="$jump_attack_from_above_enabled" m_Value="true"/>
    <Param m_Name="$jump_attack_from_above_cooldown" m_Value="12.0"/>
    <!-- Running attack -->
    <Param m_Name="$running_low_attack_enabled" m_Value="true"/>
    <Param m_Name="$running_low_attack_cooldown" m_Value="12.0"/>
    <!-- Jump low attack -->
    <Param m_Name="$jump_low_attack_enabled" m_Value="true"/>
    <Param m_Name="$jump_low_attack_in_front_of_player_only" m_Value="false"/>
    <Param m_Name="$jump_low_attack_cooldown" m_Value="12.0"/>
    <!-- Dodge consts -->
    <Param m_Name="$enable_dodge" m_Value="true"/>
    <Param m_Name="$dodge_cooldown" m_Value="2.5"/>
    <!-- Other combat params -->
    <Param m_Name="$jump_between_biters_enabled" m_Value="true"/>
    <Param m_Name="$max_jumps_between_biters" m_Value="2"/>

    <Param m_Name="$enable_flanking_run" m_Value="true"/>
    <!-- combat slots -->
    <Param m_Name="$combat_slot_attack_limit" m_Value="12"/>
    <Param m_Name="$uv_immunity" m_Value="true"/>

    <Param m_Name="$enable_spit" m_Value="true"/>
    <Param m_Name="$spit_max_range" m_Value="55.0"/>
    <Param m_Name="$spit_min_range" m_Value="6.0"/>
    <Param m_Name="$spit_max_angle" m_Value="45.0"/>
    <Param m_Name="$spit_cooldown" m_Value="6.5"/>
    <Param m_Name="$spit_count" m_Value="1"/>

    <Param m_Name="$enable_elemental_reactions" m_Value="true"/>
    <Param m_Name="$enable_hit_reactions" m_Value="true"/>
    <Param m_Name="$enable_parried_reactions" m_Value="true"/>
    <Param m_Name="$enable_stun" m_Value="true"/>

    <Param m_Name="$enable_call_reinforcements" m_Value="true"/>
	
	<Param m_Name="$spit_enabled" m_Value="true"/>
    <Param m_Name="$spit_min_range" m_Value="4.5"/>
    <Param m_Name="$spit_max_range" m_Value="15.0"/>
    <Param m_Name="$spit_max_angle" m_Value="60"/>

    <Param m_Name="$quick_spit_enabled" m_Value="false"/>
    <Param m_Name="$quick_spit_max_range" m_Value="6.0"/>
    <Param m_Name="$quick_spit_max_angle" m_Value="45"/>
    <Param m_Name="$quick_spit_cooldown" m_Value="3"/>

    <Param m_Name="$spit_combo_cooldown" m_Value="8"/>
    <Param m_Name="$spit_combo_attacks_min" m_Value="1"/>
    <Param m_Name="$spit_combo_attacks_max" m_Value="2"/>

    <Param m_Name="$mortar_spit_enabled" m_Value="false"/>
    <Param m_Name="$mortar_spit_min_range" m_Value="10.0"/>
    <Param m_Name="$mortar_spit_max_range" m_Value="20.0"/>
    <Param m_Name="$mortar_spit_cooldown" m_Value="15"/>
    <Param m_Name="$mortar_combo_attacks_min" m_Value="1"/>
    <Param m_Name="$mortar_combo_attacks_max" m_Value="1"/>
    <Param m_Name="$mortar_spit_cancel_range" m_Value="6"/>
    <Param m_Name="$mortar_spit_prediction_multiplier" m_Value="0.025"/>
</ConstParams>
