<?xml version="1.0"?>
<ConstParams xmlns:xsi="http://www.w3.org/2001/XMLSchema-instance" xsi:noNamespaceSchemaLocation="../../../MetaData/schema_const.xsd">
    <!-- attack max ranges -->
    <Param m_Name="$attack_max_range" m_Value="2.5"/>
    <Param m_Name="$grab_max_range" m_Value="1.5"/>
    <Param m_Name="$grab_static_max_range" m_Value="1.5"/>
    <Param m_Name="$attack_rest_max_range" m_Value="2.5"/>
    <Param m_Name="$power_attack_max_range" m_Value="3.5"/>
    <Param m_Name="$power_attack_min_range" m_Value="2.0"/>
    <!-- charge params-->
    <Param m_Name="$charge_enabled" m_Value="true"/>
    <Param m_Name="$charge_max_run_range" m_Value="12.0"/>
    <Param m_Name="$charge_max_range" m_Value="10.0"/>
    <Param m_Name="$charge_min_range" m_Value="4.0"/>
    <Param m_Name="$charge_cooldown" m_Value="15.0"/>
    <!-- dir correction speed -->
    <Param m_Name="$attack_move_dir_correction_speed" m_Value="900.0"/>
    <Param m_Name="$attack_stand_dir_correction_speed" m_Value="900.0"/>
    <Param m_Name="$attack_crawl_dir_correction_speed" m_Value="240.0"/>
    <Param m_Name="$attack_stand_vs_running_player_dir_correction_speed" m_Value="180.0"/>
    <!-- other consts -->
    <Param m_Name="$target_prediciton_time" m_Value="0.25"/>

    <!-- combat const -->
    <Param m_Name="$combat_run_distance" m_Value="5.0"/>
    <Param m_Name="$combat_max_angle" m_Value="75.0"/>
    <Param m_Name="$charge_max_angle" m_Value="30.0"/>
    <Param m_Name="$can_turn_on_idle" m_Value="true"/>
    
    <!-- Death Reactions -->
    <Param m_Name="$death_ragdoll_chance_default" m_Value="0.9"/>
    <Param m_Name="$death_ragdoll_chance_cut" m_Value="0.9"/>
    <Param m_Name="$death_ragdoll_chance_blunt" m_Value="0.9"/>
    <Param m_Name="$death_ragdoll_chance_ranged_pierce" m_Value="0.5"/>
    <Param m_Name="$death_snap_angle" m_Value="90"/>
    <Param m_Name="$death_prefer_ragdoll_if_falling_edge_in_radius" m_Value="0.5"/>
    <Param m_Name="$hit_falling_edge_detection_radius" m_Value="3.0"/>
    <Param m_Name="$prefer_ragdoll_on_ranged_weapon_death" m_Value="true"/>
    <Param m_Name="$death_critical_ragdoll_chance" m_Value="1.0"/>

    <Param m_Name="$hit_snap_angle" m_Value="90"/>

    <Param m_Name="$light_attacks_enabled" m_Value="true"/>
    <Param m_Name="$enable_electrocuted_loop_state" m_Value="true"/>
    <Param m_Name="$enable_electrocuted_random_reaction" m_Value="false"/>

    <Param m_Name="$tar_grabs_enabled" m_Value="true"/>
    <Param m_Name="$tar_swing_cooldown" m_Value="0.0"/>
    <Param m_Name="$tar_start_min_range" m_Value="4"/>
    <Param m_Name="$tar_start_max_range" m_Value="15"/>
    <Param m_Name="$tar_attack_miss_preset" m_Value="biter_tar_miss"/>
    <Param m_Name="$tar_attack_swing_preset" m_Value="biter_tar_swing"/>
    <Param m_Name="$tar_attack_swing_upper_body_preset" m_Value="biter_tar_swing_upper_body"/>
    <Param m_Name="$tar_enabled_only_when_grabs_allowed" m_Value="false"/>
    <Param m_Name="$tar_enabled_only_when_both_arms_exist" m_Value="false"/>
    <Param m_Name="$tar_stand_grabs_enabled" m_Value="true"/>

    <Param m_Name="$combat_slot_tar_grab_limit" m_Value="4"/>
    <Param m_Name="$combat_slot_melee_min_delay" m_Value="0"/>
    <Param m_Name="$combat_slot_keep_time" m_Value="1.0"/>

    <!-- Hit progression -->
    <Param m_Name="$enable_hit_reactions" m_Value="true"/>
    <Param m_Name="$hit_phase_incremental_reset_time" m_Value="3.0"/>

    <Param m_Name="$hit_phase_min" m_Value="1"/>
    <Param m_Name="$hit_phase_max" m_Value="4"/>

    <Param m_Name="$hit_critical_ragdoll_chance" m_Value="1.0"/>

    <Param m_Name="$enable_hit_trade" m_Value="true"/>
    <Param m_Name="$hit_trade_max_range" m_Value="5.0"/>
    <Param m_Name="$hit_trade_max_angle" m_Value="90.0"/>

    <Param m_Name="$stun_lock_prevention_min_time_delta_between_damages" m_Value="0.1"/>
    <Param m_Name="$stun_lock_prevention_consecutive_hits_avg" m_Value="2"/>
    <Param m_Name="$stun_lock_prevention_consecutive_hits_dev" m_Value="1"/>
    <Param m_Name="$stun_lock_prevention_vulnerable_body_part" m_Value="Head"/>

    <Param m_Name="$hit_reaction_additive_enabled" m_Value="true"/>
    <Param m_Name="$hit_reaction_additive_cooldown" m_Value="0.1"/>
    
    <Param m_Name="$firearms_leg_hit_ragdoll_chance" m_Value="0.1"/>

    <Param m_Name="$should_be_near_spawn_to_sleep" m_Value="true"/>
    <Param m_Name="$time_to_fall_asleep_when_idle" m_Value="5"/>
    <!-- weapon -->
    <Param m_Name="$enable_weapon_change" m_Value="false"/>
    <Param m_Name="$enable_weapon_set" m_Value="false"/>

    <Param m_Name="$request_use_bp_default_move_style" m_Value="Walk"/>

    <Param m_Name="$use_grab_for_crawl_attack" m_Value="false"/>
    <Param m_Name="$use_avoidance" m_Value="false"/>
    <Param m_Name="$avoid_regions_preset" m_Value="zombie"/>

    <Param m_Name="$force_static_grab" m_Value="false"/>
    <Param m_Name="$enable_recoil_on_perfect_dodge" m_Value="true"/>
    <Param m_Name="$enable_recoil_on_perfect_block" m_Value="false"/>
    <!-- UV light death -->
    <Param m_Name="$min_time_in_uv_to_die" m_Value="15.0"/>
    <Param m_Name="$max_time_in_uv_to_die" m_Value="25.0"/>
    <!-- biter doesn't die in the sun, params are just needed for validation -->
    <Param m_Name="$min_time_in_sunlight_to_die" m_Value="9.0"/>
    <Param m_Name="$max_time_in_sunlight_to_die" m_Value="12.0"/>

    <Param m_Name="$enable_grab_when_player_not_moving" m_Value="true"/>
    <Param m_Name="$enable_charge_with_grab" m_Value="true"/>

    <Param m_Name="$grab_attempt_cooldown" m_Value="5.0"/>
    <Param m_Name="$grab_attempt_min_delay" m_Value="6.0"/>
    <Param m_Name="$grab_attempt_min_consecutive_tar_hits" m_Value="4"/>
    <Param m_Name="$grab_attempt_min_delay_after_target_last_sync_action" m_Value="24.0"/>
    <Param m_Name="$grab_attempt_token_release_after_time" m_Value="2.0"/>

    <Param m_Name="$enable_grab_attack_vs_running_player_outside_of_chase" m_Value="true"/>

    <!-- tar behavior with full grabs instead of hit damages -->
    <Param m_Name="$tar_attack_miss_preset_with_grab" m_Value="biter_tar_miss_grab"/>
    <Param m_Name="$tar_attack_swing_preset_with_grab" m_Value="biter_tar_swing_grab"/>
    <Param m_Name="$tar_attack_swing_upper_body_preset_with_grab" m_Value="biter_tar_swing_upper_body_grab"/>
    <Param m_Name="$tar_enabled_only_when_grabs_allowed" m_Value="true"/>
    <Param m_Name="$tar_enabled_only_when_both_arms_exist" m_Value="true"/>
    <Param m_Name="$tar_stand_grabs_enabled" m_Value="false"/>
    <Param m_Name="$enable_grab_when_player_not_moving" m_Value="true"/>
    <Param m_Name="$grab_attempt_min_delay_after_target_last_sync_action" m_Value="16.5"/>
</ConstParams>
