<ConstParams xmlns:xsi="http://www.w3.org/2001/XMLSchema-instance" xsi:noNamespaceSchemaLocation="../../../MetaData/schema_const.xsd">
    <ExternalParams m_UID="biter_profile_base"/>
	<Param m_Name="$enable_grab_when_player_not_moving" m_Value="false"/>
    <Param m_Name="$enable_charge_with_grab" m_Value="false"/>
	 <!-- dir correction speed -->
	<Param m_Name="$locomotion_speed" m_Value="1.0"/>
	<Param m_Name="$locomotion_speed" m_Value="1.0"/>
    <Param m_Name="$attack_move_dir_correction_speed" m_Value="900.0"/>
    <Param m_Name="$attack_stand_dir_correction_speed" m_Value="900.0"/>
    <Param m_Name="$attack_crawl_dir_correction_speed" m_Value="240.0"/>
	    <!-- other consts -->
    <Param m_Name="$target_prediciton_time" m_Value="0.25"/>
</ConstParams>
