<?xml version="1.0"?>
<ConstParams xmlns:xsi="http://www.w3.org/2001/XMLSchema-instance" xsi:noNamespaceSchemaLocation="../../../../MetaData/schema_const.xsd">
    <ExternalParams m_UID="human_consts_base"/>
	<ExternalParams m_UID="human_faction_base_pk"/>
	<Param m_Name="$enable_weapon_change" m_Value="false"/>
    <Param m_Name="$enable_weapon_set" m_Value="true"/>
    <Param m_Name="$enable_generic_idle_interact" m_Value="true"/>
    <Param m_Name="$enable_retreat" m_Value="true"/>
    <Param m_Name="$enable_retreat_from_high_threat" m_Value="true"/>
    <Param m_Name="$enable_combat_with_low_threat" m_Value="true"/>
    <Param m_Name="$enable_search" m_Value="true"/>
	<!-- bow - single shot -->
    <Param m_Name="$enable_bow_shot_single" m_Value="true"/>
    <Param m_Name="$bow_shot_single_cooldown" m_Value="0.05"/>
	<!-- bow - combo shot -->
    <Param m_Name="$enable_bow_shot_combo" m_Value="true"/>
    <Param m_Name="$bow_shot_combo_cooldown" m_Value="4"/>
    <Param m_Name="$bow_shot_combo_delay" m_Value="0.5"/>
    <Param m_Name="$bow_shot_combo_count" m_Value="1"/>
    <!-- bow - multi shot -->
    <Param m_Name="$enable_bow_shot_multi" m_Value="true"/>
    <Param m_Name="$bow_shot_multi_horizontal_cooldown" m_Value="4"/>
    <Param m_Name="$bow_shot_multi_horizontal_count" m_Value="3"/>
    <Param m_Name="$bow_shot_multi_horizontal_spread" m_Value="1"/>
	<!-- bow - common -->
	<Param m_Name="$bow_shot_single_close_max_range" m_Value="120"/>
    <Param m_Name="$bow_shot_single_close_aim_delay" m_Value="0.05"/>
    <Param m_Name="$bow_aim_attempt_angle" m_Value="30.0"/>
    <Param m_Name="$bow_aim_cancel_angle" m_Value="80"/>
    <Param m_Name="$bow_aim_delay" m_Value="0.1"/>
    <Param m_Name="$bow_arrow_speed" m_Value="200"/>
	<Param m_Name="$bow_hit_prediction_factor" m_Value="0.2"/>
</ConstParams>
