<?xml version="1.0"?>
<ConstParams xmlns:xsi="http://www.w3.org/2001/XMLSchema-instance" xsi:noNamespaceSchemaLocation="../../../../MetaData/schema_const.xsd">
	<Param m_Name="$is_PK" m_Value="true"/>
	<Param m_Name="$enable_retreat" m_Value="true"/>
    <Param m_Name="$enable_retreat_from_high_threat" m_Value="true"/>
    <Param m_Name="$enable_combat_with_low_threat" m_Value="true"/>
    <Param m_Name="$enable_search" m_Value="true"/>
	<Param m_Name="$enable_knife_throw" m_Value="true"/>
	<Param m_Name="$enable_uvflare_throw" m_Value="true"/>
	<Param m_Name="$enable_prefab_throw" m_Value="true"/>
	<Param m_Name="$prefab_throw_cooldown" m_Value="15.0"/>
	<Param m_Name="$enable_attack_kick" m_Value="true"/>
	<!-- Healing -->
	<Param m_Name="$allow_healing" m_Value="false"/>
	<Param m_Name="$healing_cooldown_max" m_Value="22.0"/>
	<Param m_Name="$healing_cooldown_min" m_Value="7.0"/>
</ConstParams>
