<?xml version="1.0"?>
<ConstParams xmlns:xsi="http://www.w3.org/2001/XMLSchema-instance" xsi:noNamespaceSchemaLocation="../../../../MetaData/schema_const.xsd">
    <ExternalParams m_UID="human_consts_base"/>
	<ExternalParams m_UID="human_faction_base_pk"/>
    <!-- predefined overrides -->
	<Param m_Name="$enable_attack_quick" m_Value="true"/>
    <Param m_Name="$enable_attack_quick_reaction" m_Value="true"/>
    <Param m_Name="$dodge_melee_from_hit_count" m_Value="2"/>
    <Param m_Name="$dodge_melee_from_hit_prob" m_Value="1.0"/>
    <Param m_Name="$dodge_melee_default_prob" m_Value="0.0"/>
    <Param m_Name="$enable_block_phase_incremental" m_Value="false"/>
    <Param m_Name="$block_phase_min" m_Value="1"/>
    <Param m_Name="$block_from_hit_count" m_Value="1"/>
    <Param m_Name="$block_from_hit_prob" m_Value="1.0"/>
    <Param m_Name="$block_exit_on_hit_prob" m_Value="0.9"/>
    <Param m_Name="$enable_attack_step_back" m_Value="true"/>
	
    <ExternalParams m_UID="human_consts_ovrd_panic"/>
	<Param m_Name="$enable_weapon_change" m_Value="true"/>
    <Param m_Name="$enable_weapon_set" m_Value="true"/>
    <Param m_Name="$enable_generic_idle_interact" m_Value="true"/>
    <Param m_Name="$enable_retreat" m_Value="true"/>
    <Param m_Name="$enable_retreat_from_high_threat" m_Value="true"/>
    <Param m_Name="$enable_combat_with_low_threat" m_Value="true"/>
    <Param m_Name="$enable_search" m_Value="true"/>
	<Param m_Name="$enable_knife_throw" m_Value="true"/>
	<Param m_Name="$enable_uvflare_throw" m_Value="true"/>
	<Param m_Name="$enable_prefab_throw" m_Value="true"/>
	
	<Param m_Name="$enable_block_attack" m_Value="true"/>
	<Param m_Name="$enable_block" m_Value="true"/>
    <Param m_Name="$enable_block_reaction" m_Value="true"/>
	<Param m_Name="$enable_dodge" m_Value="true"/>
    <Param m_Name="$enable_dodge_on_spot" m_Value="true"/>
	<Param m_Name="$enable_attack_combo" m_Value="true"/>
	<Param m_Name="$enable_attack_power" m_Value="true"/>
	<Param m_Name="$enable_attack_grab" m_Value="true"/>
	<Param m_Name="$enable_attack_power_360" m_Value="true"/>
	<Param m_Name="$enable_attack_push" m_Value="true"/>
    <Param m_Name="$enable_attack_push_followup" m_Value="true"/>
	<!-- common - kick attack -->
    <Param m_Name="$enable_attack_kick" m_Value="true"/>
	<!-- common - counter attack -->
    <Param m_Name="$enable_attack_counter" m_Value="true"/>
	<!-- common - finisher attempt to sync action -->
    <Param m_Name="$enable_attack_finisher" m_Value="true"/>
    <Param m_Name="$attack_finisher_cooldown" m_Value="8"/>
    <Param m_Name="$attack_finisher_max_range" m_Value="4"/>
    <Param m_Name="$attack_finisher_max_angle" m_Value="120.0"/>
	<Param m_Name="$enable_attack_tackle" m_Value="true"/>
	<Param m_Name="$enable_fury" m_Value="true"/>
	<Param m_Name="$enable_attack_fury" m_Value="true"/>
    <Param m_Name="$attack_fury_cooldown" m_Value="5.0"/>
    <Param m_Name="$attack_fury_attempt_max_range" m_Value="12.0"/>
    <Param m_Name="$attack_fury_attempt_min_range" m_Value="2.0"/>
    <Param m_Name="$attack_fury_max_range" m_Value="4.0"/>
    <Param m_Name="$attack_fury_max_angle" m_Value="120.0"/>
    <Param m_Name="$attack_fury_dir_correction_speed" m_Value="120.0"/>
</ConstParams>
