<?xml version="1.0" encoding="UTF-8"?>
<BehaviorTree xmlns:xsi="http://www.w3.org/2001/XMLSchema-instance" xsi:noNamespaceSchemaLocation="../../../MetaData/schema_ai.xsd" m_ContextType="ai">
	<SequenceMem>
        <Cnd_IsPoseEqual m_Pose="Laying" m_Invert="true"/>
        <Cnd_IsBBValueEqual_bool m_Key="#any_stimulus_received" m_Value="true"/>
        <Cnd_PositionInRadius m_Position="#ai_starting_pos" m_Radius="3.5" m_Invert="true"/>
        <CooldownTimeDelta m_CooldownTime="10" m_CooldownOnAbort="true" m_CooldownOnFailure="true">
            <ExternalTree m_UID="BITER_IDLE_RANDOM_WALK" m_CustomName="Idle"/>
        </CooldownTimeDelta>
    </SequenceMem>
</BehaviorTree>
