<?xml version="1.0" encoding="UTF-8"?>
<BehaviorTree xmlns:xsi="http://www.w3.org/2001/XMLSchema-instance" xsi:noNamespaceSchemaLocation="../../../MetaData/schema_ai.xsd" m_ContextType="ai">
    <SequenceMem>
        <Cnd_CanStartTask m_StartPolicy="DISCARD"/>
		<Cnd_CanInterruptActivityModule_Movement/>
        <Cnd_HasBBValue m_Key="#target" m_Invert="true"/>
        <Cnd_IsPoseEqual m_Pose="Laying" m_Invert="true"/>
        <InvestigatePOI m_Position="#poi_position" m_Type="#poi_type" m_Effect="#poi_effect" m_Range="#poi_range" m_IsActive="#poi_active">
            <SelectorMem>
                <Failer>
                    <Opr_SetBBValue_bool m_Key="#should_check_last_target_pos" m_Value="false"/>
                </Failer>
                <SequenceMem m_CustomName="SuspiciousEnemy" m_Hide="true">
                    <Cnd_IsBBValueEqual_EPOIType m_Key="#poi_type" m_Value="Enemy"/>
                    <ExposeLogicState m_ExposedState="detecting_target">
                        <Act_Move m_Destination="#poi_position" m_IsAvoidanceActive="$use_avoidance" m_AvoidRegionsPreset="$avoid_regions_preset" m_MoveStyle="#move_style" m_StopAtDest="true" m_StartPolicy="INTERRUPT" m_AbandonPolicy="BLENDOUT"/>
                    </ExposeLogicState>
                </SequenceMem>
                <SequenceMem m_CustomName="Sight" m_Hide="true">
                    <Cnd_IsBBValueEqual_EPOIType m_Key="#poi_type" m_Value="Sight"/>
                    <ExposeLogicState m_ExposedState="detecting_target">
                        <TimeDeltaLimit m_TimeMax="7.0" m_StatusReturned="SUCCESS">
                            <Act_Investigation m_Type="NOTICE" m_StimulusType="SIGHT" m_StimulusPosition="#poi_position" m_StartPolicy="INTERRUPT" m_AbandonPolicy="BLENDOUT"/>
                        </TimeDeltaLimit>
                    </ExposeLogicState>
                </SequenceMem>
				<SequenceMem m_CustomName="ChaseDown" m_Hide="true">
					<Sequence>
						<Selector>
							<Cnd_HasBBValue m_Key="#target" m_Invert="true"/>
							<Sequence>
								<Cnd_IsCombatTargetInRadius m_Radius="12.0" m_Invert="true"/>
								<Opr_GetDistanceToTarget m_Target="#target" m_Distance="#dist_to_target"/>
								<Opr_GetSelfPosition m_Position="#self_pos"/>
								<Cnd_DistanceBetweenPositionsLower m_Distance="#dist_to_target" m_FirstPosition="#self_pos" m_SecondPosition="#object_pos"/>
							</Sequence>
						</Selector>
						<SelectorMem>
							<SequenceMem>
								<Cnd_PositionInRadius m_Position="#object_pos" m_Radius="7.25"/>
								<Cnd_PositionInAngle m_Position="#object_pos" m_Angle="45.0" m_Invert="true"/>
								<Act_TurnToPos m_Position="#object_pos" m_StartPolicy="INTERRUPT" m_AbandonPolicy="INTERRUPT"/>
							</SequenceMem>
							<Sequence>
								<Cnd_PositionInRadius m_Radius="7.0" m_Position="#object_pos" m_Invert="true"/>
								<Act_Move m_Destination="#object_pos" m_LocomotionSpeed="#degenerated_speed" m_MaxDistOutsideNavmeshXZ="12" m_MaxDistOutsideNavmeshY="12" m_MoveStyle="#move_style" m_StartPolicy="INTERRUPT"/>
							</Sequence>
						</SelectorMem>
					</Sequence>
                </SequenceMem>
                <SequenceMem m_CustomName="Attack" m_Hide="true">
                    <Cnd_IsBBValueEqual_EPOIType m_Key="#poi_type" m_Value="Attack"/>
                    <Act_Move m_Destination="#poi_position" m_MoveStyle="#move_style" m_StopAtDest="false" m_StartPolicy="INTERRUPT" m_AbandonPolicy="BLENDOUT"/>
                    <TimeDeltaLimit m_TimeMax="3.0" m_StatusReturned="SUCCESS">
                        <Act_Investigation m_Type="NOTICE" m_StimulusType="NONE" m_StartPolicy="INTERRUPT" m_AbandonPolicy="BLENDOUT" m_DecisionPolicy="ON_END"/>
                    </TimeDeltaLimit>
                </SequenceMem>
                <SequenceMem m_CustomName="Flashlight" m_Hide="true">
                    <Cnd_IsBBValueEqual_EPOIType m_Key="#poi_type" m_Value="Flashlight"/>
                    <ExposeLogicState m_ExposedState="checking_low_prio_poi">
                        <Act_Move m_Destination="#poi_position" m_MoveStyle="#move_style" m_StopAtDest="false" m_StartPolicy="INTERRUPT" m_AbandonPolicy="BLENDOUT"/>
                    </ExposeLogicState>
                </SequenceMem>
                <SequenceMem m_CustomName="Noise" m_Hide="true">
                    <Selector>
                        <Cnd_IsBBValueEqual_EPOIType m_Key="#poi_type" m_Value="LowPrioNoise"/>
                        <Cnd_IsBBValueEqual_EPOIType m_Key="#poi_type" m_Value="HighPrioNoise"/>
                    </Selector>
                    <Selector>
                        <SequenceMem m_CustomName="Repel" m_Hide="true">
                            <Cnd_IsBBValueEqual_EPOIEffect m_Key="#poi_effect" m_Value="REPEL"/>
                            <Cnd_PositionInRadius m_Radius="#poi_range" m_Position="#poi_position"/>
                            <Opr_CloneBBValue m_KeySrc="#poi_range" m_KeyDst="#repel_end_range"/>
                            <Opr_IncrementBBValue_float m_Key="#repel_end_range" m_Amount="3"/>
                            <SelectorMem>
                                <Cnd_IsHoldRequired/>
                                <Cnd_IsDefendRequired/>
                                <Selector>
                                    <Cnd_PositionInRadius m_Radius="#repel_end_range" m_Position="#poi_position" m_Invert="true"/>
                                    <Cnd_IsBBValueEqual_bool m_Key="#poi_active" m_Value="true" m_Invert="true"/>
                                    <SelectorMem>
                                        <SequenceMem>
                                            <Cnd_IsBBValueEqual_EPOIType m_Key="#poi_type" m_Value="HighPrioNoise"/>
                                            <Act_Move m_Destination="#poi_position" m_MoveStyle="#move_style" m_MoveAwayFromEndPosition="true" m_StartPolicy="WAIT" m_AbandonPolicy="BLENDOUT" m_DecisionPolicy="ON_END"/>
                                        </SequenceMem>
                                        <Act_Move m_Destination="#poi_position" m_MoveStyle="#move_style" m_MoveAwayFromEndPosition="true" m_StartPolicy="WAIT" m_AbandonPolicy="BLENDOUT" m_DecisionPolicy="ON_END"/>
                                    </SelectorMem>
                                </Selector>
                            </SelectorMem>
                            <TimeDeltaLimit m_TimeMax="0.5" m_StatusReturned="SUCCESS">
                                <Act_Idle m_Type="Stand" m_StartPolicy="INTERRUPT" m_AbandonPolicy="BLENDOUT"/>
                            </TimeDeltaLimit>
                            <Opr_RemoveBBValue m_Key="#repel_end_range"/>
                        </SequenceMem>
                        <SequenceMem m_CustomName="Attract/Notice" m_Hide="true">
                            <Cnd_IsBBValueEqual_EPOIEffect m_Key="#poi_effect" m_Value="REPEL" m_Invert="true"/>
                            <Opr_RandomFloat m_Result="#randomized_end_radius" m_RangeMin="2.5" m_RangeMax="4"/>
                            <Selector>
                                <Cnd_IsBBValueEqual_bool m_Key="#searching" m_Value="true"/>
                                <Sequence>
                                    <Cnd_HasBBValue m_Key="#last_target" m_Invert="true"/>
                                    <Cnd_HasBBValue m_Key="#group_target" m_Invert="true"/>
                                </Sequence>
                                <Cnd_IsBBValueEqual_EPOIType m_Key="#poi_type" m_Value="HighPrioNoise"/>
                            </Selector>
                            <ExposeLogicState m_ExposedState="checking_high_prio_poi">
                                <Sequence>
                                    <Selector>
                                        <Cnd_ShouldInspectCurrentPOI m_Invert="true"/>
                                        <SelectorMem>
                                            <Cnd_PositionInRadius m_Radius="#randomized_end_radius" m_Position="#poi_position"/>
                                            <Act_Move m_Destination="#poi_position" m_EndRadius="#randomized_end_radius" m_MoveStyle="#move_style" m_StopAtDest="false" m_StartPolicy="INTERRUPT" m_AbandonPolicy="BLENDOUT"/>
                                        </SelectorMem>
                                    </Selector>
                                    <Sequence>
                                        <Cnd_PositionInAngle m_Angle="30" m_Position="#poi_position" m_Invert="true"/>
                                        <Act_TurnToPos m_Position="#poi_position" m_StartPolicy="INTERRUPT" m_AbandonPolicy="INTERRUPT" m_DecisionPolicy="WHEN_POSSIBLE"/>
                                    </Sequence>
                                    <TimeDeltaLimit m_TimeMax="5.0" m_StatusReturned="SUCCESS">
                                        <Sequence>
                                            <Cnd_IsBBValueEqual_bool m_Key="#poi_active" m_Value="true"/>
                                            <Cnd_PositionInAngle m_Angle="30" m_Position="#poi_position"/>
                                            <Act_Investigation m_Type="NOTICE" m_StimulusType="NONE" m_StartPolicy="INTERRUPT" m_AbandonPolicy="INTERRUPT" m_DecisionPolicy="WHEN_POSSIBLE"/>
                                        </Sequence>
                                    </TimeDeltaLimit>
                                    <Selector>
                                        <Cnd_IsBBValueEqual_bool m_Key="#poi_active" m_Value="true" m_Invert="true"/>
                                        <Act_Idle m_Type="Stand" m_StartPolicy="INTERRUPT" m_AbandonPolicy="BLENDOUT"/>
                                    </Selector>
                                </Sequence>
                            </ExposeLogicState>
                        </SequenceMem>
                    </Selector>
                </SequenceMem>
            </SelectorMem>
        </InvestigatePOI>
        <Selector m_Hide="true">
            <Cnd_HasBBValue m_Key="#poi_position" m_Invert="true"/>
            <Sequence>
                <Opr_RemoveBBValue m_Key="#poi_active"/>
                <Opr_RemoveBBValue m_Key="#poi_effect"/>
            </Sequence>
        </Selector>
    </SequenceMem>
</BehaviorTree>
