<?xml version="1.0" encoding="UTF-8"?>
<BehaviorTree xmlns:xsi="http://www.w3.org/2001/XMLSchema-instance" xsi:noNamespaceSchemaLocation="../../../MetaData/schema_ai.xsd" m_ContextType="ai">
    <Sequence>
        <Opr_SetBBValue_bool m_Key="#searching" m_Value="true" />
        <Opr_EnableSense m_Sense="target" />
        <Opr_EnableSense m_Sense="uv" />
        <Opr_EnableSense m_Sense="objects" />
        <Opr_SetBBValue_float m_Key="#degenerated_speed" m_Value="5.0" />
        <Opr_GetModifiedTime m_TimeDelta="-99" m_TimePoint="#last_time_in_uv_light" />
        <Opr_SetBBValue_bool m_Key="#any_stimulus_received" m_Value="true" />
        <Opr_SetWeapon m_WeaponType="FISTS" m_Hand="LEFT" />
        <Selector>
            <Cnd_HasBBValue m_Key="#start_burning" m_Invert="true" />
            <Opr_StartInfiniteBodyState m_State="BURNING" />
        </Selector>
        <Selector>
            <Cnd_IsBBValueEqual_bool m_Key="#start_resting_state" m_Value="false" />
            <Opr_SetBBValue_bool m_Key="#is_awake" m_Value="false" />
        </Selector>
        <Selector>
            <Sequence>
                <Cnd_Random m_Value="0.7" />
                <Opr_RandomFloat m_Result="#tar_start_distance" m_RangeMin="6" m_RangeMax="12" />
            </Sequence>
            <Opr_RandomFloat m_Result="#tar_start_distance" m_RangeMin="5" m_RangeMax="8" />
        </Selector>
        <Opr_SetBBValue_float m_Key="#tar_cancel_distance" m_Value="#tar_start_distance" />
        <Opr_IncrementBBValue_float m_Key="#tar_cancel_distance" m_Amount="3" />
        <Opr_RandomBool m_Result="#enable_multi_grab" m_TrueProb="0.1" />
    </Sequence>
</BehaviorTree>