<?xml version="1.0" encoding="UTF-8"?>
<BehaviorTree xmlns:xsi="http://www.w3.org/2001/XMLSchema-instance" xsi:noNamespaceSchemaLocation="../../../MetaData/schema_ai.xsd" m_ContextType="ai">
    <SequenceMem>
        <Cnd_HasWeaponInInventory m_WeaponType="Shotgun"/>
       <Selector>
            <ExternalTree m_UID="HUMAN_COMBAT_ATTACK_SHOTGUN" m_CustomName="RangeAttack" m_Hide="true"/>
            <ExternalTree m_UID="HUMAN_COMBAT_POSITION_SHOTGUN" m_CustomName="Position" m_Hide="true"/>
        </Selector>
		 <!-- throw -->
            <Optional m_Enabled="$enable_grenade_throw" m_CustomName="Grenade" m_Hide="true">
                <ExternalTree m_UID="HUMAN_COMBAT_THROW_GRENADE"/>
            </Optional>
            <Optional m_Enabled="$enable_molotov_throw" m_CustomName="Molotov" m_Hide="true">
                <ExternalTree m_UID="HUMAN_COMBAT_THROW_MOLOTOV"/>
            </Optional>
    </SequenceMem>
</BehaviorTree>
