<?xml version="1.0" encoding="UTF-8"?>
<BehaviorTree xmlns:xsi="http://www.w3.org/2001/XMLSchema-instance" xsi:noNamespaceSchemaLocation="../../../MetaData/schema_ai.xsd" m_ContextType="ai">
    <SequenceMem>
        <Cnd_HasWeaponInInventorySpecific m_Type="Molotov"/>
        <Selector>
            <!-- throw molotov -->
            <ExternalTree m_UID="HUMAN_COMBAT_THROW_MOLOTOV_GRENADIER"/>
            <!-- molotov taunt -->
            <Optional m_Enabled="$enable_molotov_taunt">
                <CooldownTimeDelta m_CooldownTime="$attack_molotov_taunt_cooldown" m_CooldownOnAbort="true">
                    <SequenceMem>
                        <Cnd_HasActiveWeaponSpecific m_Type="Molotov"/>
                        <Cnd_IsCombatTargetInRadius m_Radius="12" m_Invert="true"/>
                        <Act_Attack m_Target="#target" m_AttackPresetName="human_molotov_spit" m_Phase="0" m_EnablePosCorrection="$enable_attack_pos_correction" m_StartPolicy="INTERRUPT" m_AbandonPolicy="INTERRUPT" m_DecisionPolicy="WHEN_POSSIBLE"/>
                        <Act_Attack m_Target="#target" m_AttackPresetName="human_molotov_spit" m_Phase="2" m_EnablePosCorrection="$enable_attack_pos_correction" m_StartPolicy="INTERRUPT" m_AbandonPolicy="INTERRUPT" m_DecisionPolicy="WHEN_POSSIBLE"/>
                    </SequenceMem>
                </CooldownTimeDelta>
            </Optional>
            <!-- position -->
            <ExternalTree m_UID="HUMAN_COMBAT_POSITION_GRENADIER" m_CustomName="Position" m_Hide="true"/>
        </Selector>
    </SequenceMem>
</BehaviorTree>
