<?xml version="1.0" encoding="UTF-8"?>
<BehaviorTree xmlns:xsi="http://www.w3.org/2001/XMLSchema-instance" xsi:noNamespaceSchemaLocation="../../../MetaData/schema_ai.xsd" m_ContextType="ai">
    <SequenceMem>
        <Cnd_HasBBValue m_Key="#target"/>
        <Cnd_CanStartTask m_StartPolicy="DISCARD"/>
        <Cnd_CanInterruptActivityModule_Movement/>
        <UseCombatSlots m_Target="#target">
            <ExposeLogicState m_ExposedState="combat">
                <Sequence>
                    <Cnd_HasBBValue m_Key="#target"/>
                    <Selector>
                        <Cnd_IsBBValueEqual_EThreatLevel m_Key="#group_threat_level" m_Value="HIGH"/>
                        <Optional m_Enabled="$enable_combat_with_low_threat">
                            <Cnd_IsCombatTargetHighThreat m_Invert="true"/>
                        </Optional>
                    </Selector>
                    <Selector>
                        <Cnd_IsBBValueEqual_bool m_Key="#flag_threatening" m_Value="true" m_Invert="true"/>
                        <Opr_RequestBark m_BarkID="threatening_engage" m_Priority="Low"/>
                    </Selector>
                    <ExternalTree m_UID="HUMAN_COMBAT_UPDATE" m_CustomName="CombatUpdate" m_Hide="true"/>
                    <Selector>
					<Optional m_Enabled="$summoning_reinforcements_enabled" m_Hide="true">
						<ExternalTree m_UID="HUMAN_CALL_REINFORCEMENTS" m_CustomName="CallReinforcements"/>
					</Optional>
					<SelectorMem>
						<Selector>
							<ExternalTree m_UID="HUMAN_COMBAT_GUARD_BOW" m_CustomName="Bow" m_Hide="true"/>
							<ExternalTree m_UID="HUMAN_COMBAT_ONE_HANDED" m_CustomName="OneHanded" m_Hide="true"/>
							<ExternalTree m_UID="HUMAN_COMBAT_SPEAR" m_CustomName="Spear" m_Hide="true"/>
							<ExternalTree m_UID="HUMAN_COMBAT_TWO_HANDED" m_CustomName="TwoHanded" m_Hide="true"/>
							<Optional m_Enabled="$enable_combat_shield">
							<ExternalTree m_UID="HUMAN_COMBAT_SHIELD" m_CustomName="Shield" m_Hide="true"/>
							</Optional>
							<ExternalTree m_UID="HUMAN_COMBAT_GRENADIER" m_CustomName="Grenadier" m_Hide="true"/>
						</Selector>
					</SelectorMem>
				</Selector>
			</Sequence>
		</ExposeLogicState>
    </SequenceMem>
</BehaviorTree>
