<?xml version="1.0" encoding="UTF-8"?>
<BehaviorTree xmlns:xsi="http://www.w3.org/2001/XMLSchema-instance" xsi:noNamespaceSchemaLocation="../../../MetaData/schema_ai.xsd" m_ContextType="ai">
    <SequenceMem>
        <Cnd_HasBBValue m_Key="#target"/>
        <Cnd_CanStartTask m_StartPolicy="DISCARD"/>
        <Cnd_CanInterruptActivityModule_Movement/>
        <UseCombatSlots m_Target="#target">
            <ExposeLogicState m_ExposedState="combat">
                <Sequence>
                    <Cnd_HasBBValue m_Key="#target"/>
                    <Selector>
                        <Cnd_IsBBValueEqual_EThreatLevel m_Key="#group_threat_level" m_Value="HIGH"/>
                    </Selector>
                    <Selector>
                        <Cnd_IsBBValueEqual_bool m_Key="#flag_threatening" m_Value="true" m_Invert="true"/>
                        <Opr_RequestBark m_BarkID="threatening_engage" m_Priority="Low"/>
                    </Selector>
                    <ExternalTree m_UID="HUMAN_COMBAT_UPDATE" m_CustomName="CombatUpdate" m_Hide="true"/>
                    <ExternalTree m_UID="HUMAN_COMBAT_THROW_PREFAB"/>
                </Sequence>
            </ExposeLogicState>
        </UseCombatSlots>
    </SequenceMem>
</BehaviorTree>
