<?xml version="1.0" encoding="UTF-8"?>
<BehaviorTree xmlns:xsi="http://www.w3.org/2001/XMLSchema-instance" xsi:noNamespaceSchemaLocation="../../../MetaData/schema_ai.xsd" m_ContextType="ai">
    <SequenceMem>
        <Cnd_HasWeaponInInventory m_WeaponType="OneHandedMelee"/>
        <Selector>
            <Optional m_Enabled="$enable_ranged_attack">
                <ExternalTree m_UID="HUMAN_ATTACK_RANGED_COUNTER"/>
            </Optional>
            <!-- attack counter from hit reaction -->
            <Optional m_Enabled="$enable_hit_reaction">
                <BlackboardSwitch m_Enabled="#enable_attack_counter" m_CustomName="AttackCounter" m_Hide="true">
                    <ExternalTree m_UID="HUMAN_ATTACK_COUNTER"/>
                </BlackboardSwitch>
            </Optional>
            <!-- forced block -->
            <Optional m_Enabled="$enable_forced_block" m_CustomName="ForcedBlock" m_Hide="true">
                <ExternalTree m_UID="HUMAN_COMBAT_REACTION_BLOCK_FORCED"/>
            </Optional>
            <!-- forced idle -->
            <Optional m_Enabled="$enable_forced_combat_idle" m_CustomName="ForcedIdle" m_Hide="true">
                <ExternalTree m_UID="HUMAN_COMBAT_FORCED_IDLE"/>
            </Optional>
            <!-- defensive reactions -->
            <BlackboardSwitch m_Enabled="#enable_block" m_CustomName="Block" m_Hide="true">
                <ExternalTree m_UID="HUMAN_COMBAT_REACTION_BLOCK"/>
            </BlackboardSwitch>
            <!-- ranged attack -->
            <Optional m_Enabled="$enable_ranged_attack" m_CustomName="RangedAttack" m_Hide="true">
                <ExternalTree m_UID="HUMAN_COMBAT_RANGED_ATTACK"/>
            </Optional>
            <!-- melee attacks -->
            <ExternalTree m_UID="HUMAN_COMBAT_ATTACK_ONE_HANDED" m_CustomName="MeleeAttack" m_Hide="true"/>
            <Optional m_Enabled="$enable_fury" m_CustomName="Fury" m_Hide="true">
                <ExternalTree m_UID="HUMAN_COMBAT_ATTACK_FURY"/>
            </Optional>
            <!-- neutral reactions -->
            <ExternalTree m_UID="HUMAN_COMBAT_REACTION_FLINCH" m_CustomName="Flinch" m_Hide="true"/>
            <!-- positioning reactions -->
            <Optional m_Enabled="$enable_escape_step">
                <ExternalTree m_UID="HUMAN_COMBAT_REACTION_ESCAPE" m_CustomName="Escape" m_Hide="true"/>
            </Optional>

            <!-- throw -->
            <Optional m_Enabled="$enable_stone_throw" m_CustomName="Stone" m_Hide="true">
                <ExternalTree m_UID="HUMAN_COMBAT_THROW_STONE"/>
            </Optional>
            <Optional m_Enabled="$enable_knife_throw" m_CustomName="Knife" m_Hide="true">
                <ExternalTree m_UID="HUMAN_COMBAT_THROW_KNIFE"/>
            </Optional>
			<Optional m_Enabled="$enable_uvflare_throw" m_CustomName="UVFlare" m_Hide="true">
                <ExternalTree m_UID="HUMAN_COMBAT_THROW_UVFLARE"/>
            </Optional>
            <Optional m_Enabled="$enable_grenade_throw" m_CustomName="Grenade" m_Hide="true">
                <ExternalTree m_UID="HUMAN_COMBAT_THROW_GRENADE"/>
            </Optional>
            <Optional m_Enabled="$enable_molotov_throw" m_CustomName="Molotov" m_Hide="true">
                <ExternalTree m_UID="HUMAN_COMBAT_THROW_MOLOTOV"/>
            </Optional>
			<Optional m_Enabled="$enable_decoy_throw" m_CustomName="Decoy" m_Hide="true">
                <ExternalTree m_UID="HUMAN_COMBAT_THROW_DECOY"/>
            </Optional>
            <!-- offensive reactions -->
            <Optional m_Enabled="$enable_attack_finisher" m_CustomName="Finisher" m_Hide="true">
                <ExternalTree m_UID="HUMAN_COMBAT_REACTION_FINISHER"/>
            </Optional>
            <Optional m_Enabled="$enable_attack_tackle" m_CustomName="Tackle" m_Hide="true">
                <ExternalTree m_UID="HUMAN_COMBAT_REACTION_TACKLE"/>
            </Optional>
            <!-- position -->
            <ExternalTree m_UID="HUMAN_COMBAT_RENEGADE_POSITION_ONE_HANDED" m_CustomName="Position" m_Hide="true"/>
        </Selector>
    </SequenceMem>
</BehaviorTree>
