<?xml version="1.0" encoding="UTF-8"?>
<BehaviorTree xmlns:xsi="http://www.w3.org/2001/XMLSchema-instance" xsi:noNamespaceSchemaLocation="../../../MetaData/schema_ai.xsd" m_ContextType="ai">
    <SequenceMem>
        <Cnd_IsDbgBiterAggressionEqual m_AggressionLevel="0"/>
        <Cnd_CanStartTask m_StartPolicy="INTERRUPT"/>
        <Cnd_IsActivityModuleRunning_HitReaction m_Invert="true"/>
        <Starter m_Key="#should_check_last_target_pos">
            <Sequence>
                <Cnd_ChaseInProgress/>
				<Opr_GetChaseTarget m_Target="#target"/>
				<Cnd_IsBBValueEqual_bool m_Key="#searching" m_Value="false"/>
				<Opr_SetBBValue_bool m_Key="#should_check_last_target_pos" m_Value="true"/>
				<Opr_GetTargetPosition m_Target="#target" m_Position="#chase_position"/>
				<Cnd_HasBBValue m_Key="#last_target"/>
                <Cnd_IsBBValueGreaterOrEqual_float m_Key="#degeneration_progress" m_Value="1.0" m_Invert="true"/>
                <Cnd_IsPoseEqual m_Pose="Standing"/>
                <Selector>
                    <Cnd_HasBBValue m_Key="#poi_position" m_Invert="true"/>
                </Selector>
                <SequenceMem>
                    <Cnd_PositionInRadius m_Radius="2.0" m_Position="#last_target_pos" m_Invert="true"/>
                    <Opr_GetTargetMoveDirection m_Target="#last_target" m_Direction="#last_target_move_dir"/>
                    <Act_Move m_Destination="#last_target_pos" m_DestUnreachableBehavior="DoNothingAndFail" m_MaxDistOutsideNavmeshXZ="2" m_MaxDistOutsideNavmeshY="2" m_LocomotionSpeed="#degenerated_speed" m_MoveStyle="#move_style" m_StopAtDest="true" m_StartPolicy="INTERRUPT" m_AbandonPolicy="BLENDOUT" m_EndDir="#last_target_move_dir"/>
                </SequenceMem>
            </Sequence>
        </Starter>
    </SequenceMem>
</BehaviorTree>
