<?xml version="1.0" encoding="UTF-8"?>
<BehaviorTree xmlns:xsi="http://www.w3.org/2001/XMLSchema-instance" xsi:noNamespaceSchemaLocation="../../MetaData/schema_ai.xsd" m_ContextType="ai">
    <SequenceMem>
        <!-- Init -->
        <SequenceMem>
            <ExternalTree m_UID="AI_COMMON_INIT" m_CustomName="Params" m_Hide="true"/>
            <ExternalTree m_UID="VIRAL_INIT" m_CustomName="Params_Init" m_Hide="true"/>
        </SequenceMem>
        <ExternalTree m_UID="AI_TRANSFORM_RECOVERY" m_CustomName="TransformRecovery" m_Hide="true"/>
        <Selector>
            <ExternalTree m_UID="INFECTED_DEATH" m_CustomName="Death" m_Hide="true"/>
            <ParallelRepeat m_PolicySuccess="REQUIRE_NONE" m_PolicyFailure="REQUIRE_NONE">
                <Sequence>
                    <!-- Gather data from senses -->
                    <ExternalTree m_UID="AI_UPDATE_ENEMY_PROTO" m_CustomName="Find_Enemy" m_Hide="true"/>
                    <!-- Update state -->
                    <ExternalTree m_UID="VIRAL_COMMON_UPDATE_SUN_IMMUNE" m_CustomName="Update" m_Hide="true"/>
                    <!-- Select behavior -->
                    <UseCombatSlots m_Target="#target">
                        <RepeatOnceOnSuccess>
                            <Selector>
                                <ExternalTree m_UID="VIRAL_REACTION_SUN_IMMUNE" m_CustomName="Reactions" m_Hide="true"/>
                                <ExternalTree m_UID="VIRAL_RESTING_STATE" m_CustomName="Resting" m_Hide="true"/>
                                <ExternalTree m_UID="VIRAL_REACTION_DISTRACTED" m_CustomName="Distracted" m_Hide="true"/>
                                <ExternalTree m_UID="VIRAL_RETREAT" m_CustomName="Retreat" m_Hide="true"/>
                                <!-- <ExternalTree m_UID="VIRAL_JUMP_IN_FRONT" m_CustomName="JumpInFront" m_Hide="true"/> -->
                                <ExternalTree m_UID="VIRAL_GO_TO_FORCED" m_CustomName="GoToForced" m_Hide="true"/>
                                <ExternalTree m_UID="VIRAL_ATTACK_OBJECT" m_CustomName="Object" m_Hide="true"/>
                                <ExternalTree m_UID="VIRAL_COMBAT" m_CustomName="Combat" m_Hide="true"/>
                                <ExternalTree m_UID="VIRAL_GO_TO_LAST_POS" m_CustomName="LastPos" m_Hide="true"/>
                                <ExternalTree m_UID="VIRAL_CHASE" m_CustomName="Chase" m_Hide="true"/>
                                <ExternalTree m_UID="AI_INVESTIGATE_POI" m_CustomName="Investigate" m_Hide="true"/>
                                <ExternalTree m_UID="VIRAL_SEARCH" m_CustomName="Search" m_Hide="true"/>
                                <ExternalTree m_UID="VIRAL_REQUESTS" m_CustomName="Scripted" m_Hide="true"/>
                                <ExternalTree m_UID="VIRAL_RETURN_TO_SPAWN" m_CustomName="Return to spawn" m_Hide="true"/>
                                <Act_Status m_StatusRequired="RUNNING"/>
                            </Selector>
                        </RepeatOnceOnSuccess>
                    </UseCombatSlots>
                </Sequence>
                <ExposeTarget m_Target="#target">
                    <Act_Status m_StatusRequired="RUNNING"/>
                </ExposeTarget>
                <ExternalTree m_UID="AI_TRACK" m_CustomName="TrackEnemy" m_Hide="true"/>
                <Sequence>
                    <Cnd_IsInUVLight/>
                    <Act_Status m_StatusRequired="RUNNING"/>
                </Sequence>
            </ParallelRepeat>
        </Selector>
    </SequenceMem>
</BehaviorTree>
