<?xml version="1.0"?>
<BehaviorTree xmlns:xsi="http://www.w3.org/2001/XMLSchema-instance" xsi:noNamespaceSchemaLocation="../../../MetaData/schema_ai.xsd" m_ContextType="ai">
    <ExposeLogicState m_ExposedState="RETURN">
        <SequenceMem>
            <Cnd_HasBBValue m_Key="#potential_target_pos"/>
            <Opr_SetBBValue_vec3 m_Key="#last_danger_pos" m_Value="#potential_target_pos"/>
            <Cnd_PositionInRadius m_Position="#potential_target_pos" m_Radius="8"/>
            <SelectorMem>
                <Cnd_IsCombatTargetInRadius m_Radius="3.5" m_UsePrediction="true" m_Invert="true"/>
                <SequenceMem>
                    <Cnd_HasActiveWeapon m_WeaponType="OneHandedMelee"/>
                    <Opr_RequestBark m_Priority="Medium" m_BarkID="retreat_push"/>
                    <ExternalTree m_UID="HUMAN_ATTACK_QUICK_SCARE_AWAY" m_CustomName="QuickScareAway" m_Hide="true"/>
                </SequenceMem>
                <SequenceMem>
                    <Opr_RequestBark m_Priority="Medium" m_BarkID="retreat_push"/>
                    <ExternalTree m_UID="HUMAN_ATTACK_PUSH" m_CustomName="Push" m_Hide="true"/>
                </SequenceMem>
            </SelectorMem>
            <!-- potential target is still visible -->
            <Sequence>
                <Opr_GetSelfPosition m_Position="#last_look_around_pos"/>
                <Selector>
                    <Sequence>
                        <Cnd_HasBBValue m_Key="#potential_target_pos"/>
                        <Opr_SetBBValue_vec3 m_Key="#last_danger_pos" m_Value="#potential_target_pos"/>
                        <Cnd_PositionInRadius m_Position="#potential_target_pos" m_Radius="10"/>
                    </Sequence>
                    <Sequence>
                        <Cnd_HasBBValue m_Key="#poi_position"/>
                        <Cnd_PositionInRadius m_Position="#poi_position" m_Radius="6"/>
                    </Sequence>
                </Selector>
                <Act_Move
                    m_Destination="#request_move_dest_pos"
                    m_EndDir="#request_move_dest_dir"
                    m_EndRadius="#request_move_dest_radius"
                    m_MoveStyle="#move_style_trot"
                    m_TeleportIfBlocked="true"
                    m_IsAvoidanceActive="$use_avoidance"
                    m_AvoidRegionsPreset="$avoid_regions_preset"
                    m_PreferHigherPlaces="true"
                    m_DestUnreachableBehavior="GoToNearestPossibleAndSucceed"
                    m_MaxDistOutsideNavmeshXZ="#request_move_dest_nav_tolerance_xz"
                    m_MaxDistOutsideNavmeshY="#request_move_dest_nav_tolerance_y"
                    m_StartPolicy="INTERRUPT"
                    m_AbandonPolicy="BLENDOUT"
                    m_DecisionPolicy="ON_END"/>
            </Sequence>
        </SequenceMem>
    </ExposeLogicState>
</BehaviorTree>
