<?xml version="1.0" encoding="UTF-8"?>
<BehaviorTree xmlns:xsi="http://www.w3.org/2001/XMLSchema-instance" xsi:noNamespaceSchemaLocation="../../../MetaData/schema_ai.xsd" m_ContextType="ai">
    <Sequence>
        <Cnd_HasBBValue m_Key="#target"/>
		<Cnd_IsOnGround/>
        <Opr_GetSelfPosition m_Position="#preferred_pos"/>
        <Cnd_IsHeightDiffToTargetGreater m_Target="#target" m_HeightDiff="1.5" m_Invert="true"/>
        <Opr_FindClosestElevatedPosition  m_Position="#move_pos" m_SearchPosition="#preferred_pos" m_MaxHorizontalRadius="5" m_HeightDifference="6" m_HeightDifferenceTolerance="2"/>
        <Act_Move m_Destination="#move_pos" m_IsAvoidanceActive="false" m_EndRadius="6.0" m_MoveStyle="#move_style_run" m_StopAtDest="true" m_SkipStart="#skip_start" m_StartPolicy="INTERRUPT" m_AbandonPolicy="BLENDOUT"/>
		<Sequence>
			<Cnd_IsHoldRequired/>
			<SequenceMem>
				<SelectorMem>
					<Cnd_SelfInHoldRadius/>
					<Sequence>
						<Cnd_SelfInHoldRadius m_Invert="true"/>
						<Opr_GetDirectionToPosition m_Position="#target_pos" m_Direction="#end_dir"/>
						<Act_Move m_Destination="#hold_position" m_EndDir="#end_dir" m_MoveStyle="#move_style_trot" m_StopAtDest="true" m_StartPolicy="INTERRUPT" m_AbandonPolicy="BLENDOUT" m_DecisionPolicy="ON_END"/>
					</Sequence>
				</SelectorMem>
				<Sequence>
					<SelectorMem>
						<Cnd_IsCombatTargetInAngle m_Angle="30"/>
						<Act_TurnToPos m_Position="#target_pos" m_Type="Combat" m_StartPolicy="INTERRUPT" m_AbandonPolicy="BLENDOUT" m_DecisionPolicy="ON_END"/>
					</SelectorMem>
					<Act_Idle m_Type="Stand" m_StartPolicy="WAIT" m_AbandonPolicy="BLENDOUT"/>
				</Sequence>
			</SequenceMem>
		</Sequence>
    </Sequence>
</BehaviorTree>
