<?xml version="1.0"?>
<BehaviorTree xmlns:xsi="http://www.w3.org/2001/XMLSchema-instance" xsi:noNamespaceSchemaLocation="../../../MetaData/schema_ai.xsd" m_ContextType="ai">
    <SequenceMem>
        <!-- translate move style -->
        <Selector>
            <Sequence>
                <Cnd_IsBBValueEqual_string m_Key="#request_move_style" m_Value="Run"/>
                <Opr_SetBBValue_string m_Key="#move_style" m_Value="#move_style_run"/>
            </Sequence>
            <Sequence>
                <Cnd_IsBBValueEqual_string m_Key="#request_move_style" m_Value="Trot"/>
                <Opr_SetBBValue_string m_Key="#move_style" m_Value="#move_style_trot"/>
            </Sequence>
            <Sequence>
                <Cnd_IsBBValueEqual_string m_Key="#request_move_style" m_Value="Walk"/>
                <Opr_SetBBValue_string m_Key="#move_style" m_Value="#move_style_walk"/>
            </Sequence>
            <Opr_SetBBValue_string m_Key="#move_style" m_Value="#request_move_style"/>
        </Selector>
        <!-- move to scripted destination -->
        <Opr_FindClosestElevatedPosition  m_Position="#move_pos" m_SearchPosition="#preferred_pos" m_MaxHorizontalRadius="24" m_HeightDifference="8" m_HeightDifferenceTolerance="2"/>
        <Act_Move
            m_Destination="#move_pos"
            m_EndDir="#request_move_dest_dir"
            m_EndRadius="#request_move_dest_radius"
            m_IntermediatePoints="#request_move_intermediate_points"
            m_MoveStyle="#move_style"
            m_SkipStart="#request_move_skip_start"
            m_StopAtDest="#request_move_stop_at_dest"
            m_TeleportIfBlocked="true"
            m_IsAvoidanceActive="false"
            m_AvoidRegionsPreset="$avoid_regions_preset"
            m_MaxDistOutsideNavmeshXZ="#request_move_dest_nav_tolerance_xz"
            m_MaxDistOutsideNavmeshY="#request_move_dest_nav_tolerance_y"
            m_StartPolicy="INTERRUPT"
            m_AbandonPolicy="BLENDOUT"
            m_DecisionPolicy="ON_END"
            m_StopRequest="REGULAR"/>
    </SequenceMem>
</BehaviorTree>
