<?xml version="1.0"?>
<BehaviorTree xmlns:xsi="http://www.w3.org/2001/XMLSchema-instance" xsi:noNamespaceSchemaLocation="../../../MetaData/schema_ai.xsd" m_ContextType="ai">
    <SequenceMem>
        <Cnd_HasBBValue m_Key="#tracked_ally"/>
        <Cnd_IsPlayer m_Target="#tracked_ally"/>
        <Cnd_IsBBValueEqual_EEmotionalState m_Key="#emotional_state" m_Value="Suspicious"/>
        <SelectorMem>
            <Cnd_HasAllyBeenRecentlyRecognized m_Ally="#tracked_ally" m_Invert="true"/>
            <SequenceMem>
                <Opr_GetModifiedTime m_TimePoint="#track_ally_time" m_TimeDelta="3"/>
                <Opr_SetDirCorrectionSpeed m_MaxSpeed="$reaction_dir_correction_speed"/>
                <TimeDeltaLimitRandom m_TimeMin="2" m_TimeMax="3" m_StatusReturned="SUCCESS">
                    <SelectorMem>
                        <SequenceMem>
                            <Cnd_PositionInRadius m_Radius="10" m_Position="#tracked_ally_pos"/>
                            <Opr_EvaluateReactionDirection m_TargetPosition="#tracked_ally_pos" m_Direction="#startle_direction"/>
                            <Act_Reaction m_Type="STARTLE" m_Direction="#startle_direction" m_Target="#tracked_ally" m_StartPolicy="DISCARD" m_AbandonPolicy="INTERRUPT" m_DecisionPolicy="WHEN_POSSIBLE"/>
                        </SequenceMem>
                        <Act_Reaction m_Type="SPOT" m_StartPolicy="INTERRUPT" m_AbandonPolicy="INTERRUPT" m_DecisionPolicy="WHEN_POSSIBLE"/>
                    </SelectorMem>
                </TimeDeltaLimitRandom>
            </SequenceMem>
        </SelectorMem>
        <Act_Move
            m_MoveAwayFromEndPosition="true"
            m_Destination="#request_move_dest_pos"
            m_EndDir="#request_move_dest_dir"
            m_EndRadius="$move_end_radius_default"
            m_MoveStyle="#move_style_trot"
            m_TeleportIfBlocked="true"
            m_IsAvoidanceActive="$use_avoidance"
            m_PreferHigherPlaces="true"
            m_DestUnreachableBehavior="GoToNearestPossibleAndSucceed"
            m_AvoidRegionsPreset="$avoid_regions_preset"
            m_AvoidConnections="$retreat_avoid_connections"
            m_AvoidConnectionsMinCostMul="$retreat_avoid_connections_min_cost_mul"
            m_StartPolicy="INTERRUPT"
            m_AbandonPolicy="BLENDOUT"
            m_DecisionPolicy="ON_END"/>
    </SequenceMem>
</BehaviorTree>
