<?xml version="1.0" encoding="UTF-8"?>
<BehaviorTree xmlns:xsi="http://www.w3.org/2001/XMLSchema-instance" xsi:noNamespaceSchemaLocation="../../../MetaData/schema_ai.xsd" m_ContextType="ai">
    <Sequence>
        <Opr_SetBBValue_float m_Key="#degenerated_speed" m_Value="2.0"/>
        <Selector m_Hide="true">
            <Selector>
                <Sequence>
                    <Opr_SetBBValue_string m_Key="#move_style" m_Value="Walk"/>
                </Sequence>
            </Selector>
        </Selector>
    </Sequence>
</BehaviorTree>
