<?xml version="1.0" encoding="UTF-8"?>
<BehaviorTree xmlns:xsi="http://www.w3.org/2001/XMLSchema-instance" xsi:noNamespaceSchemaLocation="../../../MetaData/schema_ai.xsd" m_ContextType="ai">
    <Succeeder>
        <Sequence>
            <Opr_SetBBValue_string m_Key="#role" m_Value="none"/>
            <Opr_SetBBValue_float m_Key="#role_time" m_Value="0"/>
            <!-- try to request / keep role -->
            <Selector>
                <Cnd_HasBBValue m_Key="#target" m_Invert="true"/>
                <Cnd_HasPathToCombatTarget m_Invert="true"/>
                <Cnd_IsCombatTargetMeleeReachable m_Invert="true"/>
                <Optional m_Enabled="$tar_grabs_enabled">
                    <Sequence>
                        <Opr_EvaluateDistanceCost m_Position="#target_pos" m_Cost="#role_cost"/>
                        <Selector>
                            <Cnd_IsCombatTargetInRadius m_Radius="#tar_start_distance"/>
                            <Sequence>
                                <Cnd_HasCombatSlotReserved m_Name="tar"/>
                                <Cnd_IsCombatTargetInRadius m_Radius="#tar_cancel_distance"/>
                            </Sequence>
                        </Selector>
                        <Selector>
                            <Cnd_InTargetHorzAngle m_Target="#target" m_Angle="25"/>
                            <Opr_MultiplyBBValue_float m_Key="#role_cost" m_Amount="1.25"/>
                        </Selector>
                        <Selector>
                            <Cnd_IsBBValueEqual_bool m_Key="#force_degeneration" m_Value="true"/>
                            <Opr_MultiplyBBValue_float m_Key="#role_cost" m_Amount="1.25"/>
                        </Selector>
                        <!-- request melee role -->
                        <Cnd_IsActivityModuleRunning_HitReaction m_Invert="true"/>
                        <Cnd_IsInUVLight m_Invert="true"/>
                        <Cnd_IsPoseEqual m_Pose="Standing"/>
                        <Cnd_HasStrafePathToCombatTarget/>
                        <Optional m_Enabled="$tar_enabled_only_when_grabs_allowed">
                            <Cnd_CanPlayerTargetBeGrabbed m_Target="#target" m_MinTarGrabConsecutiveHits="0" m_MinDelaySinceLastSyncAction="$grab_attempt_min_delay_after_target_last_sync_action"/>
                        </Optional>
                        <Optional m_Enabled="$tar_enabled_only_when_both_arms_exist">
                            <Cnd_IsBBValueEqual_bool m_Key="#any_arm_destroyed" m_Value="true" m_Invert="true"/>
                        </Optional>
                        <Opr_RequestCombatSlot m_Name="tar" m_Limit="2" m_MinDelay="0" m_MaxKeepTime="1" m_Cost="#role_cost"/>
                        <Opr_SetBBValue_string m_Key="#role" m_Value="range"/>
                    </Sequence>
                </Optional>
                <Sequence>
                    <Cnd_HasBBValue m_Key="#target"/>
                    <Selector>
                        <Cnd_IsCombatTargetInRadius m_Radius="#tar_start_distance"/>
                        <Sequence>
                            <Cnd_HasCombatSlotReserved m_Name="melee"/>
                            <Cnd_IsCombatTargetInRadius m_Radius="#tar_cancel_distance"/>
                        </Sequence>
                    </Selector>
                    <Opr_EvaluateDistanceCost m_Position="#target_pos" m_Cost="#distance_cost"/>
                    <Selector>
                        <Cnd_InTargetHorzAngle m_Target="#target" m_Angle="25"/>
                        <Opr_MultiplyBBValue_float m_Key="#distance_cost" m_Amount="1.25"/>
                    </Selector>
                    <Selector>
                        <Cnd_IsBBValueEqual_bool m_Key="#force_degeneration" m_Value="true"/>
                        <Opr_MultiplyBBValue_float m_Key="#distance_cost" m_Amount="1.25"/>
                    </Selector>
                    <!-- request melee role -->
                    <Cnd_IsActivityModuleRunning_HitReaction m_Invert="true"/>
                    <Opr_RequestCombatSlot m_Name="range" m_Limit="8" m_MinDelay="0" m_MaxKeepTime="2" m_Cost="#distance_cost"/>
                    <Opr_GetCombatSlotReservedTime m_Name="range" m_Time="#role_time"/>
                    <Opr_SetBBValue_string m_Key="#role" m_Value="range"/>
                </Sequence>
                <Sequence>
                    <Opr_RequestCombatSlot m_Name="melee" m_Limit="8" m_MinDelay="0" m_MaxKeepTime="2" m_Cost="#distance_cost"/>
                    <Opr_GetCombatSlotReservedTime m_Name="melee" m_Time="#role_time"/>
                    <Opr_SetBBValue_string m_Key="#role" m_Value="melee"/>
                </Sequence>
                <Sequence>
                    <Opr_RequestCombatSlot m_Name="idle" m_Limit="1" m_MinDelay="0" m_MaxKeepTime="2" m_Cost="#distance_cost"/>
                    <Opr_GetCombatSlotReservedTime m_Name="idle" m_Time="#role_time"/>
                    <Opr_SetBBValue_string m_Key="#role" m_Value="idle"/>
                </Sequence>
            </Selector>
        </Sequence>
    </Succeeder>
</BehaviorTree>
