<?xml version="1.0" encoding="UTF-8"?>
<BehaviorTree xmlns:xsi="http://www.w3.org/2001/XMLSchema-instance" xsi:noNamespaceSchemaLocation="../../../MetaData/schema_ai.xsd" m_ContextType="ai">
    <Sequence>
		<Opr_RandomFloat m_Result="#RandomSpeed" m_RangeMin="0.75" m_RangeMax="1.0"/>
        <Opr_SetBBValue_float m_Key="#degenerated_speed" m_Value="#RandomSpeed"/>
        <Selector m_Hide="true">
            <Sequence>
                <Selector>
                    <Cnd_HasBBValue m_Key="#target"/>
                    <Cnd_HasBBValue m_Key="#last_target"/>
                </Selector>
                <Selector>
                    <Sequence>
                        <Cnd_IsBBValueGreaterOrEqual_float m_Key="#degeneration_progress" m_Value="#RandomSpeed"/>
                        <Opr_SetBBValue_string m_Key="#move_style" m_Value="Degenerated_Walk"/>
                    </Sequence>
                    <Sequence>
                        <Opr_SetBBValue_string m_Key="#move_style" m_Value="Walk_To_Enemy"/>
                    </Sequence>
                </Selector>
            </Sequence>
            <Sequence>
                <Cnd_IsInvestigatingPOI />
                <Selector>
                    <Sequence>
                        <Cnd_IsBBValueGreaterOrEqual_float m_Key="#degeneration_progress" m_Value="#RandomSpeed"/>
                        <Opr_SetBBValue_string m_Key="#move_style" m_Value="notice_walk_degenerated"/>
                    </Sequence>
                    <Sequence>
                        <Opr_SetBBValue_string m_Key="#move_style" m_Value="notice_walk"/>
                    </Sequence>
                </Selector>
            </Sequence>
            <Selector>
                <Sequence>
                    <Cnd_IsBBValueGreaterOrEqual_float m_Key="#degeneration_progress" m_Value="#RandomSpeed"/>
                    <Opr_SetBBValue_string m_Key="#move_style" m_Value="degenerated_walk"/>
                </Sequence>
                <Sequence>
                    <Opr_SetBBValue_string m_Key="#move_style" m_Value="walk"/>
                </Sequence>
            </Selector>
			<Sequence>
                <Cnd_IsNight m_Invert="false"/>
				<ExternalTree m_UID="BITER_NIGHTRUNNER"/>
            </Sequence>
        </Selector>
    </Sequence>
</BehaviorTree>
