<?xml version="1.0" encoding="UTF-8"?>
<BehaviorTree xmlns:xsi="http://www.w3.org/2001/XMLSchema-instance" xsi:noNamespaceSchemaLocation="../../../MetaData/schema_ai.xsd" m_ContextType="ai">
    <Parallel m_PolicySuccess="REQUIRE_ALL_DONE" m_PolicyFailure="REQUIRE_NONE">
        <ExternalTree m_UID="BITER_CHASE_UPDATE" m_CustomName="Chase" m_Hide="true"/>
		<Sequence>
            <Cnd_IsBBValueEqual_bool m_Key="#any_stimulus_received" m_Value="false"/>
            <Selector>
                <Cnd_HasBBValue m_Key="#target"/>
                <Cnd_HasBBValue m_Key="#poi_position"/>
                <Cnd_IsInUVLight/>
            </Selector>
            <Opr_SetBBValue_bool m_Key="#any_stimulus_received" m_Value="true"/>
			<Sequence>
				<ExternalTree m_UID="BITER_INVESTIGATE_POI" m_CustomName="Investigate" m_Hide="true"/>
			</Sequence>
        </Sequence>
        <!-- Update resting related stuff -->
        <Sequence>
            <Cnd_IsBBValueEqual_bool m_Key="#start_resting_state" m_Value="true"/>
            <Selector>
                <Sequence>
                    <Act_Status m_StatusRequired="FAILURE"/>
                    <Cnd_IsBBValueEqual_bool m_Key="#is_awake" m_Value="true"/>
                    <Cnd_PositionInRadius m_Radius="1.0" m_Position="#ai_starting_pos"/>
                    <DelayerTimeDelta m_DelayTime="15.0">
                        <Cnd_IsAlertLevelEqual m_AlertLevel="Low"/>
                    </DelayerTimeDelta>
                    <Opr_SetBBValue_bool m_Key="#is_awake" m_Value="false"/>
                    <Opr_ResetAwakeningProgress/>
                    <Opr_RegisterRestingAsDefaultTask/>
                </Sequence>
                <Sequence>
                    <Cnd_IsBBValueEqual_bool m_Key="#is_awake" m_Value="false"/>
                    <Selector>
                        <Cnd_IsInUVLight/>
                        <Cnd_ShouldReactOnDamage/>
                    </Selector>
                    <Opr_SetBBValue_bool m_Key="#is_awake" m_Value="true"/>
                    <!-- <Opr_SetActivePose m_Pose="Standing"/> -->
                </Sequence>
            </Selector>
        </Sequence>
        <!--TODO - change this to continuous noise -->
        <CooldownTimeDelta m_CooldownTime="1.0" m_StatusReturned="SUCCESS">
            <Sequence>
                <DelayerTimeDelta m_DelayTime="3.0">
                    <Selector>
                        <Cnd_HasBBValue m_Key="#target"/>
                        <Cnd_HasBBValue m_Key="#last_target"/>
                    </Selector>
                </DelayerTimeDelta>
                <Opr_GetSelfPosition m_Position="#my_pos"/>
                <Opr_MakeDistinctNoise m_NoiseUid="biter_groan" m_Position="#my_pos"/>
            </Sequence>
        </CooldownTimeDelta>
        <Selector>
            <Sequence>
                <Cnd_IsBBValueEqual_bool m_Key="#force_degeneration" m_Value="true"/>
                <Opr_SetBBValue_float m_Key="#degeneration_progress" m_Value="1.0"/>
            </Sequence>
            <Opr_GetUVEffectProgress m_Progress="#degeneration_progress"/>
        </Selector>
        <Selector>
            <Cnd_IsInUVLight m_Invert="true"/>
            <Sequence>
                <Opr_GetClosestUVLightData m_Position="#uv_light_pos" m_Direction="#uv_light_dir" m_Type="#uv_light_type"/>
                <Cnd_IsInUVLightOfType m_Type="SPOTLIGHT"/>
                <Opr_GetCurrentTime m_TimePoint="#last_time_in_uv_light"/>
            </Sequence>
        </Selector>
        <Selector>
            <Sequence>
                <Cnd_IsBodyInState m_State="SUNLIGHT_REACTION" m_Invert="true"/>
                <Cnd_IsNight m_Invert="true"/>
                <Cnd_IsInDarkzone m_Invert="true"/>
                <Opr_StartBodyState m_State="SUNLIGHT_REACTION" m_Duration="999999"/>
            </Sequence>
            <Sequence>
                <Cnd_IsBodyInState m_State="SUNLIGHT_REACTION"/>
                <Selector>
                    <Cnd_IsNight/>
                    <Cnd_IsInDarkzone/>
                </Selector>
                <Opr_StopBodyState m_State="SUNLIGHT_REACTION"/>
            </Sequence>
        </Selector>
        <Sequence>
            <Cnd_IsActivityModuleRunning_BehaviorPlace m_Invert="true"/>
            <Opr_SetDegenerationProgress m_DegenerationProgress="#degeneration_progress"/>
        </Sequence>
        <ExternalTree m_UID="BITER_CHOOSE_MOVESTYLE_FRESH"/>
        <RequestSyncActionGroupStart m_TargetEntity="#sync_action_target_entity" m_GroupName="#sync_action_group_name">
            <Opr_TryStartSyncActionGroup m_TargetEntity="#sync_action_target_entity" m_GroupName="#sync_action_group_name"/>
        </RequestSyncActionGroupStart>
        <Selector>
            <Cnd_HasBBValue m_Key="#target" m_Invert="true"/>
            <Opr_SetBBValue_bool m_Key="#should_check_last_target_pos" m_Value="true"/>
        </Selector>
        <Selector>
            <Opr_GetPathDistanceToCombatTarget m_PathLength="#attack_cost"/>
            <Opr_SetBBValue_float m_Key="#attack_cost" m_Value="40"/>
        </Selector>
        <Selector>
            <Opr_GetDistanceTraveledByTarget m_Time="3.0" m_Distance="#target_travel_distance"/>
            <Opr_SetBBValue_float m_Key="#target_travel_distance" m_Value="10"/>
        </Selector>
    </Parallel>
</BehaviorTree>
