<?xml version="1.0" encoding="UTF-8"?>
<BehaviorTree xmlns:xsi="http://www.w3.org/2001/XMLSchema-instance" xsi:noNamespaceSchemaLocation="../../../../MetaData/schema_ai.xsd" m_ContextType="ai">
    <CooldownTimeDelta m_CooldownTime="$throw_zombie_cooldown" m_CooldownOnAbort="true">
        <SequenceMem>
            <Cnd_CanInterruptActivityModule_Movement/>
            <Cnd_IsCombatTargetInLOS/>
            <Sequence>
                <Cnd_IsCombatTargetInRange m_Radius="$throw_zombie_max_range" m_Angle="$throw_zombie_angle"/>
                <Cnd_IsCombatTargetInRadius m_Radius="$throw_zombie_min_range" m_Invert="true"/>
                <Opr_FindNearestAllyInFront m_Ally="#ally" m_AllyPosition="#ally_pos" m_Angle="$throw_zombie_seek_angle"/>
                <Cnd_TargetInRadiusPredicted m_Target="#ally" m_Radius="$throw_zombie_seek_range" m_Time="1"/>
                <Selector>
                    <Sequence>
                        <Cnd_PositionInRadius m_Position="#ally_pos" m_Radius="$throw_zombie_hit_range"/>
                        <Cnd_PositionInAngle m_Position="#ally_pos" m_Angle="$throw_zombie_hit_angle"/>
                    </Sequence>
                    <Failer>
                        <Act_Move m_Destination="#ally_pos" m_MoveStyle="Walk" m_StopAtDest="false" m_StartPolicy="INTERRUPT" m_AbandonPolicy="BLENDOUT"/>
                    </Failer>
                </Selector>
            </Sequence>
            <Opr_SetBBValue_int m_Key="#throw_hit_count" m_Value="0"/>
            <Succeeder>
                <RunUntilFailure>
                    <SequenceMem>
                        <Cnd_IsBBValueGreaterOrEqual_int m_Key="#throw_hit_count" m_Value="$throw_zombie_max_hit_count" m_Invert="true"/>
                        <Opr_FindNearestAllyInFront m_Ally="#ally" m_AllyPosition="#ally_pos" m_Angle="$throw_zombie_seek_angle"/>
                        <Cnd_PositionInRadius m_Position="#ally_pos" m_Radius="$throw_zombie_hit_range"/>
                        <Cnd_PositionInAngle m_Position="#ally_pos" m_Angle="$throw_zombie_hit_angle"/>
                        <Opr_SetWeapon m_WeaponType="Fists" m_Hand="Right"/>
                        <Selector>
                            <Sequence>
                                <Cnd_OnLeftOfTarget m_Target="#ally"/>
                                <Opr_SetBBValue_int m_Key="#throw_type" m_Value="1"/>
                            </Sequence>
                            <Opr_SetBBValue_int m_Key="#throw_type" m_Value="0"/>
                        </Selector>
                        <Opr_SetDirCorrectionSpeed m_MaxSpeed="$attack_stand_dir_correction_speed"/>
                        <Opr_IncrementBBValue_int m_Key="#throw_hit_count" m_Amount="1"/>
                        <Act_Attack m_Target="#target" m_AttackPresetName="demolisher_throw_zombie" m_Phase="#throw_type" m_StartPolicy="INTERRUPT" m_AbandonPolicy="BLENDOUT" m_DecisionPolicy="WHEN_POSSIBLE"/>
                    </SequenceMem>
                </RunUntilFailure>
            </Succeeder>
        </SequenceMem>
    </CooldownTimeDelta>
</BehaviorTree>
