<?xml version="1.0" encoding="UTF-8"?>
<BehaviorTree xmlns:xsi="http://www.w3.org/2001/XMLSchema-instance" xsi:noNamespaceSchemaLocation="../../../../MetaData/schema_ai.xsd" m_ContextType="ai">
    <CooldownTimeDelta m_CooldownTime="$throw_rubble_cooldown" m_CooldownBeforeFirstTick="true" m_CooldownOnAbort="true">
        <SequenceMem>
            <Cnd_TargetInRadiusPredicted  m_Target="#target" m_Radius="$throw_rubble_max_range" m_Time="$target_prediciton_time"/>
            <Cnd_TargetInRadiusPredicted  m_Target="#target" m_Radius="$throw_rubble_min_range" m_Time="$target_prediciton_time" m_Invert="true"/>
            <Cnd_TargetInAngle m_Target="#target" m_Angle="$attack_max_angle"/>
            <Cnd_IsCombatTargetInLOS/>
            <Cnd_CanInterruptActivityModule_Movement/>
            <Opr_SetDirCorrectionSpeed m_MaxSpeed="$attack_stand_dir_correction_speed"/>
            <Opr_SetBBValue_float m_Key="#throw_offset" m_Value="-2.0"/>
            <Opr_GetThrowPredictedTargetPosition m_Target="#target" m_Position="#throw_pos" m_PredictionTime="0.5" m_Offset="#throw_offset"/>
            <Succeeder>
                <Sequence>
                    <Selector>
                        <Cnd_TargetInRadiusPredicted m_Target="#target" m_Radius="3.0" m_Time="0.25" m_Invert="true"/>
                        <Opr_SetBBValue_float m_Key="#throw_offset" m_Value="0.0"/>
                    </Selector>
                    <Selector>
                        <Cnd_IsCombatTargetInLOS m_Invert="true"/>
                        <Opr_GetThrowPredictedTargetPosition m_Target="#target" m_Position="#throw_pos" m_PredictionTime="0.5" m_HeadYOffset="-0.5" m_Offset="#throw_offset"/>
                    </Selector>
                    <Act_Throw m_Type="Weapon" m_TargetPosition="#throw_pos" m_StartPolicy="INTERRUPT" m_AbandonPolicy="INTERRUPT" m_DecisionPolicy="WHEN_POSSIBLE"/>
                </Sequence>
            </Succeeder>
        </SequenceMem>
    </CooldownTimeDelta>
</BehaviorTree>
