<?xml version="1.0" encoding="UTF-8"?>
<BehaviorTree xmlns:xsi="http://www.w3.org/2001/XMLSchema-instance" xsi:noNamespaceSchemaLocation="../../../../MetaData/schema_ai.xsd" m_ContextType="ai">
    <CooldownTimeDelta m_CooldownTime="$charge_cooldown" m_CooldownOnAbort="true">
        <SequenceMem>
            <!-- Preconditions -->
            <Cnd_IsCombatTargetInRadius m_Radius="$charge_max_range" m_UsePrediction="true"/>
            <Cnd_IsCombatTargetInRadius m_Radius="$charge_min_range" m_Invert="true"/>
            <Cnd_IsHeightDiffToTargetGreater m_Target="#target" m_HeightDiff="0.5" m_Invert="true"/>
            <Cnd_IsCombatTargetInAngle m_Angle="45"/>
            <Cnd_IsPathToTargetClear/>
            <Cnd_IsCombatTargetMeleeReachable/>
            <Cnd_CanInterruptActivityModule_Movement/>
            <Opr_RandomInt m_RangeMin="$min_charge_count" m_Result="#charge_count" m_RangeMax="$max_charge_count"/>
            <Opr_DecrementBBValue_int m_Key="#charge_count" m_Amount="1"/>
            <Opr_Trigger m_Key="#start_charge"/>
            <Opr_SetWeapon m_WeaponType="OneHandedMelee" m_Hand="Right"/>
            <Opr_SetBBValue_TimeDelta m_Key="#charge_delay_after_damage" m_Value="1.0"/>
            <Opr_SetDirCorrectionSpeed m_MaxSpeed="$charge_start_correction_dir"/>
            <Act_Attack m_Target="#target" m_AttackPresetName="demolisher_charge_start" m_StartPolicy="INTERRUPT" m_AbandonPolicy="INTERRUPT"/>
            <CompoundTree>
                <Succeeder>
                    <SetFlagOnRunning m_Key="#charging">
                        <RepeatUntilFail>
                            <Starter m_Key="#start_charge">
                                <SequenceMem>
                                    <Selector>
                                        <Cnd_DamageGivenToPlayer m_TimeWindow="1.5" m_Invert="true"/>
                                        <Opr_SetBBValue_TimeDelta m_Key="#charge_delay_after_damage" m_Value="2.0"/>
                                    </Selector>
                                    <Opr_SetDirCorrectionSpeed m_MaxSpeed="$charge_correction_dir"/>
                                    <TimeDeltaLimit m_TimeMax="$charge_loop_time" m_StatusReturned="SUCCESS">
                                        <ParallelRepeat m_PolicySuccess="REQUIRE_ONE" m_PolicyFailure="REQUIRE_ALL">
                                            <Selector>
                                                <SequenceMem>
                                                    <Cnd_IsCombatTargetInRange m_Radius="4.0" m_Angle="45"/>
                                                    <Act_Attack m_Target="#target" m_AttackPresetName="demolisher_charge_swing" m_StartPolicy="INTERRUPT" m_AbandonPolicy="INTERRUPT"/>
                                                    <Act_Status m_StatusRequired="FAILURE"/>
                                                </SequenceMem>
                                                <SequenceMem>
                                                    <Opr_SetDirCorrectionSpeed m_MaxSpeed="$charge_correction_dir"/>
                                                    <Act_Attack m_Target="#target" m_AttackPresetName="demolisher_charge" m_StartPolicy="INTERRUPT" m_AbandonPolicy="BLENDOUT"/>
                                                </SequenceMem>
                                            </Selector>
                                            <RunUntilSuccess>
                                                <Sequence>
                                                    <Selector>
                                                        <DelayerTimeDeltaRandom m_DelayTimeMin="#charge_delay_after_damage" m_DelayTimeMax="#charge_delay_after_damage">
                                                            <Sequence>
                                                                <Cnd_DamageGivenToPlayer m_TimeWindow="2.0"/>
                                                                <Cnd_TargetDodgedAttack m_Target="#target" m_Invert="true"/>
                                                                <Opr_SetDirCorrectionSpeed m_MaxSpeed="0"/>
                                                            </Sequence>
                                                        </DelayerTimeDeltaRandom>
                                                        <DelayerTimeDelta m_DelayTime="$charge_retry_delay">
                                                            <Cnd_IsCombatTargetInAngle m_Angle="90" m_Invert="true"/>
                                                        </DelayerTimeDelta>
                                                    </Selector>
                                                    <Opr_SetDirCorrectionSpeed m_MaxSpeed="0"/>
                                                </Sequence>
                                            </RunUntilSuccess>
                                            <Runner>
                                                <Sequence>
                                                    <Cnd_IsCombatTargetInRadius m_Radius="12.0"/>
                                                    <Cnd_TargetIsDodging m_Target="#target"/>
                                                    <Opr_SetDirCorrectionSpeed m_MaxSpeed="0"/>
                                                </Sequence>
                                            </Runner>
                                        </ParallelRepeat>
                                    </TimeDeltaLimit>
                                    <Cnd_IsBBValueGreaterOrEqual_int m_Key="#charge_count" m_Value="1"/>
                                    <Opr_DecrementBBValue_int m_Key="#charge_count" m_Amount="1"/>
                                    <Opr_SetDirCorrectionSpeed m_MaxSpeed="$charge_start_correction_dir"/>
                                    <Parallel m_PolicySuccess="REQUIRE_ONE" m_PolicyFailure="REQUIRE_ONE">
                                        <Act_Attack m_Target="#target" m_AttackPresetName="demolisher_charge_quick_start" m_StartPolicy="INTERRUPT" m_AbandonPolicy="INTERRUPT"/>
                                        <Runner>
                                            <Sequence>
                                                <Cnd_IsCombatTargetInRadius m_Radius="6.0"/>
                                                <Cnd_TargetIsDodging m_Target="#target"/>
                                                <Opr_SetDirCorrectionSpeed m_MaxSpeed="0"/>
                                            </Sequence>
                                        </Runner>
                                    </Parallel>
                                    <Opr_Trigger m_Key="#start_charge"/>
                                </SequenceMem>
                            </Starter>
                        </RepeatUntilFail>
                    </SetFlagOnRunning>
                </Succeeder>
            </CompoundTree>
            <SetFlagOnRunning m_Key="#in_recovery">
                <Act_Attack m_Target="#target" m_AttackPresetName="demolisher_charge_end" m_StartPolicy="INTERRUPT" m_AbandonPolicy="BLENDOUT" m_DecisionPolicy="WHEN_POSSIBLE"/>
            </SetFlagOnRunning>
        </SequenceMem>
    </CooldownTimeDelta>
</BehaviorTree>
