<?xml version="1.0" encoding="UTF-8"?>
<BehaviorTree xmlns:xsi="http://www.w3.org/2001/XMLSchema-instance" xsi:noNamespaceSchemaLocation="../../../../MetaData/schema_ai.xsd" m_ContextType="ai">
    <CooldownTimeDelta m_CooldownTime="$shockwave_cooldown" m_CooldownOnAbort="true">
        <SequenceMem>
            <Cnd_IsCombatTargetInRange m_Radius="12" m_Angle="25"/>
            <Cnd_IsHeightDiffToTargetGreater m_Target="#target" m_HeightDiff="2" m_Invert="true"/>
            <Cnd_IsCombatTargetInRadius m_Radius="3.5" m_Invert="true"/>
            <Cnd_IsPathToTargetClear/>
            <Cnd_CanInterruptActivityModule_Movement/>
            <Opr_SetDirCorrectionSpeed m_MaxSpeed="$attack_stand_dir_correction_speed"/>
            <Opr_SetWeapon m_WeaponType="Fists" m_Hand="Right"/>
            <Act_Attack m_Target="#target" m_AttackPresetName="demolisher_shockwave" m_StartPolicy="INTERRUPT" m_AbandonPolicy="INTERRUPT" m_DecisionPolicy="WHEN_POSSIBLE"/>
        </SequenceMem>
    </CooldownTimeDelta>
</BehaviorTree>
