<?xml version="1.0" encoding="UTF-8"?>
<BehaviorTree xmlns:xsi="http://www.w3.org/2001/XMLSchema-instance" xsi:noNamespaceSchemaLocation="../../../MetaData/schema_ai.xsd" m_ContextType="ai">
    <SequenceMem>
        <Cnd_HasBBValue m_Key="#target"/>
        <Cnd_IsBBValueEqual_bool m_Key="#combat_start_taunt_ready" m_Value="true"/>
        <Opr_SetBBValue_bool m_Key="#combat_start_taunt_ready" m_Value="false"/>
        <Cnd_CanStartTask m_StartPolicy="INTERRUPT"/>
        <Cnd_IsActivityModuleRunning_Jump m_Invert="true"/>
        <Cnd_IsCombatTargetInRadius m_Radius="5" m_Invert="true"/>
        <Opr_SetDirCorrectionSpeed m_MaxSpeed="120"/>
        <Selector>
            <Cnd_PositionInAngle m_Position="#target_pos" m_Angle="20"/>
            <Act_TurnToPos m_Position="#target_pos" m_Type="Combat" m_StartPolicy="INTERRUPT" m_AbandonPolicy="INTERRUPT" m_DecisionPolicy="WHEN_POSSIBLE"/>
        </Selector>
        <Act_Taunt m_Type="Normal" m_StartPolicy="INTERRUPT" m_AbandonPolicy="BLENDOUT"/>
        <CooldownTimeDelta m_CooldownTime="1.0" m_StatusReturned="SUCCESS">
            <Opr_MakeDistinctNoise m_NoiseUid="GRE_alarm_scream" m_Position="#self_pos"/>
        </CooldownTimeDelta>
    </SequenceMem>
</BehaviorTree>
