<?xml version="1.0" encoding="UTF-8"?>
<BehaviorTree xmlns:xsi="http://www.w3.org/2001/XMLSchema-instance" xsi:noNamespaceSchemaLocation="../../../MetaData/schema_ai.xsd" m_ContextType="ai">
    <SequenceMem>
        <Cnd_HasBBValue m_Key="#target" m_Invert="true"/>
        <Selector>
            <Sequence>
                <Cnd_IsInSunlight/>
                <Opr_SetBBValue_EInvestigationType m_Key="#incapacitate_type" m_Value="NOTICE_SUNLIGHT"/>
            </Sequence>
            <Opr_SetBBValue_EInvestigationType m_Key="#incapacitate_type" m_Value="NOTICE"/>
        </Selector>
        <InvestigatePOI m_Position="#poi_position" m_Type="#poi_type">
            <SelectorMem>
                <SequenceMem m_CustomName="SuspiciousEnemy" m_Hide="true">
                    <Selector>
                        <Cnd_IsBBValueEqual_EPOIType m_Key="#poi_type" m_Value="Enemy"/>
                        <Cnd_IsBBValueEqual_EPOIType m_Key="#poi_type" m_Value="Attack"/>
                    </Selector>
                    <ExposeLogicState m_ExposedState="detecting_target">
                        <Act_Move m_Destination="#poi_position" m_IsAvoidanceActive="false" m_MoveStyle="Walk" m_StopAtDest="true" m_StartPolicy="INTERRUPT" m_AbandonPolicy="BLENDOUT"/>
                    </ExposeLogicState>
                </SequenceMem>
                <Act_Investigation m_Type="#incapacitate_type" m_StimulusType="NONE" m_StimulusPosition="#poi_position" m_StartPolicy="INTERRUPT" m_AbandonPolicy="BLENDOUT" m_DecisionPolicy="ON_END"/>
            </SelectorMem>
        </InvestigatePOI>
    </SequenceMem>
</BehaviorTree>
