<?xml version="1.0" encoding="UTF-8"?>
<BehaviorTree xmlns:xsi="http://www.w3.org/2001/XMLSchema-instance" xsi:noNamespaceSchemaLocation="../../../MetaData/schema_ai.xsd" m_ContextType="ai">
    <Sequence>
		<ExternalTree m_UID="VIRAL_CHASE_UPDATE" m_CustomName="Chase" m_Hide="true"/>
        <ExternalTree m_UID="SCREAMER_UPDATE_TACTICS" m_CustomName="Tactics" m_Hide="true"/>
        <Succeeder>
            <Sequence>
                <Opr_GetUVEffectProgress m_Progress="#uv_progress"/>
                <Opr_GetClosestUVLightData m_Position="#uv_light_pos" m_Direction="#uv_light_dir" m_Type="#uv_light_type"/>
            </Sequence>
        </Succeeder>
		<Selector>
			<Sequence>
				<Cnd_IsAlertLevelEqual m_AlertLevel="High"/>
				<Cnd_IsTargetNitroSprinting m_Target="#target" m_Invert="true"/>
				<Cnd_IsBBValueEqual_string m_Key="#tactic" m_Value="rush"/>
				<Cnd_SpaceInSimpleDirection m_Direction="FORWARD"/>
				<Cnd_Const m_Enabled="$force_slower_movestyle" m_Invert="true"/>
				<Opr_SetBBValue_string m_Key="#run_move_style" m_Value="RunFast"/>
			</Sequence>
			<Opr_SetBBValue_string m_Key="#run_move_style" m_Value="RunFast"/>
		</Selector>
		<Succeeder>
			<Selector>
				<Sequence>
					<Cnd_IsBBValueEqual_bool m_Key="#pushing_ally" m_Value="true"/>
					<Opr_SetBBValue_bool m_Key="#should_skip_start" m_Value="true"/>
				</Sequence>
				<Sequence>
					<DelayerTimeDelta m_DelayTime="0.25">
						<Cnd_IsBBValueEqual_bool m_Key="#pushing_ally" m_Value="false"/>
					</DelayerTimeDelta>
					<Opr_SetBBValue_bool m_Key="#should_skip_start" m_Value="false"/>
				</Sequence>
			</Selector>
		</Succeeder>
		<CooldownTimeDelta m_CooldownTime="1.0" m_StatusReturned="SUCCESS">
			<Selector>
				<Cnd_IsAlertLevelEqual m_AlertLevel="High" m_Invert="true"/>
				<Cnd_IsBBValueEqual_bool m_Key="#flag_combat_rest" m_Value="true"/>
				<Cnd_IsActivityModuleRunning_SyncAction/>
				<Sequence>
					<Opr_GetSelfPosition m_Position="#my_pos"/>
					<Opr_MakeDistinctNoise m_NoiseUid="viral_groan" m_Position="#my_pos"/>
				</Sequence>
			</Selector>
		</CooldownTimeDelta>
        <Succeeder>
            <Sequence>
                <Cnd_ShouldReactOnDamage/>
                <Cnd_IsBBValueEqual_bool m_Key="#summoning" m_Value="true"/>
                <Opr_SendAudioEvent m_EventName="chase_alarm_stopped"/>
            </Sequence>
        </Succeeder>
        <Succeeder>
            <Sequence>
                <Cnd_HasBBValue m_Key="#target" m_Invert="true"/>
                <Cnd_ChaseInProgress m_Invert="true"/>
                <Opr_SetBBValue_bool m_Key="#summon_on_player_spot_used" m_Value="false"/>
            </Sequence>
        </Succeeder>
		<Selector>
			<Sequence>
				<Cnd_HasBBValue m_Key="#target"/>
				<Opr_RemoveBBValue m_Key="#group_target_pos"/>
				<Opr_EnableSense m_Sense="trail"/>
				<Opr_EnableTrailForTarget m_Target="#target"/>
			</Sequence>
			<Sequence>
				<Cnd_HasBBValue m_Key="#last_target"/>
				<Opr_EnableSense m_Sense="trail"/>
				<Opr_EnableTrailForTarget m_Target="#last_target"/>
			</Sequence>
			<Sequence>
				<Cnd_HasBBValue m_Key="#chase_target"/>
				<Opr_EnableSense m_Sense="trail"/>
				<Opr_EnableTrailForTarget m_Target="#chase_target"/>
			</Sequence>
			<Opr_DisableSense m_Sense="trail"/>
			<CooldownTimeDelta m_CooldownTime="5.0" m_StatusReturned="SUCCESS">
				<Opr_GetSelfPosition m_Position="#self_pos"/>
				<Opr_MakeDistinctNoise m_NoiseUid="screamer_attract" m_Position="#self_pos"/>
			</CooldownTimeDelta>
		</Selector>
    </Sequence>
</BehaviorTree>
