<?xml version="1.0" encoding="UTF-8"?>
<BehaviorTree xmlns:xsi="http://www.w3.org/2001/XMLSchema-instance" xsi:noNamespaceSchemaLocation="../../../MetaData/schema_ai.xsd" m_ContextType="ai">
    <Sequence>
        <Cnd_IsPoseEqual m_Pose="Standing"/>
        <Opr_GetForceAttractNoisePOIPosition m_Position="#decoy_poi_position"/>
        <SequenceMem>
            <Opr_RandomFloat m_Result="#randomized_end_radius" m_RangeMin="2.5" m_RangeMax="10"/>
            <Selector>
                <Cnd_PositionInRadius m_Position="#decoy_poi_position" m_Radius="#randomized_end_radius"/>
                <Act_Move m_Destination="#decoy_poi_position" m_DestUnreachableBehavior="DoNothingAndFail" m_MaxDistOutsideNavmeshXZ="4" m_MaxDistOutsideNavmeshY="4" m_EndRadius="#randomized_end_radius" m_LocomotionSpeed="#degenerated_speed" m_MoveStyle="#move_style" m_StopAtDest="true" m_StartPolicy="INTERRUPT" m_AbandonPolicy="BLENDOUT"/>
            </Selector>
            <Selector>
                <Cnd_PositionInAngle m_Angle="15" m_Position="#decoy_poi_position"/>
                <Act_TurnToPos m_Position="#decoy_poi_position" m_StartPolicy="INTERRUPT" m_AbandonPolicy="INTERRUPT"/>
            </Selector>
            <Act_Idle m_Type="Stand" m_StartPolicy="INTERRUPT" m_AbandonPolicy="BLENDOUT"/>
        </SequenceMem>
    </Sequence>
</BehaviorTree>
