<?xml version="1.0" encoding="UTF-8"?>
<BehaviorTree xmlns:xsi="http://www.w3.org/2001/XMLSchema-instance" xsi:noNamespaceSchemaLocation="../../../../MetaData/schema_ai.xsd" m_ContextType="ai">
    <CooldownTimeDelta m_CooldownTime="$spit_cooldown">
        <SequenceMem>
			<Cnd_IsTargetVisible m_Target="#target"/>
			<Cnd_AllyInLineOfFire m_Target="#target" m_Invert="true"/>
			<Cnd_IsCombatTargetInSyncAction m_Invert="true"/>
			<Cnd_TargetInRadius m_HorizontalOnly="true" m_Target="#target" m_Radius="$spit_min_range" m_Invert="true"/>
			<Cnd_TargetInAngle  m_Target="#target" m_Angle="$spit_max_angle"/>
			<Opr_SetDirCorrectionSpeed m_MaxSpeed="$spit_dir_correction_speed"/>
			<Opr_RandomInt m_RangeMin="$spit_combo_attacks_min" m_RangeMax="$spit_combo_attacks_max" m_Result="#combo_attacks" />
			<Opr_SetBBValue_int m_Key="#combo_phase" m_Value="1"/>
			<Opr_DecrementBBValue_int m_Key="#combo_attacks" m_Amount="1"/>
			<Opr_Trigger m_Key="#trigger_combo"/>
			<Succeeder>
				<RepeatOnceOnSuccess>
					<Starter m_Key="#trigger_combo">
						<Parallel m_PolicySuccess="REQUIRE_ONE" m_PolicyFailure="REQUIRE_ONE">
							<Sequence>
								<Opr_GetDistanceToTarget m_Target="#target" m_Distance="#prediction_time"/>
								<Opr_MultiplyBBValue_float m_Key="#prediction_time" m_Amount="0.05"/>
								<Act_RangedAttack m_Target="#target" m_Type="SPIT" m_TargetPredictionTime="#prediction_time" m_BoneName="HEAD" m_Phase="#combo_phase" m_StartPolicy="INTERRUPT" m_AbandonPolicy="INTERRUPT" m_DecisionPolicy="WHEN_POSSIBLE"/>
								<Opr_MakeDistinctNoise m_NoiseUid="stalker_attract" m_Position="#target"/>
							</Sequence>
							<RunUntilSuccess>
								<Sequence>
									<Cnd_IsBBValueGreater_int m_Key="#combo_attacks" m_Value="0"/>
									<Cnd_CanInterruptActivityModule_RangedAttack/>
									<Cnd_IsCombatTargetInSyncAction m_Invert="true"/>
									<Cnd_IsTargetVisible m_Target="#target"/>
									<Cnd_AllyInLineOfFire m_Target="#target" m_CheckMelee="true" m_Invert="true"/>
									<Cnd_TargetInRadiusPredicted m_Target="#target" m_Radius="$spit_min_range" m_Time="$target_prediciton_time" m_Invert="true"/>
									<Cnd_TargetInAngle  m_Target="#target" m_Angle="$spit_max_angle"/>
									<Opr_DecrementBBValue_int m_Key="#combo_attacks" m_Amount="1"/>
									<Opr_SetBBValue_int m_Key="#combo_phase" m_Value="2"/>
									<Selector>
										<Cnd_IsBBValueEqual_int m_Key="#combo_attacks" m_Value="0" m_Invert="true"/>
										<Opr_SetBBValue_int m_Key="#combo_phase" m_Value="3"/>
									</Selector>
									<Opr_Trigger m_Key="#trigger_combo"/>
								</Sequence>
							</RunUntilSuccess>
						</Parallel>
					</Starter>
				</RepeatOnceOnSuccess>
			</Succeeder>
		</SequenceMem>
    </CooldownTimeDelta>
</BehaviorTree>
