<?xml version="1.0" encoding="UTF-8"?>
<BehaviorTree xmlns:xsi="http://www.w3.org/2001/XMLSchema-instance" xsi:noNamespaceSchemaLocation="../../../../MetaData/schema_ai.xsd" m_ContextType="ai">
    <SequenceMem>
        <Cnd_CanStartTask m_StartPolicy="DISCARD"/>
        <Starter m_Key="#should_check_last_target_pos">
            <Sequence>
                <Cnd_HasBBValue m_Key="#last_target"/>
                <Cnd_IsAlertLevelEqual m_AlertLevel="Low" m_Invert="true"/>
                <Selector>
                    <Cnd_HasBBValue m_Key="#poi_position" m_Invert="true"/>
                    <Cnd_IsBBValueEqual_EPOIType m_Key="#poi_type" m_Value="HighPrioNoise" m_Invert="true"/>
                </Selector>
                <ExposeLogicState m_ExposedState="chasing">
                    <SequenceMem>
						<Opr_GetLocalPlayer m_Player="#local_player"/>
						<Opr_GetObjectPosition m_Object="#local_player" m_Position="#local_player_pos"/>
						<Cnd_PositionInRadius m_Position="#local_player_pos" m_Radius="120"/>
						<Opr_GetDirectionToPosition m_Position="#local_player_pos" m_Direction="#turn_dir"/>
						<Sequence>
							<Act_Move m_MoveStyle="#move_style_run" m_Destination="#local_player_pos" m_StartPolicy="INTERRUPT" m_AbandonPolicy="BLENDOUT" m_DecisionPolicy="ON_END"/>
						</Sequence>
					</SequenceMem>
                </ExposeLogicState>
            </Sequence>
        </Starter>
    </SequenceMem>
</BehaviorTree>
