<?xml version="1.0" encoding="UTF-8"?>
<BehaviorTree xmlns:xsi="http://www.w3.org/2001/XMLSchema-instance" xsi:noNamespaceSchemaLocation="../../../MetaData/schema_ai.xsd" m_ContextType="ai">
    <CooldownUntil m_CooldownTime="$running_low_attack_cooldown" m_TimePoint="#running_low_attack_cooldown" m_CooldownOnAbort="true">
        <SetFlagOnRunning m_Key="#during_runby_attack">
            <SequenceMem>
                <Cnd_IsCombatTargetInRadius m_Radius="$running_low_attack_approach_range"/>
                <Cnd_IsCombatTargetInRadius m_Radius="$running_low_attack_min_range" m_Invert="true"/>
                <Cnd_IsCombatTargetInAngle m_Angle="15"/>
                <Cnd_HasStrafePathToCombatTarget/>
                <ExposeTarget m_Target="#target">
                    <Act_Status m_StatusRequired="RUNNING"/>
                </ExposeTarget>
                <Cnd_IsPlayerTargetInUVLight m_Target="#target" m_Invert="true"/>
                <Cnd_IsHeightDiffToTargetGreater m_Target="#target" m_HeightDiff="0.3" m_Invert="true"/>
                <CooldownTimeDelta m_CooldownTime="1" m_CooldownOnAbort="true" m_StatusReturned="SUCCESS">
                    <CompoundTree>
                        <Selector>
                            <SequenceMem>
                                <ParallelRepeat m_PolicySuccess="REQUIRE_ONE" m_PolicyFailure="REQUIRE_ONE">
                                    <SequenceMem>
                                        <Cnd_IsCombatTargetInRadius m_Radius="$running_low_attack_max_range" m_UsePrediction="true"/>
                                        <Cnd_IsPathToTargetClear/>
                                        <Cnd_CanInterruptActivityModule_Movement/>
                                        <SelectorMem>
                                            <Cnd_InTargetHorzAngle m_Target="#target" m_Angle="45"/>
                                            <Act_Taunt m_Type="Normal" m_StartPolicy="INTERRUPT" m_AbandonPolicy="INTERRUPT" m_DecisionPolicy="ON_INTERRUPT"/>
                                        </SelectorMem>
                                        <Opr_SetBBValue_bool m_Key="#skip_start" m_Value="true"/>
                                        <Opr_SetPosCorrectionSpeed m_MaxSpeed="0"/>
                                        <Opr_SetDirCorrectionSpeed m_MaxSpeed="90"/>
                                        <Act_Attack m_Target="#target" m_AttackPresetName="banshee_attack_running_low_start" m_EnablePosCorrection="true" m_StartPolicy="INTERRUPT" m_AbandonPolicy="BLENDOUT" m_DecisionPolicy="WHEN_POSSIBLE"/>
                                        <Opr_SetDirCorrectionSpeed m_MaxSpeed="90"/>
                                        <Opr_SetPosCorrectionSpeed m_MaxSpeed="3"/>
                                        <TimeDeltaLimit m_TimeMax="4">
                                            <Act_Attack m_Target="#target" m_AttackPresetName="banshee_attack_running_low" m_EnablePosCorrection="true" m_StartPolicy="INTERRUPT" m_AbandonPolicy="BLENDOUT" m_DecisionPolicy="WHEN_POSSIBLE"/>
                                        </TimeDeltaLimit>
                                    </SequenceMem>
                                    <RunUntilSuccess>
                                        <Cnd_IsCombatTargetInRadius m_Radius="8" m_UsePrediction="true"/>
                                    </RunUntilSuccess>
                                    <RunUntilSuccess>
                                        <Cnd_IsCombatTargetInAngle m_Angle="45" m_Invert="true"/>
                                    </RunUntilSuccess>
                                    <Runner>
                                        <Sequence>
                                            <Cnd_TargetIsDodging m_Target="#target"/>
                                            <Opr_SetPosCorrectionSpeed m_MaxSpeed="0"/>
                                            <Opr_SetDirCorrectionSpeed m_MaxSpeed="0"/>
                                        </Sequence>
                                    </Runner>
                                </ParallelRepeat>
                                <Opr_SetPosCorrectionSpeed m_MaxSpeed="0"/>
                                <Opr_SetDirCorrectionSpeed m_MaxSpeed="0"/>
                                <Act_Attack m_Target="#target" m_AttackPresetName="banshee_attack_running_low_end" m_EnablePosCorrection="true" m_StartPolicy="DISCARD" m_AbandonPolicy="INTERRUPT" m_DecisionPolicy="WHEN_POSSIBLE"/>
                            </SequenceMem>
                            <Act_Move m_Destination="#target_pos" m_MoveStyle="#combat_movestyle" m_SkipStart="#skip_start" m_TryToFindDestinationOnNavmesh="true"  m_StartPolicy="INTERRUPT" m_AbandonPolicy="BLENDOUT"/>
                        </Selector>
                    </CompoundTree>
                </CooldownTimeDelta>
            </SequenceMem>
        </SetFlagOnRunning>
    </CooldownUntil>
</BehaviorTree>
