<?xml version="1.0" encoding="UTF-8"?>
<BehaviorTree xmlns:xsi="http://www.w3.org/2001/XMLSchema-instance" xsi:noNamespaceSchemaLocation="../../../MetaData/schema_ai.xsd" m_ContextType="ai">
    <SetFlagOnRunning m_Key="#during_jump_attack">
        <SequenceMem>
            <Cnd_IsPoseEqual m_Pose="Standing"/>
            <Cnd_IsOnGround/>
            <Cnd_IsCombatTargetInLOS/>
            <Cnd_IsPlayer m_Target="#target"/>
            <Cnd_IsPlayerTargetInUVLight m_Target="#target" m_Invert="true"/>
            <Cnd_IsBBValueEqual_bool m_Key="#during_jump_attack" m_Value="false"/>
            <Cnd_IsCombatTargetInRadius m_Radius="$jump_attack_from_above_max_range" m_UsePrediction="false" m_HorizontalOnly="true"/>
            <Cnd_IsTargetLower m_Target="#target" m_BaseHeight="-3.0"/>
            <Cnd_IsTargetLower m_Target="#target" m_BaseHeight="-15.0" m_Invert="true"/>
            <Cnd_CanInterruptActivityModule_Movement/>
            <Opr_SetDirCorrectionSpeed m_MaxSpeed="720"/>
            <SequenceMem>
                <Succeeder>
                    <SequenceMem>
                        <Cnd_IsPoseEqual m_Pose="Standing"/>
                        <Cnd_CanInterruptActivityModule_Movement/>
                        <Cnd_IsCombatTargetInAngle m_Angle="45" m_Invert="true"/>
                        <Opr_SetDirCorrectionSpeed m_MaxSpeed="480"/>
                        <Act_TurnToPos m_Position="#target_pos" m_Type="Combat" m_StartPolicy="INTERRUPT" m_AbandonPolicy="BLENDOUT" m_DecisionPolicy="WHEN_POSSIBLE"/>
                    </SequenceMem>
                </Succeeder>
                <Act_Taunt m_Type="Normal" m_StartPolicy="INTERRUPT" m_AbandonPolicy="INTERRUPT" m_DecisionPolicy="ON_INTERRUPT"/>
                <Opr_SetDirCorrectionSpeed m_MaxSpeed="240"/>
                <Act_Attack m_Target="#target" m_DisableNetSynchro="true" m_AttackPresetName="banshee_jump_from_ledge" m_StartPolicy="INTERRUPT" m_AbandonPolicy="BLENDOUT" m_DecisionPolicy="WHEN_POSSIBLE"/>
                <Parallel m_PolicySuccess="REQUIRE_ONE" m_PolicyFailure="REQUIRE_ONE">
                    <SequenceMem>
                        <Opr_GetDistanceToTarget m_Target="#target" m_Distance="#dist_to_target"/>
                        <Opr_MultiplyBBValue_float m_Key="#dist_to_target" m_Amount="0.95"/>
                        <Opr_SetPosCorrectionSpeed m_MaxSpeed="#dist_to_target"/>
                        <Act_Attack m_Target="#target" m_AttackPresetName="banshee_jump_strike" m_DisableNetSynchro="true" m_EnablePosCorrection="false" m_StartPolicy="DISCARD" m_AbandonPolicy="BLENDOUT" m_DecisionPolicy="WHEN_POSSIBLE"/>
                    </SequenceMem>
                    <Runner>
                        <Sequence>
                            <Selector>
                                <Sequence>
                                    <Cnd_CanInterruptActivityModule_Attack/>
                                    <Cnd_TargetInAngle m_Target="#target" m_Angle="90" m_Invert="true"/>
                                </Sequence>
                                <Cnd_TargetIsDodging m_Target="#target"/>
                            </Selector>
                            <Opr_SetDirCorrectionSpeed m_MaxSpeed="0.0"/>
                            <Opr_SetPosCorrectionSpeed m_MaxSpeed="0.0"/>
                        </Sequence>
                    </Runner>
                    <RunUntilSuccess>
                        <Sequence>
                            <Cnd_CanInterruptActivityModule_Attack/>
                            <Cnd_IsOnGround/>
                        </Sequence>
                    </RunUntilSuccess>
                    <RunUntilSuccess>
                        <Sequence>
                            <Opr_EvaluateTargetDefenceType m_DefenceType="#defence_type"/>
                            <Cnd_IsBBValueEqual_EAttackDefenceType m_Key="#defence_type" m_Value="PERFECT_DODGE"/>
                        </Sequence>
                    </RunUntilSuccess>
                </Parallel>
                <SelectorMem>
                    <SequenceMem>
                        <Sequence>
                            <Opr_EvaluateTargetDefenceType m_DefenceType="#defence_type"/>
                            <Cnd_IsBBValueEqual_EAttackDefenceType m_Key="#defence_type" m_Value="PERFECT_DODGE"/>
                        </Sequence>
                        <Act_Attack m_Target="#target" m_AttackPresetName="banshee_landing_miss" m_StartPolicy="DISCARD" m_AbandonPolicy="INTERRUPT" m_DecisionPolicy="WHEN_POSSIBLE"/>
                        <Opr_Trigger m_Key="#trigger_post_jump_stun"/>
                    </SequenceMem>
                    <SequenceMem>
                        <Opr_SetBBValue_bool m_Key="#skip_start" m_Value="true"/>
                        <Act_Attack m_Target="#target" m_AttackPresetName="banshee_landing_hit" m_StartPolicy="DISCARD" m_AbandonPolicy="INTERRUPT" m_DecisionPolicy="WHEN_POSSIBLE"/>
                    </SequenceMem>
                </SelectorMem>
            </SequenceMem>
        </SequenceMem>
    </SetFlagOnRunning>
</BehaviorTree>
