<?xml version="1.0" encoding="UTF-8"?>
<BehaviorTree xmlns:xsi="http://www.w3.org/2001/XMLSchema-instance" xsi:noNamespaceSchemaLocation="../../../MetaData/schema_ai.xsd" m_ContextType="ai">
    <Sequence>
		<Cnd_CanInterruptActivityModule_Movement/>
        <Cnd_HasBBValue m_Key="#target"/>
        <Selector>
            <Sequence>
                <Cnd_Const m_Enabled="$jump_attack_on_humans_enabled"/>
                <Opr_FindAllyInRangeInState m_Ally="#ally" m_AllyPosition="#ally_pos" m_MaxRange="30.0" m_State="HUMAN_TARGET_FOR_BANSHEE_HAG_JUMP"/>
            </Sequence>
            <Sequence>
                <Cnd_Const m_Enabled="$jump_attack_on_goon_enabled"/>
                <Opr_FindAllyInRangeInState m_Ally="#ally" m_AllyPosition="#ally_pos" m_MaxRange="30.0" m_State="GOON_TARGET_FOR_BANSHEE_JUMP"/>
                <Opr_SetBBValue_BansheeJumpAllyType m_Key="#ally_type" m_Value="Goon"/>
            </Sequence>
            <Sequence>
                <Cnd_Const m_Enabled="$jump_attack_enabled"/>
                <Opr_FindAllyInRangeInState m_Ally="#ally" m_AllyPosition="#ally_pos" m_MaxRange="20.0" m_State="TARGET_FOR_BANSHEE_JUMP"/>
                <Opr_SetBBValue_BansheeJumpAllyType m_Key="#ally_type" m_Value="Biter"/>
            </Sequence>
        </Selector>
		<Cnd_DistanceBetweenPositionsLower m_Distance="10.0" m_FirstPosition="#target_pos" m_SecondPosition="#ally_pos" m_Invert="true"/>
        <Selector>
            <Sequence>
                <Cnd_PositionInRadius m_Radius="3.0" m_Position="#ally_pos"/>
                <Cnd_PositionInAngle m_Angle="45" m_Position="#ally_pos" m_Invert="true"/>
                <Act_TurnToPos m_Position="#ally_pos" m_Type="Combat" m_StartPolicy="INTERRUPT" m_AbandonPolicy="INTERRUPT"/>
            </Sequence>
            <Act_Move m_Destination="#ally_pos" m_IsAvoidanceActive="false" m_MoveStyle="#combat_movestyle" m_StopAtDest="true" m_SkipStart="#skip_start" m_StartPolicy="INTERRUPT" m_AbandonPolicy="BLENDOUT"/>
        </Selector>
    </Sequence>
</BehaviorTree>
