<?xml version="1.0" encoding="UTF-8"?>
<BehaviorTree xmlns:xsi="http://www.w3.org/2001/XMLSchema-instance" xsi:noNamespaceSchemaLocation="../../../MetaData/schema_ai.xsd" m_ContextType="ai">
    <Sequence>
        <Cnd_HasBBValue m_Key="#target"/>
        <Selector>
			<ExternalTree m_UID="BANSHEE_STALKER_CALL_REINFORCEMENTS" m_CustomName="CallReinforcements" m_Hide="true"/>
			<ExternalTree m_UID="BANSHEE_ATTACK_STALKER_SPIT" m_CustomName="Spit" m_Hide="true"/>
            <ExternalTree m_UID="BANSHEE_ATTACK_STALKER" m_CustomName="Stalker" m_Hide="true"/>
			<ExternalTree m_UID="BANSHEE_KEEP_DISTANCE" m_CustomName="Keep Distance" m_Hide="true"/>
			<ExternalTree m_UID="BANSHEE_ATTACK_RUNNING_LOW" m_CustomName="Attack_low" m_Hide="true"/>
        </Selector>
    </Sequence>
</BehaviorTree>
