<?xml version="1.0" encoding="UTF-8"?>
<BehaviorTree xmlns:xsi="http://www.w3.org/2001/XMLSchema-instance" xsi:noNamespaceSchemaLocation="../../../MetaData/schema_ai.xsd" m_ContextType="ai">
    <CooldownUntil m_CooldownTime="$jump_low_attack_cooldown" m_TimePoint="#jump_low_attack_cooldown" m_CooldownOnAbort="true">
        <SetFlagOnRunning m_Key="#during_jump_low_attack">
            <SequenceMem>
                <Cnd_IsCombatTargetInRadius m_Radius="$jump_low_attack_approach_range"/>
                <Cnd_IsCombatTargetInRadius m_Radius="$jump_low_attack_min_range" m_Invert="true" m_UsePrediction="true"/>
                <Cnd_HasStrafePathToCombatTarget/>
                <ExposeTarget m_Target="#target">
					<Act_Status m_StatusRequired="RUNNING"/>
                </ExposeTarget>
                <Cnd_IsPlayerTargetInUVLight m_Target="#target" m_Invert="true"/>
                <Cnd_IsCombatTargetInAngle m_Angle="15"/>
                <Selector>
                    <Cnd_IsPlayer m_Target="#target" m_Invert="true"/>
                    <Cnd_Const m_Enabled="$jump_low_attack_in_front_of_player_only" m_Invert="true"/>
                    <Cnd_InTargetHorzAngle m_Target="#target" m_Angle="30"/>
                </Selector>
                <Cnd_IsHeightDiffToTargetGreater m_Target="#target" m_HeightDiff="1.0" m_Invert="true"/>
                <CooldownTimeDelta m_CooldownTime="1" m_CooldownOnAbort="true" m_StatusReturned="SUCCESS">
                    <CompoundTree>
                        <Selector>
                            <ParallelRepeat m_PolicySuccess="REQUIRE_ONE" m_PolicyFailure="REQUIRE_ONE">
                                <SequenceMem>
                                    <Cnd_IsCombatTargetInRadius m_Radius="$jump_low_attack_max_range" m_UsePrediction="true"/>
                                    <Cnd_CanInterruptActivityModule_Movement/>
                                    <SelectorMem>
                                        <Cnd_InTargetHorzAngle m_Target="#target" m_Angle="45"/>
                                        <Act_Taunt m_Type="Normal" m_StartPolicy="INTERRUPT" m_AbandonPolicy="INTERRUPT" m_DecisionPolicy="ON_INTERRUPT"/>
                                    </SelectorMem>
                                    <Opr_SetBBValue_bool m_Key="#skip_start" m_Value="true"/>
                                    <Opr_SetDirCorrectionSpeed m_MaxSpeed="360"/>
                                    <Opr_SetPosCorrectionSpeed m_MaxSpeed="2"/>
                                    <Act_Attack m_Target="#target" m_AttackPresetName="banshee_attack_jump_low" m_StartPolicy="INTERRUPT" m_AbandonPolicy="INTERRUPT" m_DecisionPolicy="WHEN_POSSIBLE"/>
                                </SequenceMem>
                                <Runner>
                                    <Sequence>
                                        <Selector>
                                            <Cnd_IsCombatTargetInAngle m_Angle="45" m_Invert="true"/>
                                            <Cnd_TargetIsDodging m_Target="#target"/>
                                        </Selector>
                                        <Opr_SetPosCorrectionSpeed m_MaxSpeed="0"/>
                                        <Opr_SetDirCorrectionSpeed m_MaxSpeed="0"/>
                                    </Sequence>
                                </Runner>
                            </ParallelRepeat>
                            <Act_Move m_Destination="#target_pos" m_MoveStyle="#combat_movestyle" m_SkipStart="#skip_start" m_TryToFindDestinationOnNavmesh="true"  m_StartPolicy="INTERRUPT" m_AbandonPolicy="BLENDOUT"/>
                        </Selector>
                    </CompoundTree>
                </CooldownTimeDelta>
            </SequenceMem>
        </SetFlagOnRunning>
    </CooldownUntil>
</BehaviorTree>
