<?xml version="1.0" encoding="UTF-8"?>
<BehaviorTree xmlns:xsi="http://www.w3.org/2001/XMLSchema-instance" xsi:noNamespaceSchemaLocation="../../../MetaData/schema_ai.xsd" m_ContextType="ai">
    <Sequence>
        <Cnd_HasBBValue m_Key="#target"/>
        <SequenceMem>
            <Cnd_CanStartTask m_StartPolicy="DISCARD"/>
            <Cnd_IsPoseEqual m_Pose="Standing"/>
            <Selector>
                <ExternalTree m_UID="BITER_HEAVY_ATTACK" m_CustomName="Heavy_Attack" m_Hide="true"/>
				<ExternalTree m_UID="BITER_POWER_ATTACK" m_CustomName="Power_Attack" m_Hide="true"/>
				<ExternalTree m_UID="BITER_SWING_ATTACK" m_CustomName="Swing_Attack" m_Hide="true"/>
                <Sequence>
                    <SelectorMem>
                        <Optional m_Enabled="$enable_charge_with_grab">
                            <ExternalTree m_UID="BITER_CHARGE_WITH_GRAB" m_CustomName="Berserker_Charge" m_Hide="true"/>
                        </Optional>
						<ExternalTree m_UID="BITER_LIGHT_ATTACK" m_CustomName="Stand_Attack" m_Hide="true"/>
                    </SelectorMem>
                </Sequence>
                <!-- No attacks possible - move towards target-->
                <SequenceMem>
                    <Cnd_IsCombatTargetInRadius m_Radius="12.5"/>
                    <Cnd_IsActivityModuleRunning_Movement m_Invert="true"/>
                    <Cnd_IsCombatTargetInAngle m_Angle="$combat_max_angle" m_Invert="true"/>
                    <Act_TurnToPos m_Position="#target_pos" m_StartPolicy="INTERRUPT" m_AbandonPolicy="INTERRUPT"/>
                </SequenceMem>
                <Selector>
                    <Sequence>
                        <Cnd_IsCombatTargetInRadius m_Radius="1.0" m_Invert="true"/>
                        <Selector>
                            <Sequence>
                                <Cnd_HasPathToCombatTarget/>
                                <Selector>
                                    <Opr_GetClosestMeleeSlotPosition m_Target="#target" m_Position="#target_attack_pos" m_FailIfPassingThroughSlotOrCloser="true"/>
                                    <Sequence>
                                        <Cnd_IsCombatTargetInSyncAction/>
                                        <Opr_GetCombatMeleePosition m_Position="#target_attack_pos"/>
                                        <Cnd_PositionInRadius m_Position="#target_attack_pos" m_Radius="2.0" m_Invert="true"/>
                                    </Sequence>
                                    <Sequence>
                                        <Selector>
                                            <Cnd_IsCombatTargetInSyncAction m_Invert="true"/>
                                            <Cnd_IsCombatTargetInRadius m_Radius="3.0" m_Invert="true"/>
                                        </Selector>
                                        <Opr_SetBBValue_vec3 m_Key="#target_attack_pos" m_Value="#target_pos"/>
                                    </Sequence>
                                </Selector>
                            </Sequence>
                            <Optional m_Enabled="true">
                                <Sequence>
                                    <Cnd_IsCombatTargetInSyncAction m_Invert="true"/>
                                    <CooldownTimeDelta m_CooldownTime="16" m_StatusReturned="SUCCESS">
                                        <Opr_RandomFloat m_Result="#partial_path_min_length" m_RangeMin="0.5" m_RangeMax="2"/>
                                    </CooldownTimeDelta>
                                    <Cnd_HasPartialPathToCombatTarget m_MinLength="#partial_path_min_length"/>
                                    <Cnd_IsCombatTargetInRadius m_Radius="3.0" m_Invert="true"/>
                                    <Opr_SetBBValue_vec3 m_Key="#target_attack_pos" m_Value="#target_pos"/>
                                </Sequence>
                            </Optional>
                        </Selector>
                        <Act_Move m_Destination="#target_attack_pos" m_LocomotionSpeed="#degenerated_speed" m_MoveStyle="#move_style" m_StopAtDest="true" m_FailIfDestUnreachable="false" m_StartPolicy="INTERRUPT" m_AbandonPolicy="BLENDOUT" m_DecisionPolicy="ON_END"/>
                    </Sequence>
                    <Sequence>
                        <CooldownTimeDelta m_CooldownTime="10" m_StatusReturned="SUCCESS">
                            <Opr_RandomBool m_Result="#enable_combat_strafe_towards_falling_edge" m_TrueProb="0.2"/>
                        </CooldownTimeDelta>
                        <Cnd_IsBBValueEqual_bool m_Key="#enable_combat_strafe_towards_falling_edge" m_Value="true"/>
                        <Cnd_HasPathToCombatTarget m_Invert="true"/>
                        <Opr_GetDirToCombatTarget m_DirToTarget="#dir_to_target" />
                        <Cnd_NavmeshEdgeInDirection m_Direction="#dir_to_target" m_EdgeType="Wall" m_Invert="true" />
                        <Act_StrafeInDirection m_Direction="#dir_to_target" m_Style="CAUTIOUS" m_Speed="0.0" m_BlockedMoveLimitOnNavi="true" m_FailIfDestUnreachable="false" m_StartPolicy="INTERRUPT" m_AbandonPolicy="BLENDOUT" m_DecisionPolicy="ON_END"/>
                    </Sequence>
                </Selector>
                <!-- When close to the target or target is unreachable - taunt and strafe -->
                <Sequence>
                    <Selector>
                        <Sequence>
                            <Cnd_IsCombatTargetInRadius m_Radius="2.0"/>
                            <Cnd_IsCombatTargetInSyncAction/>
                        </Sequence>
                        <Sequence>
                            <CooldownTimeDelta m_CooldownTime="10" m_StatusReturned="SUCCESS">
                                <Opr_RandomFloat m_Result="#taunt_distance" m_RangeMin="8" m_RangeMax="12"/>
                            </CooldownTimeDelta>
                            <Cnd_IsCombatTargetInRadius m_Radius="#taunt_distance"/>
                            <Selector>
                                <Sequence>
                                    <Cnd_IsCombatTargetInRadius m_Radius="2.5" m_Invert="true"/>
                                    <Cnd_HasCombatSlotReserved m_Name="melee" m_Invert="true"/>
                                    <Cnd_HasCombatSlotReserved m_Name="tar" m_Invert="true"/>
                                </Sequence>
                                <Cnd_HasPathToCombatTarget m_Invert="true"/>
                            </Selector>
                        </Sequence>
                    </Selector>
                    <Opr_SetDirCorrectionSpeed m_MaxSpeed="50"/>
                    <SelectorMem>
                        <Cnd_IsCombatTargetInAngle m_Angle="45"/>
                        <Act_TurnToPos m_Position="#target_pos" m_StartPolicy="INTERRUPT" m_AbandonPolicy="BLENDOUT"  m_DecisionPolicy="ON_END"/>
                    </SelectorMem>
                    <SelectorMem>
                        <CooldownTimeDeltaRandom m_MinCooldownTime="3.0" m_MaxCooldownTime="9.0" m_CooldownOnAbort="true">
                            <Act_Taunt m_Type="Normal" m_Target="#target" m_StartPolicy="INTERRUPT" m_AbandonPolicy="BLENDOUT" m_DecisionPolicy="ON_END"/>
                        </CooldownTimeDeltaRandom>
                        <Act_Step m_Type="COMBAT" m_Direction="FORWARD" m_Target="#target" m_StartPolicy="INTERRUPT" m_AbandonPolicy="BLENDOUT" m_DecisionPolicy="ON_END"/>
                    </SelectorMem>
                </Sequence>
                <Act_Idle m_Type="Stand" m_StartPolicy="WAIT" m_AbandonPolicy="BLENDOUT"/>
            </Selector>
        </SequenceMem>
    </Sequence>
</BehaviorTree>
