<?xml version="1.0"?>
<ConstParams xmlns:xsi="http://www.w3.org/2001/XMLSchema-instance" xsi:noNamespaceSchemaLocation="../../../../MetaData/schema_const.xsd">
    <ExternalParams m_UID="human_consts_base"/>
    <!-- predefined overrides -->
    <ExternalParams m_UID="human_consts_ovrd_one_handed_tier_9"/>
    <ExternalParams m_UID="human_consts_ovrd_attack_3"/>
	<ExternalParams m_UID="human_consts_ovrd_bow_tier_9"/>
    <ExternalParams m_UID="human_consts_ovrd_ranged"/>
    <ExternalParams m_UID="human_consts_ovrd_throw_knife"/>
    <ExternalParams m_UID="human_consts_ovrd_throw_stone"/>
    <ExternalParams m_UID="human_consts_ovrd_panic"/>
<Param m_Name="$enable_weapon_change" m_Value="true"/>
    <Param m_Name="$enable_weapon_set" m_Value="true"/>
    <Param m_Name="$enable_generic_idle_interact" m_Value="true"/>
    <Param m_Name="$enable_retreat" m_Value="true"/>
    <Param m_Name="$enable_retreat_from_high_threat" m_Value="true"/>
    <Param m_Name="$enable_combat_with_low_threat" m_Value="true"/>
    <Param m_Name="$enable_search" m_Value="true"/>
</ConstParams>
