<?xml version="1.0" encoding="UTF-8"?>
<BehaviorTree xmlns:xsi="http://www.w3.org/2001/XMLSchema-instance" xsi:noNamespaceSchemaLocation="../../../MetaData/schema_ai.xsd" m_ContextType="ai">
    <!-- input parameters -->
    <!-- float input_attack_approach_range -->
    <!-- float input_attack_approach_angle -->
    <!-- float input_attack_approach_cancel_range -->
    <Sequence>
        <Cnd_HasBBValue m_Key="#target"/>
        <Cnd_IsPoseEqual m_Pose="Standing"/>
        <Cnd_IsCombatTargetInRadius m_Radius="#input_attack_approach_cancel_range"/>
        <Cnd_HasPathToCombatTarget/>
        <Cnd_IsBBValueEqual_bool m_Key="#keep_distance" m_Value="false"/>
        <SelectorMem>
            <Cnd_IsBBValueEqual_string m_Key="#tactic" m_Value="rush"/>
            <Cnd_IsCombatTargetInRadius m_Radius="#input_attack_approach_range" m_UsePrediction="true" m_Invert="true"/>
            <Cnd_IsCombatTargetInAngle m_Angle="#input_attack_approach_angle"/>
            <Cnd_IsActivityModuleRunning_Movement/>
            <Act_TurnToPos m_Position="#target_pos" m_Type="Combat" m_StartPolicy="INTERRUPT" m_AbandonPolicy="INTERRUPT" m_DecisionPolicy="WHEN_POSSIBLE"/>
        </SelectorMem>
        <Opr_GetEntityFromAIObservable m_AIObservable="#target" m_Entity="#target_entity"/>
        <Act_MoveFollow m_TargetEntity="#target_entity" m_IsAvoidanceActive="false" m_AvoidRegionsPreset="$avoid_regions_preset" m_FailIfDestUnreachable="true" m_MaxDistOutsideNavmeshXZ="15" m_MaxDistOutsideNavmeshY="15" m_LocomotionSpeed="$rush_approach_move_speed" m_MoveStyle="RunFast" m_StopAtDest="false" m_SkipStart="#should_skip_start" m_StartPolicy="INTERRUPT" m_AbandonPolicy="BLENDOUT"/>
    </Sequence>
</BehaviorTree>
