<?xml version="1.0" encoding="UTF-8"?>
<BehaviorTree xmlns:xsi="http://www.w3.org/2001/XMLSchema-instance" xsi:noNamespaceSchemaLocation="../../../../MetaData/schema_ai.xsd" m_ContextType="ai">
    <CooldownTimeDelta m_CooldownTime="$spit_cooldown">
        <SequenceMem>
            <Cnd_IsTargetVisible m_Target="#target"/>
            <Selector>
                <Cnd_Const m_Enabled="$keep_distance_when_with_allies" m_Invert="true"/>
                <Cnd_IsBBValueEqual_bool m_Key="#keep_distance" m_Value="true"/>
                <Cnd_IsHeightDiffToTargetGreater m_Target="#target" m_HeightDiff="2"/>
            </Selector>
            <Cnd_CanStartTask m_StartPolicy="INTERRUPT"/>
            <Cnd_IsPoseEqual m_Pose="Standing"/>
            <Cnd_IsActivityModuleRunning_Movement m_Invert="true"/>
            <Cnd_IsCombatTargetInSyncAction m_Invert="true"/>
            <Cnd_IsBBValueEqual_string m_Key="#tactic" m_Value="rush" m_Invert="true"/>
            <Cnd_AllyInLineOfFire m_Target="#target" m_CheckMelee="false" m_Invert="true"/>
            <Cnd_TargetInRadiusPredicted  m_Target="#target" m_Radius="$spit_max_range" m_Time="$target_prediciton_time"/>
            <Cnd_TargetInRadiusPredicted m_Target="#target" m_Radius="$spit_min_range" m_Time="$target_prediciton_time" m_Invert="true"/>
            <Cnd_TargetInAngle  m_Target="#target" m_Angle="$spit_max_angle"/>
            <Opr_SetDirCorrectionSpeed m_MaxSpeed="$spit_dir_correction_speed"/>
            <Opr_SetBBValue_int m_Key="#spit_attacks" m_Value="$spit_count"/>
            <Opr_DecrementBBValue_int m_Key="#spit_attacks" m_Amount="1"/>
            <Opr_SetBBValue_int m_Key="#spit_phase" m_Value="0"/>
            <Opr_Trigger m_Key="#trigger_spit_combo"/>
            <Succeeder>
                <RepeatOnceOnSuccess>
                    <Starter m_Key="#trigger_spit_combo">
                        <Parallel m_PolicySuccess="REQUIRE_ONE" m_PolicyFailure="REQUIRE_ONE">
                            <Sequence>
                                <Opr_GetDistanceToTarget m_Target="#target" m_Distance="#prediction_time"/>
                                <Opr_MultiplyBBValue_float m_Key="#prediction_time" m_Amount="0.05"/>
                                <Act_RangedAttack m_Target="#target" m_Type="SPIT" m_Phase="#spit_phase" m_TargetPredictionTime="#prediction_time" m_BoneName="HEAD" m_StartPolicy="INTERRUPT" m_AbandonPolicy="BLENDOUT" m_DecisionPolicy="WHEN_POSSIBLE"/>
                            </Sequence>
                            <RunUntilSuccess>
                                <Sequence>
                                    <Cnd_TargetInRadiusPredicted  m_Target="#target" m_Radius="$spit_max_range" m_Time="$target_prediciton_time"/>
                                    <Cnd_TargetInRadiusPredicted m_Target="#target" m_Radius="3" m_Time="$target_prediciton_time" m_Invert="true"/>
                                    <Cnd_TargetInAngle  m_Target="#target" m_Angle="$spit_max_angle"/>
                                    <Cnd_CanInterruptActivityModule_RangedAttack/>
                                    <Cnd_IsCombatTargetInSyncAction m_Invert="true"/>
                                    <Cnd_IsCombatTargetInLOS/>
                                    <Cnd_IsBBValueGreater_int m_Key="#spit_attacks" m_Value="0"/>
                                    <Opr_DecrementBBValue_int m_Key="#spit_attacks" m_Amount="1"/>
                                    <Opr_SetBBValue_int m_Key="#spit_phase" m_Value="1"/>
                                    <Opr_Trigger m_Key="#trigger_spit_combo"/>
                                </Sequence>
                            </RunUntilSuccess>
                        </Parallel>
                    </Starter>
                </RepeatOnceOnSuccess>
            </Succeeder>
        </SequenceMem>
    </CooldownTimeDelta>
</BehaviorTree>
