<?xml version="1.0" encoding="UTF-8"?>
<BehaviorTree xmlns:xsi="http://www.w3.org/2001/XMLSchema-instance" xsi:noNamespaceSchemaLocation="../../../../MetaData/schema_ai.xsd" m_ContextType="ai">
    <CooldownTimeDelta m_CooldownTime="$breakthrough_attack_cooldown" m_CooldownOnAbort="true">
        <SetFlagOnRunning m_Key="#during_special_attack">
            <!-- Attack used as backup when player is too close for regular jumping attacks on Tyrant variant -->
            <SequenceMem>
                <Cnd_CanStartTask m_StartPolicy="INTERRUPT"/>
                <Cnd_IsPathToTargetClear/>
                <Cnd_HasStrafePathToCombatTarget/>
                <Cnd_IsActivityModuleRunning_Movement m_Invert="true"/>
                <Cnd_IsCombatTargetInLOS/>
                <Cnd_IsCombatTargetInRadius m_Radius="3.0" m_UsePrediction="true"/>
                <Cnd_IsCombatTargetInAngle m_Angle="45"/>
                <Opr_SetDirCorrectionSpeed m_MaxSpeed="240"/>
                <Cnd_IsActivityModuleRunning_Step m_Invert="true"/>
                <Act_Attack m_Target="#target" m_AttackPresetName="volatile_break_attack" m_Phase="1" m_StartPolicy="INTERRUPT" m_AbandonPolicy="BLENDOUT" m_DecisionPolicy="WHEN_POSSIBLE"/>
            </SequenceMem>
        </SetFlagOnRunning>
    </CooldownTimeDelta>
</BehaviorTree>
