<?xml version="1.0" encoding="UTF-8"?>
<BehaviorTree xmlns:xsi="http://www.w3.org/2001/XMLSchema-instance" xsi:noNamespaceSchemaLocation="../../../../MetaData/schema_ai.xsd" m_ContextType="ai">
    <CooldownTimeDelta m_CooldownTime="1">
        <SequenceMem>
            <Cnd_HasBBValue m_Key="#chase_spitter_mod"/>
            <Cnd_IsCombatTargetInLOS/>
            <Cnd_CanInterruptActivityModule_Movement/>
            <Cnd_IsCombatTargetInSyncAction m_Invert="true"/>
            <Cnd_AllyInLineOfFire m_Target="#target" m_CheckMelee="false" m_Invert="true"/>
            <Cnd_TargetInAngle  m_Target="#target" m_Angle="90"/>
            <Opr_SetDirCorrectionSpeed m_MaxSpeed="$spit_dir_correction_speed"/>
            <Act_RangedAttack m_Target="#target" m_Type="VOLATILE_SPITTER_SPIT" m_TargetPredictionTime="0.2" m_BoneName="HEAD" m_StartPolicy="INTERRUPT" m_AbandonPolicy="INTERRUPT" m_DecisionPolicy="WHEN_POSSIBLE"/>
        </SequenceMem>
    </CooldownTimeDelta>
</BehaviorTree>
