<?xml version="1.0" encoding="UTF-8"?>
<BehaviorTree xmlns:xsi="http://www.w3.org/2001/XMLSchema-instance" xsi:noNamespaceSchemaLocation="../../../../MetaData/schema_ai.xsd" m_ContextType="ai">
    <SequenceMem>
        <Cnd_IsCombatTargetInAngle m_Angle="120"/>
        <Cnd_IsCombatTargetMeleeReachable/>
        <Cnd_IsCombatTargetInLOS/>
        <Selector>
            <Sequence>
                <Cnd_IsCombatTargetInRadius m_Radius="12.0"/>
                <Opr_SetPosCorrectionSpeed m_MaxSpeed="4.0"/>
            </Sequence>
        </Selector>
        <Cnd_IsBBValueEqual_string m_Key="#tactic" m_Value="rush"/>
        <Opr_SetDirCorrectionSpeed m_MaxSpeed="1000"/>
        <Cnd_IsActivityModuleRunning_Movement/>
        <Act_Attack m_Target="#target" m_AttackPresetName="volatile_pursuit" m_EnablePosCorrection="true" m_StartPolicy="INTERRUPT" m_AbandonPolicy="INTERRUPT" m_DecisionPolicy="ON_INTERRUPT"/>
    </SequenceMem>
</BehaviorTree>
