<?xml version="1.0" encoding="UTF-8"?>
<BehaviorTree xmlns:xsi="http://www.w3.org/2001/XMLSchema-instance" xsi:noNamespaceSchemaLocation="../../../../MetaData/schema_ai.xsd" m_ContextType="ai">
    <SetFlagOnRunning m_Key="#during_special_attack">
        <CooldownUntil m_TimePoint="#grab_cooldown" m_CooldownTime="$grab_cooldown" m_CooldownOnAbort="true">
            <SequenceMem>
                <Cnd_IsPlayer m_Target="#target"/>
                <Cnd_CanStartTask m_StartPolicy="INTERRUPT"/>
                <Cnd_IsBBValueEqual_bool m_Key="#keep_distance" m_Value="false"/>
                <Cnd_IsBBValueEqual_string m_Key="#tactic" m_Value="rush" m_Invert="true"/>
                <Cnd_IsPlayerTargetInUVLight m_Target="#target" m_Invert="true"/>
                <Cnd_IsCombatTargetInSyncAction m_Invert="true"/>
                <Cnd_IsPathToTargetClear/>
                <Cnd_HasStrafePathToCombatTarget/>
                <Cnd_IsCombatTargetMeleeReachable/>
                <Cnd_IsCombatTargetInLOS/>
                <Cnd_IsCombatTargetInAngle m_Angle="45"/>
                <Cnd_IsCombatTargetInRadius m_Radius="$grab_range_max" m_UsePrediction="true"/>
                <Cnd_IsCombatTargetInRadius m_Radius="$grab_range_min" m_UsePrediction="true" m_Invert="true"/>
                <CombatSlot m_Name="attack_special" m_Limit="1" m_MinDelay="10" m_Cost="#slot_cost">
                    <SequenceMem>
                        <Selector>
                            <Sequence>
                                <Cnd_Const m_Enabled="$multi_jump_grab_enabled"/>
                                <Opr_RandomInt m_RangeMin="$multi_jump_grab_count_min" m_Result="#attack_count" m_RangeMax="$multi_jump_grab_count_max"/>
                            </Sequence>
                            <Opr_SetBBValue_int m_Key="#attack_count" m_Value="1"/>
                        </Selector>
                        <Opr_DecrementBBValue_int m_Key="#attack_count" m_Amount="1"/>
                        <Opr_Trigger m_Key="#trigger_grab_combo"/>
                        <Succeeder>
                            <RepeatOnceOnSuccess>
                                <Starter m_Key="#trigger_grab_combo">
                                    <Parallel m_PolicySuccess="REQUIRE_ONE" m_PolicyFailure="REQUIRE_ONE">
                                        <SequenceMem>
                                            <Opr_SetDirCorrectionSpeed m_MaxSpeed="$attack_power_dir_correction_speed"/>
                                            <Act_Attack m_Target="#target" m_AttackPresetName="volatile_jump_grab" m_StartPolicy="INTERRUPT" m_AbandonPolicy="BLENDOUT" m_DecisionPolicy="WHEN_POSSIBLE"/>
                                        </SequenceMem>
                                        <Runner>
                                            <Sequence>
                                                <Cnd_TargetIsDodging m_Target="#target"/>
                                                <Cnd_CanDisableAttackRotCorrection/>
                                                <Opr_SetDirCorrectionSpeed m_MaxSpeed="0.00"/>
                                            </Sequence>
                                        </Runner>
                                        <RunUntilSuccess>
                                            <Sequence>
                                                <Cnd_CanInterruptActivityModule_Attack/>
                                                <Cnd_IsPoseEqual m_Pose="Crouching"/>
                                                <Cnd_IsPlayerTargetInUVLight m_Target="#target" m_Invert="true"/>
                                                <Cnd_IsCombatTargetInSyncAction m_Invert="true"/>
                                                <Cnd_IsPathToTargetClear/>
                                                <Cnd_HasStrafePathToCombatTarget/>
                                                <Cnd_IsCombatTargetMeleeReachable/>
                                                <Cnd_IsCombatTargetInLOS/>
                                                <Cnd_IsCombatTargetInRadius m_Radius="$grab_range_max" m_UsePrediction="true"/>
                                                <Cnd_IsCombatTargetInRadius m_Radius="$grab_range_min" m_UsePrediction="true" m_Invert="true"/>
                                                <Cnd_IsBBValueGreater_int m_Key="#attack_count" m_Value="0"/>
                                                <Opr_DecrementBBValue_int m_Key="#attack_count" m_Amount="1"/>
                                                <Opr_Trigger m_Key="#trigger_grab_combo"/>
                                            </Sequence>
                                        </RunUntilSuccess>
                                    </Parallel>
                                </Starter>
                            </RepeatOnceOnSuccess>
                        </Succeeder>
                    </SequenceMem>
                </CombatSlot>
            </SequenceMem>
        </CooldownUntil>
    </SetFlagOnRunning>
</BehaviorTree>
