<?xml version="1.0" encoding="UTF-8"?>
<BehaviorTree xmlns:xsi="http://www.w3.org/2001/XMLSchema-instance" xsi:noNamespaceSchemaLocation="../../../MetaData/schema_ai.xsd" m_ContextType="ai">
    <SequenceMem>
        <Selector>
            <Sequence>
                <Cnd_OnLeftOfTarget m_Target="#target"/>
                <Cnd_SpaceInSimpleDirection m_Direction="RIGHT"/>
                <Opr_SetBBValue_EStepDirection m_Key="#combat_strafe_dir" m_Value="RIGHT"/>
            </Sequence>
            <Sequence>
                <Cnd_OnLeftOfTarget m_Target="#target" m_Invert="true"/>
                <Cnd_SpaceInSimpleDirection m_Direction="LEFT"/>
                <Opr_SetBBValue_EStepDirection m_Key="#combat_strafe_dir" m_Value="LEFT"/>
            </Sequence>
        </Selector>
        <Opr_SetDirCorrectionSpeed m_MaxSpeed="300"/>
        <Act_Step m_Type="COMBAT" m_Style="CAUTIOUS" m_Direction="#combat_strafe_dir" m_Target="#target" m_StartPolicy="INTERRUPT" m_AbandonPolicy="BLENDOUT" m_DecisionPolicy="ON_END"/>
    </SequenceMem>
</BehaviorTree>
