<?xml version="1.0" encoding="UTF-8"?>
<BehaviorTree xmlns:xsi="http://www.w3.org/2001/XMLSchema-instance" xsi:noNamespaceSchemaLocation="../../../MetaData/schema_ai.xsd" m_ContextType="ai">
    <CooldownTimeDelta m_CooldownTime="5.5" m_CooldownOnAbort="true">
        <SequenceMem>
            <Cnd_HasBBValue m_Key="#target"/>
            <Cnd_IsPlayer m_Target="#target"/>
			<Opr_GetLocalPlayer m_Player="#player"/>
			<Opr_GetObjectPosition m_Object="#player" m_Position="#player_pos"/>
            <Cnd_IsInUVLight m_Invert="true"/>
            <Cnd_IsCombatTargetInRadius m_Radius="20.0" m_HorizontalOnly="true"/>
            <Cnd_IsCombatTargetInAngle m_Angle="60.0"/>
            <Opr_EnableAnimatedTexture m_FadeTime="4.5"/>
            <Opr_GetSelfPosition m_Position="#self_pos"/>
            <ExposeLogicState m_ExposedState="Summoning">
                <TimeDeltaLimit m_TimeMax="1.0" m_StatusReturned="SUCCESS">
                    <ParallelRepeat m_PolicyFailure="REQUIRE_ONE" m_PolicySuccess="REQUIRE_ALL">
                        <!-- <Act_Taunt m_Target="#target" m_Type="Normal" m_UseTargetForNoise="true" m_StartPolicy="INTERRUPT" m_AbandonPolicy="BLENDOUT" m_DecisionPolicy="WHEN_POSSIBLE"/> -->
                        <Act_Attack m_Target="#target" m_Phase="$use_fx_for_scream" m_AttackPresetName="$summon_attack_preset" m_StartPolicy="INTERRUPT" m_AbandonPolicy="BLENDOUT" m_DecisionPolicy="WHEN_POSSIBLE" />
                        <CooldownTimeDelta m_CooldownTime="1.0" m_StatusReturned="SUCCESS">
                            <Opr_MakeDistinctNoise m_NoiseUid="screamer_alarm_scream" m_Position="#target_pos"/>
                        </CooldownTimeDelta>
                    </ParallelRepeat>
                </TimeDeltaLimit>
            </ExposeLogicState>
        </SequenceMem>
    </CooldownTimeDelta>
</BehaviorTree>
