<?xml version="1.0" encoding="UTF-8"?>
<ConstParams xmlns:xsi="http://www.w3.org/2001/XMLSchema-instance" xsi:noNamespaceSchemaLocation="../../../MetaData/schema_const.xsd">
    <!-- dir correction speed -->
    <Param m_Name="$scream_dir_correction_speed" m_Value="240.0"/>
    <Param m_Name="$dodge_dir_correction_speed" m_Value="240.0"/>
    <Param m_Name="$hit_reaction_dir_correction_speed" m_Value="240.0"/>
    <Param m_Name="$flashlight_dodge_dir_correction_speed" m_Value="240.0"/>
    <Param m_Name="$target_prediciton_time" m_Value="0.5"/>
    <Param m_Name="$summon_attack_preset" m_Value="summon_with_damage"/>
    <Param m_Name="$summon_initial_attack_preset" m_Value="summon_with_damage"/>
    <Param m_Name="$use_fx_for_scream" m_Value="1"/>
	<Param m_Name="$trail_min_range" m_Value="30.0"/>
    <!-- sensor presets -->
    <Param m_Name="$start_resting_state" m_Value="false"/>

    <!-- Death Reactions -->
    <Param m_Name="$death_ragdoll_chance_default" m_Value="1.0"/>
    <Param m_Name="$death_ragdoll_chance_cut" m_Value="1.0"/>
    <Param m_Name="$death_ragdoll_chance_blunt" m_Value="1.0"/>
    <Param m_Name="$death_ragdoll_chance_ranged_pierce" m_Value="1.0"/>
    <Param m_Name="$death_snap_angle" m_Value="90"/>
    <Param m_Name="$death_prefer_ragdoll_if_falling_edge_in_radius" m_Value="0.5"/>
    <Param m_Name="$hit_falling_edge_detection_radius" m_Value="3.0"/>
    <Param m_Name="$prefer_ragdoll_on_ranged_weapon_death" m_Value="true"/>
    <Param m_Name="$death_critical_ragdoll_chance" m_Value="0.0"/>

    <!-- Hit Reactions -->
    <Param m_Name="$hit_snap_angle" m_Value="90"/>

    <Param m_Name="$hit_phase_min" m_Value="0"/>
    <Param m_Name="$hit_phase_max" m_Value="4"/>

    <Param m_Name="$stun_lock_prevention_min_time_delta_between_damages" m_Value="0.3"/>
    <Param m_Name="$stun_lock_prevention_consecutive_hits_avg" m_Value="3"/>
    <Param m_Name="$stun_lock_prevention_consecutive_hits_dev" m_Value="1"/>
    <Param m_Name="$stun_lock_prevention_vulnerable_body_part" m_Value="None"/>

    <Param m_Name="$hit_reaction_additive_enabled" m_Value="true"/>
    <Param m_Name="$hit_reaction_additive_cooldown" m_Value="0.5"/>

    <Param m_Name="$hit_reaction_firearms_disabled" m_Value="false"/>

    <!-- weapon -->
    <Param m_Name="$enable_weapon_change" m_Value="true"/>
    <Param m_Name="$enable_weapon_set" m_Value="true"/>

    <Param m_Name="$request_use_bp_default_move_style" m_Value="Walk"/>

    <!-- Attacks / screams -->
    <Param m_Name="$enable_stunning_scream" m_Value="true"/>
    <Param m_Name="$stunning_scream_cooldown" m_Value="10"/>
    <Param m_Name="$stunning_scream_range" m_Value="15"/>
    <Param m_Name="$stunning_scream_angle" m_Value="15"/>

    <Param m_Name="$enable_push" m_Value="true"/>
    <Param m_Name="$push_cooldown" m_Value="5"/>

    <!-- Movement -->
	<Param m_Name="$movestyle" m_Value="Run"/>
    <Param m_Name="$enable_dodge" m_Value="true"/>
    <Param m_Name="$dodge_cooldown" m_Value="15"/>
    <Param m_Name="$enable_dodge_without_hit_reaction" m_Value="true"/>

	<Param m_Name="$enable_spit" m_Value="true"/>
	<Param m_Name="$rush_approach_move_speed" m_Value="1.2"/>
	
    <Param m_Name="$enable_step" m_Value="true"/>
    <Param m_Name="$use_avoidance" m_Value="false"/>
    <Param m_Name="$avoid_regions_preset" m_Value="zombie"/>
	<Param m_Name="$force_rush_tactics" m_Value="true"/>

    <!-- UV light death -->
    <Param m_Name="$min_time_in_uv_to_die" m_Value="9.0"/>
    <Param m_Name="$max_time_in_uv_to_die" m_Value="12.0"/>
    <Param m_Name="$min_time_in_sunlight_to_die" m_Value="9.0"/>
    <Param m_Name="$max_time_in_sunlight_to_die" m_Value="12.0"/>

    <Param m_Name="$disable_parkour_ragdoll" m_Value="false"/>
	
	<!-- IALR -->
	<Param m_Name="$enable_taunt" m_Value="true"/>
	<Param m_Name="$search_rooftops" m_Value="true"/>
	<Param m_Name="$search_rooftops_cooldown" m_Value="12.0"/>
	<Param m_Name="$quick_attack_enabled" m_Value="true"/>
    <Param m_Name="$power_attack_enabled" m_Value="true"/>
    <Param m_Name="$attack_quick_max_range" m_Value="4.0"/>
    <Param m_Name="$attack_from_move_max_range" m_Value="5.5"/>
    <Param m_Name="$attacks_in_combo_min" m_Value="4"/>
    <Param m_Name="$attacks_in_combo_max" m_Value="7"/>
    <Param m_Name="$attack_cooldown" m_Value="1.0"/>
	
	<!-- dir correction speed -->
    <Param m_Name="$attack_quick_dir_correction_speed" m_Value="360.0"/>
    <Param m_Name="$attack_power_dir_correction_speed" m_Value="120.0"/>
    <Param m_Name="$dodge_dir_correction_speed" m_Value="120.0"/>
    <Param m_Name="$hit_reaction_dir_correction_speed" m_Value="240.0"/>
    <Param m_Name="$spit_dir_correction_speed" m_Value="120.0"/>

	<Param m_Name="$attack_quick_max_angle" m_Value="45.0"/>
    <Param m_Name="$attack_power_max_angle" m_Value="45.0"/>
    <Param m_Name="$attack_quick_attempt_range" m_Value="9.0"/>
    <Param m_Name="$attack_quick_cancel_range" m_Value="12.0"/>

    <Param m_Name="$power_attack_cooldown" m_Value="3.0"/>
    <Param m_Name="$attack_power_attempt_range_max" m_Value="11.0"/>
    <Param m_Name="$attack_power_attempt_range_min" m_Value="4.0"/>
    <Param m_Name="$attack_power_cancel_range" m_Value="14.0"/>
    <Param m_Name="$attack_power_min_range" m_Value="3.0"/>
    <Param m_Name="$attack_power_max_range" m_Value="8.0"/>

    <Param m_Name="$spit_enabled" m_Value="true"/>
    <Param m_Name="$spit_max_range" m_Value="15.0"/>
    <Param m_Name="$spit_min_range" m_Value="6.0"/>
    <Param m_Name="$spit_max_angle" m_Value="30.0"/>
    <Param m_Name="$spit_cooldown" m_Value="1.5"/>
    <Param m_Name="$spit_count" m_Value="1"/>
	
	<Param m_Name="$grab_enabled" m_Value="true"/>
    <Param m_Name="$grab_cooldown" m_Value="25"/>
    <Param m_Name="$grab_range_max" m_Value="12.0"/>
    <Param m_Name="$grab_range_min" m_Value="4.0"/>
</ConstParams>
