<?xml version="1.0" encoding="UTF-8"?>
<ConstParams xmlns:xsi="http://www.w3.org/2001/XMLSchema-instance" xsi:noNamespaceSchemaLocation="../../../MetaData/schema_const.xsd">
    <ExternalParams m_UID="screamer_profile_base"/>
    <!-- Attacks / screams -->
    <Param m_Name="$enable_stunning_scream" m_Value="true"/>
    <Param m_Name="$stunning_scream_cooldown" m_Value="5"/>
    <Param m_Name="$stunning_scream_range" m_Value="25"/>
    <Param m_Name="$stunning_scream_angle" m_Value="15"/>

    <Param m_Name="$enable_push" m_Value="true"/>
    <Param m_Name="$push_cooldown" m_Value="4.5"/>

    <!-- Movement -->
    <Param m_Name="$enable_dodge" m_Value="false"/>
    <Param m_Name="$dodge_cooldown" m_Value="6"/>
    <Param m_Name="$enable_dodge_without_hit_reaction" m_Value="false"/>
</ConstParams>
