<?xml version="1.0" encoding="UTF-8"?>
<ConstParams xmlns:xsi="http://www.w3.org/2001/XMLSchema-instance" xsi:noNamespaceSchemaLocation="../../../MetaData/schema_const.xsd">
    <ExternalParams m_UID="viral_profile_base"/>
    <!-- quick attack / combo params -->
    <Param m_Name="$quick_attack_enabled" m_Value="true"/>
    <Param m_Name="$attack_combo_rest_time" m_Value="3"/>
    <Param m_Name="$attacks_in_combo_min" m_Value="3"/>
    <Param m_Name="$attacks_in_combo_max" m_Value="3"/>
    <!-- power attack (jump) params -->
    <Param m_Name="$power_attack_enabled" m_Value="true"/>
    <Param m_Name="$needs_cautious_for_power_attack" m_Value="true"/>
    <Param m_Name="$attack_power_rest_time" m_Value="3.0"/>
    <!-- Dodge params -->
    <Param m_Name="$enable_dodge_after_combo" m_Value="false"/>
    <Param m_Name="$enable_dodge_after_hit" m_Value="true"/>
    <Param m_Name="$enable_dodge_when_cautious" m_Value="true"/>
    <Param m_Name="$dodge_after_combo_cooldown" m_Value="5"/>
    <Param m_Name="$after_hit_dodge_cooldown" m_Value="5"/>

    <!-- other params -->
    <Param m_Name="$strafe_enabled" m_Value="true"/>
	<Param m_Name="$try_to_flank_when_strafing" m_Value="true"/>
    <!-- At what health viral becomes cautious for a time - keeps distance, stops combo attacks and attempts power attacks -->
    <Param m_Name="$cautious_state_health_threshold" m_Value="40"/>
    <Param m_Name="$power_attack_anim_speed" m_Value="1.0"/>
    <Param m_Name="$quick_attack_approach_anim_speed" m_Value="1.0"/>
    <Param m_Name="$quick_attack_anim_speed" m_Value="1.0"/>
    <Param m_Name="$dodge_after_hit_anim_speed" m_Value="1.0"/>
    <Param m_Name="$dodge_after_combo_anim_speed" m_Value="1.0"/>
    <Param m_Name="$strafe_anim_speed" m_Value="1.0"/>
	
	<!-- UV light death -->
    <Param m_Name="$min_time_in_uv_to_die" m_Value="25.0"/>
    <Param m_Name="$max_time_in_uv_to_die" m_Value="45.0"/>
    <Param m_Name="$min_time_in_sunlight_to_die" m_Value="998.0"/>
    <Param m_Name="$max_time_in_sunlight_to_die" m_Value="999.0"/>
</ConstParams>
