<?xml version="1.0" encoding="UTF-8"?>
<BehaviorTree xmlns:xsi="http://www.w3.org/2001/XMLSchema-instance" xsi:noNamespaceSchemaLocation="../../MetaData/schema_ai.xsd" m_ContextType="ai">
    <SequenceMem>
        <ExternalTree m_UID="AI_COMMON_INIT" m_CustomName="Params" m_Hide="true"/>
        <Sequence>
            <Opr_SetBBValue_bool m_Key="#flag_combat_rest" m_Value="false"/>
            <Opr_EnableSense m_Sense="target"/>
            <Opr_EnableSense m_Sense="uv"/>
            <Opr_GetModifiedTime m_TimeDelta="-99" m_TimePoint="#last_time_in_uv_light"/>
            <Opr_SetWeapon m_WeaponType="FISTS" m_Hand="LEFT"/>
        </Sequence>
        <ExposeLogicState m_ExposedState="BITER">
            <SequenceMem>
                <Selector>
                    <ExternalTree m_UID="INFECTED_DEATH_UV" m_CustomName="Death_UV" m_Hide="true"/>
                    <ExternalTree m_UID="INFECTED_DEATH" m_CustomName="Death" m_Hide="true"/>
					<ExternalTree m_UID="BITER_PROLONGED_UV_BEHAVIOR" m_CustomName="UV" m_Hide="true"/>
                    <ExternalTree m_UID="BITER_REACTION_DISTRACTED" m_CustomName="Distracted" m_Hide="true"/>
                    <ParallelRepeat m_PolicySuccess="REQUIRE_NONE" m_PolicyFailure="REQUIRE_NONE">
                        <Sequence>
                            <ExternalTree m_UID="AI_UPDATE_ENEMY_PROTO" m_CustomName="Find_Enemy" m_Hide="true"/>
                            <ExternalTree m_UID="BITER_CRAWLER_UPDATE" m_CustomName="Update" m_Hide="true"/>
                            <Sequence>
                                <RepeatOnceOnSuccess>
                                    <Selector>
                                        <ExternalTree m_UID="BITER_ATTACK_CRAWL" m_CustomName="CrawlAttack" m_Hide="true"/>
                                        <SequenceMem>
                                            <Cnd_HasBBValue m_Key="#target"/>
                                            <Cnd_IsCombatTargetInAngle m_Angle="95" m_Invert="true"/>
                                            <Opr_SetDirCorrectionSpeed m_MaxSpeed="120"/>
                                            <Act_TurnToPos m_Position="#target_pos" m_StartPolicy="INTERRUPT" m_AbandonPolicy="INTERRUPT"/>
											<Act_Attack m_Target="#target" m_Phase="#phase" m_AttackPresetName="biter_crawl_charge" m_StartPolicy="INTERRUPT" m_AbandonPolicy="BLENDOUT"/>
                                        </SequenceMem>
                                        <InvestigatePOI m_Position="#poi_position">
                                            <Sequence>
                                                <Cnd_HasBBValue m_Key="#target" m_Invert="true"/>
                                                <Cnd_PositionInAngle m_Angle="30" m_Position="#poi_position" m_Invert="true"/>
                                                <Opr_SetDirCorrectionSpeed m_MaxSpeed="120"/>
                                                <Act_TurnToPos m_Position="#poi_position" m_StartPolicy="INTERRUPT" m_AbandonPolicy="INTERRUPT"/>
												<Act_Attack m_Target="#target" m_Phase="#phase" m_AttackPresetName="biter_crawl_charge" m_StartPolicy="INTERRUPT" m_AbandonPolicy="BLENDOUT"/>
                                            </Sequence>
                                        </InvestigatePOI>
                                        <ExternalTree m_UID="AI_REQUESTS" m_CustomName="AI_Requests" m_Hide="true"/>
                                        <Act_Status m_StatusRequired="RUNNING"/>
                                    </Selector>
                                </RepeatOnceOnSuccess>
                            </Sequence>
                        </Sequence>
                        <ExposeTarget m_Target="#target">
                            <Act_Status m_StatusRequired="RUNNING"/>
                        </ExposeTarget>
                        <Act_ExposeLogicState m_ExposedState="low_threat"/>
                        <ExternalTree m_UID="BITER_TRACK" m_CustomName="TrackEnemy" m_Hide="true"/>
                    </ParallelRepeat>
                </Selector>
            </SequenceMem>
        </ExposeLogicState>
    </SequenceMem>
</BehaviorTree>
