<?xml version="1.0" encoding="UTF-8"?>
<BehaviorTree xmlns:xsi="http://www.w3.org/2001/XMLSchema-instance" xsi:noNamespaceSchemaLocation="../../MetaData/schema_ai.xsd" m_ContextType="ai">
    <SequenceMem>
        <ExternalTree m_UID="AI_COMMON_INIT" m_CustomName="Params" m_Hide="true"/>
        <ExternalTree m_UID="BITER_INIT" m_CustomName="Params" m_Hide="true"/>
        <ExposeLogicState m_ExposedState="BITER">
            <SequenceMem>
                <Selector>
                    <ExternalTree m_UID="INFECTED_DEATH_UV" m_CustomName="Death_UV" m_Hide="true"/>
                    <ExternalTree m_UID="BITER_DEATH" m_CustomName="Death" m_Hide="true"/>
                    <ParallelRepeat m_PolicySuccess="REQUIRE_NONE" m_PolicyFailure="REQUIRE_NONE">
                        <Sequence>
                            <ExternalTree m_UID="AI_UPDATE_ENEMY_PROTO" m_CustomName="Find_Enemy" m_Hide="true"/>
                            <ExternalTree m_UID="BITER_UPDATE" m_CustomName="Update" m_Hide="true"/>
                            <UseCombatSlots m_Target="#target">
                                <Sequence>
                                    <ExternalTree m_UID="BITER_GROUP_BEHAVIOR"/>
                                    <RepeatOnceOnSuccess>
                                        <Selector>
                                            <ExternalTree m_UID="BITER_REACTION" m_CustomName="Reactions" m_Hide="true"/>
                                            <Optional m_Enabled="$force_static_grab">
                                                <ExternalTree m_UID="BITER_STATIC_GRAB_FORCED" m_CustomName="Static_grab" m_Hide="true"/>
                                            </Optional>
                                            <ExternalTree m_UID="BITER_REST" m_CustomName="Rest" m_Hide="true"/>
                                            <ExternalTree m_UID="BITER_STAND_UP" m_CustomName="Stand up" m_Hide="true"/>
                                            <ExternalTree m_UID="BITER_PROLONGED_UV_BEHAVIOR" m_CustomName="UV" m_Hide="true"/>
                                            <ExternalTree m_UID="BITER_REACTION_DISTRACTED" m_CustomName="Distracted" m_Hide="true"/>
                                            <ExternalTree m_UID="BITER_ATTACK_OBJECT" m_CustomName="Object" m_Hide="true"/>
                                            <ExternalTree m_UID="BITER_ATTACK_CRAWL" m_CustomName="CrawlAttack" m_Hide="true"/>
											<ExternalTree m_UID="BITER_FRESH_COMBAT" m_CustomName="CombatFresh" m_Hide="true"/>
											<ExternalTree m_UID="BITER_INVESTIGATE_POI" m_CustomName="Investigate" m_Hide="true"/>
											<ExternalTree m_UID="BITER_CHASE" m_CustomName="Chase" m_Hide="true"/>
											<SequenceMem>
												<Cnd_CanStand/>
												<ExternalTree m_UID="AI_REQUESTS" m_CustomName="AI_Requests" m_Hide="true"/>
											</SequenceMem>
											<Act_Status m_StatusRequired="RUNNING"/>
                                        </Selector>
                                    </RepeatOnceOnSuccess>
                                </Sequence>
                            </UseCombatSlots>
                        </Sequence>
                        <ExposeTarget m_Target="#target">
                            <Act_Status m_StatusRequired="RUNNING"/>
                        </ExposeTarget>
                        <Act_ExposeLogicState m_ExposedState="low_threat"/>
                        <ExternalTree m_UID="BITER_TRACK" m_CustomName="TrackEnemy" m_Hide="true"/>
                        <Sequence>
                            <Cnd_IsInUVLight/>
                            <Act_Status m_StatusRequired="RUNNING"/>
                        </Sequence>
                        <Optional m_Enabled="$hit_reaction_additive_enabled">
                            <ExternalTree m_UID="AI_REACTION_HIT_ADDITIVE" m_CustomName="Hit Reaction Additive" m_Hide="true"/>
                        </Optional>
                    </ParallelRepeat>
                </Selector>
            </SequenceMem>
        </ExposeLogicState>
    </SequenceMem>
</BehaviorTree>
