<?xml version="1.0"?>
<ConstParams xmlns:xsi="http://www.w3.org/2001/XMLSchema-instance" xsi:noNamespaceSchemaLocation="../../../../MetaData/schema_const.xsd">
    <ExternalParams m_UID="human_consts_base"/>
    <!-- predefined overrides -->
    <ExternalParams m_UID="human_consts_ovrd_fury"/>
    <ExternalParams m_UID="human_consts_ovrd_panic"/>
	<Param m_Name="$enable_weapon_change" m_Value="true"/>
    <Param m_Name="$enable_weapon_set" m_Value="true"/>
	<Param m_Name="$enable_attack_recoil" m_Value="true"/>
	<Param m_Name="$enable_attack_recoil_stunned_state" m_Value="true"/>			
	<Param m_Name="$enable_uvflare_throw" m_Value="true"/>
	<Param m_Name="$enable_prefab_throw" m_Value="true"/>
	
	<Param m_Name="$enable_block_attack" m_Value="true"/>
	<Param m_Name="$enable_block" m_Value="true"/>
    <Param m_Name="$enable_block_reaction" m_Value="true"/>
	<Param m_Name="$enable_dodge" m_Value="true"/>
    <Param m_Name="$enable_dodge_on_spot" m_Value="false"/>
	<Param m_Name="$enable_attack_combo" m_Value="true"/>
	<Param m_Name="$enable_attack_power" m_Value="true"/>
	<Param m_Name="$enable_attack_push" m_Value="true"/>
    <Param m_Name="$enable_attack_push_followup" m_Value="true"/>
	
	<Param m_Name="$enable_attack_quick" m_Value="true"/>
    <Param m_Name="$enable_attack_quick_reaction" m_Value="true"/>
    <Param m_Name="$dodge_melee_from_hit_count" m_Value="2"/>
    <Param m_Name="$dodge_melee_from_hit_prob" m_Value="1.0"/>
    <Param m_Name="$dodge_melee_default_prob" m_Value="0.0"/>
    <Param m_Name="$enable_block_phase_incremental" m_Value="false"/>
    <Param m_Name="$block_phase_min" m_Value="1"/>
    <Param m_Name="$block_from_hit_count" m_Value="1"/>
    <Param m_Name="$block_from_hit_prob" m_Value="1.0"/>
    <Param m_Name="$block_exit_on_hit_prob" m_Value="0.9"/>
    <Param m_Name="$enable_attack_step_back" m_Value="true"/>
	
    <Param m_Name="$enable_generic_idle_interact" m_Value="true"/>
    <Param m_Name="$enable_retreat" m_Value="true"/>
    <Param m_Name="$enable_retreat_from_high_threat" m_Value="true"/>
    <Param m_Name="$enable_combat_with_low_threat" m_Value="true"/>
    <Param m_Name="$enable_search" m_Value="true"/>
	<Param m_Name="$enable_knife_throw" m_Value="true"/>
	<Param m_Name="$enable_decoy_throw" m_Value="true"/>
</ConstParams>
