<?xml version="1.0" encoding="UTF-8"?>
<BehaviorTree xmlns:xsi="http://www.w3.org/2001/XMLSchema-instance" xsi:noNamespaceSchemaLocation="../../../../MetaData/schema_ai.xsd" m_ContextType="ai">
    <Sequence>
        <Selector>
            <Sequence>
                <Cnd_HasBBValue m_Key="#player_targeted" m_Invert="true"/>
                <Cnd_HasBBValue m_Key="#target"/>
                <Cnd_IsPlayer m_Target="#target"/>
                <Opr_SetBBValue_bool m_Key="#player_targeted" m_Value="true"/>
            </Sequence>
            <Sequence>
                <DelayerTimeDelta m_DelayTime="1.0">
                    <Selector>
                        <Cnd_HasBBValue m_Key="#target" m_Invert="true"/>
                        <Cnd_IsPlayer m_Target="#target" m_Invert="true"/>
                    </Selector>
                </DelayerTimeDelta>
                <Opr_RemoveBBValue m_Key="#player_targeted"/>
            </Sequence>
        </Selector>
    </Sequence>
</BehaviorTree>
