<?xml version="1.0" encoding="UTF-8"?>
<BehaviorTree xmlns:xsi="http://www.w3.org/2001/XMLSchema-instance" xsi:noNamespaceSchemaLocation="../../../../MetaData/schema_ai.xsd" m_ContextType="ai">
    <Sequence>
        <!-- high alert trigger -->
        <Succeeder>
            <Sequence>
                <Cnd_GenericBehaviorDisallowed m_Invert="true"/>
                <Cnd_IsAlertLevelEqual m_AlertLevel="Low"/>
                <Cnd_HasBBValue m_Key="#high_alert_triggered" m_Invert="true"/>
                <Opr_SetBBValue_bool m_Key="#high_alert_triggered" m_Value="true"/>
                <Selector>
                    <!-- TODO: Sync Action support -->
                    <!-- <Cnd_IsHeld/> -->
                    <!-- <Cnd_IsHolding/> -->
                    <Cnd_IsCombatTargetForced/>
                    <Cnd_IsActivityModuleRunning_SyncAction/>
                    <Cnd_HasBBValue m_Key="#target" m_Invert="true"/>
                </Selector>
            </Sequence>
        </Succeeder>
		<Succeeder>
            <Sequence>
                <Cnd_IsAlertLevelEqual m_AlertLevel="Medium"/>
                <Cnd_HasBBValue m_Key="#high_alert_triggered" m_Invert="true"/>
                <Opr_SetBBValue_bool m_Key="#high_alert_triggered" m_Value="true"/>
                <Selector>
                    <!-- TODO: Sync Action support -->
                    <!-- <Cnd_IsHeld/> -->
                    <!-- <Cnd_IsHolding/> -->
                    <Cnd_IsCombatTargetForced/>
                    <Cnd_IsActivityModuleRunning_SyncAction/>
                    <Cnd_HasBBValue m_Key="#target" m_Invert="true"/>
                </Selector>
            </Sequence>
        </Succeeder>
		<Succeeder>
            <Sequence>
                <Cnd_IsAlertLevelEqual m_AlertLevel="High"/>
                <Cnd_HasBBValue m_Key="#high_alert_triggered" m_Invert="true"/>
                <Opr_SetBBValue_bool m_Key="#high_alert_triggered" m_Value="true"/>
                <Selector>
                    <!-- TODO: Sync Action support -->
                    <!-- <Cnd_IsHeld/> -->
                    <!-- <Cnd_IsHolding/> -->
                    <Cnd_IsCombatTargetForced/>
                    <Cnd_IsActivityModuleRunning_SyncAction/>
                    <Cnd_HasBBValue m_Key="#target" m_Invert="true"/>
                    <Opr_RequestBark m_BarkID="Enemy_Spotted" m_Priority="Highest"/>
                </Selector>
            </Sequence>
        </Succeeder>
        <Succeeder>
            <Sequence>
                <Cnd_GenericBehaviorDisallowed m_Invert="true"/>
                <Cnd_IsAlertLevelEqual m_AlertLevel="Low"/>
                <Cnd_HasBBValue m_Key="#high_alert_triggered"/>
                <Opr_RemoveBBValue m_Key="#high_alert_triggered"/>
            </Sequence>
        </Succeeder>
        <!-- weapon holster cooldown -->
        <Optional m_Enabled="$weapon_holster_enabled">
            <Succeeder>
                <Sequence>
                    <Selector>
                        <Cnd_HasBBValue m_Key="#potential_target"/>
                        <Cnd_DialogStarted/>
                        <Cnd_IsActivityModuleRunning_BehaviorPlace/>
                    </Selector>
                    <Opr_GetModifiedTime m_TimePoint="#weapon_holster_cooldown" m_TimeDelta="#weapon_holster_delay"/>
                </Sequence>
            </Succeeder>
        </Optional>
        <!-- forced go to position -->
        <Succeeder>
            <Sequence>
                <Cnd_HasBBValue m_Key="#forced_chase_position"/>
                <Sequence>
                    <Selector>
                        <Cnd_HasBBValue m_Key="#target"/>
                        <Cnd_HasBBValue m_Key="#group_target"/>
                        <Cnd_PositionInRadius m_Radius="3.0" m_Position="#forced_chase_position"/>
                    </Selector>
                    <Opr_RemoveBBValue m_Key="#forced_chase_position"/>
                </Sequence>
            </Sequence>
        </Succeeder>
        <Optional m_Enabled="$enable_custom_damage_stamina_decrease">
            <Succeeder>
                <Sequence>
                    <Cnd_ShouldReactOnDamage/>
                    <Selector>
                        <Sequence>
                            <Cnd_ObstacleHit/>
                            <Opr_TryDecreaseStamina m_Fraction="0.6"/>
                        </Sequence>
                        <Sequence>
                            <Cnd_DamageReactionContext m_Context="MeleeWeapon"/>
                            <Opr_TryDecreaseStamina m_Fraction="0.05"/>
                        </Sequence>
                        <Sequence>
                            <Cnd_DamageReactionType m_Type="Push"/>
                            <Cnd_DamageReactionContext m_Context="Melee"/>
                            <Cnd_DamageReactionHitSeverity m_Severity="Light" m_Invert="true"/>
                            <Opr_TryDecreaseStamina m_Fraction="0.3"/>
                        </Sequence>
                        <Sequence>
                            <Cnd_DamageReactionType m_Type="Blast"/>
                            <Cnd_DamageReactionContext m_Context="Environment"/>
                            <Opr_TryDecreaseStamina m_Fraction="0.1"/>
                        </Sequence>
                    </Selector>
                </Sequence>
            </Succeeder>
        </Optional>
        <Optional m_Enabled="$enable_skullface_stamina_depletion">
            <Succeeder>
                <Sequence>
                    <Cnd_ShouldReactOnDamage/>
                    <Cnd_AreCoopPlayersInRadius m_Radius="100" m_MinCount="2" m_Invert="true"/>
                    <Selector>
                        <Sequence>
                            <Cnd_DamageReactionContext m_Context="MeleeWeapon"/>
                            <Opr_TryDecreaseStamina m_Fraction="0.08"/>
                        </Sequence>
                        <Sequence>
                            <Cnd_DamageReactionMoveSeverity m_Severity="Light" m_Invert="true"/>
                            <Cnd_DamageReactionHitSeverity m_Severity="Light" m_Invert="true"/>
                            <Cnd_DamageReactionType m_Type="Push"/>
                            <Opr_TryDecreaseStamina m_Fraction="0.2"/>
                        </Sequence>
                        <Opr_TryDecreaseStamina m_Fraction="0.001"/>
                    </Selector>
                </Sequence>
            </Succeeder>
        </Optional>
        <Optional m_Enabled="$enable_heavy_stun_on_stamina_depletion">
            <Succeeder>
                <Selector>
                    <Sequence>
                        <Cnd_StaminaDepleted/>
                        <Cnd_IsBodyInState m_State="STUNNED_HEAVY" m_Invert="true"/>
                        <CooldownTimeDelta m_CooldownTime="10">
                            <Opr_StartBodyState m_State="STUNNED_HEAVY" m_Duration="10"/>
                        </CooldownTimeDelta>
                        <Opr_SetBBValue_int m_Key="#breaker_hit_counter" m_Value="0"/>
                    </Sequence>
                    <Sequence>
                        <Selector>
                            <Cnd_StaminaDepleted m_Invert="true"/>
                            <Cnd_IsActivityModuleRunning_SyncAction/>
                            <Cnd_IsBBValueGreaterOrEqual_int m_Key="#breaker_hit_counter" m_Value="3"/>
                            <Sequence>
                                <Cnd_ShouldReactOnDamage/>
                                <Selector>
                                    <Cnd_DamageReactionMoveSeverity m_Severity="Light" m_Invert="true"/>
                                    <Cnd_DamageReactionHitSeverity m_Severity="Light" m_Invert="true"/>
                                </Selector>
                            </Sequence>
                        </Selector>
                        <Opr_StopBodyState m_State="STUNNED_HEAVY"/>
                    </Sequence>
                </Selector>
            </Succeeder>
        </Optional>
    </Sequence>
</BehaviorTree>
