<?xml version="1.0" encoding="UTF-8"?>
<BehaviorTree xmlns:xsi="http://www.w3.org/2001/XMLSchema-instance" xsi:noNamespaceSchemaLocation="../../../../MetaData/schema_ai.xsd" m_ContextType="ai">
    <Sequence>
		<Cnd_IsLeftArmDestroyed/>
		<Cnd_IsRightArmDestroyed/>
		<Opr_KillSelf/>
	</Sequence>
	<Sequence>
		<Cnd_IsLeftArmDestroyed/>
		<Opr_ApplySelfHealing m_HealingName="NPCLimbLoss"/>
		<ExternalTree m_UID="HUMAN_PANIC"/>
		<ExternalTree m_UID="HUMAN_RETREAT"/>
	</Sequence>
	<Sequence>
		<Cnd_IsRightArmDestroyed/>
		<Opr_ApplySelfHealing m_HealingName="NPCLimbLoss"/>
		<ExternalTree m_UID="HUMAN_PANIC"/>
		<ExternalTree m_UID="HUMAN_RETREAT"/>
	</Sequence>
	<!-- UV -->
	<Optional m_Enabled="$is_PK">
	<CooldownTimeDelta m_CooldownTime="25" m_CooldownOnAbort="true" m_CooldownBeforeFirstTick="true">
		<Selector>
			<Opr_GetClosestUVLightData m_Position="#uv_light_pos" m_Direction="#uv_light_dir" m_Type="#uv_light_type"/>
			<Cnd_IsNight m_Invert="false"/>
			<Sequence>
				<DelayerTimeDelta m_DelayTime="1.5">
					<Act_Move m_Destination="#uv_light_pos" m_MoveStyle="#move_style_run" m_StopAtDest="true" m_StartPolicy="INTERRUPT" m_AbandonPolicy="BLENDOUT" m_DecisionPolicy="ON_END"/>
				</DelayerTimeDelta>
			</Sequence>
		</Selector>
	</CooldownTimeDelta>
	</Optional>
	<Sequence>
        <ExternalTree m_UID="HUMAN_UPDATE_ENEMY" m_CustomName="Enemy" m_Hide="true"/>
        <ExternalTree m_UID="HUMAN_UPDATE_ALLY" m_CustomName="Ally" m_Hide="true"/>
        <ExternalTree m_UID="HUMAN_UPDATE_MOVE_STYLE" m_CustomName="MoveStyle" m_Hide="true"/>
        <ExternalTree m_UID="HUMAN_UPDATE_COMMON" m_CustomName="Common" m_Hide="true"/>
        <ExternalTree m_UID="HUMAN_UPDATE_CHASE" m_CustomName="Chase" m_Hide="true"/>
        <!-- defend and hold suggestions -->
        <Selector>
            <Opr_GetDefendPositionAndRadius m_DefendPosition="#defend_position" m_DefendRadius="#defend_radius"/>
            <Opr_RemoveBBValue m_Key="#defend_position"/>
        </Selector>
        <Selector>
            <Opr_GetHoldPositionAndRadius m_HoldPosition="#hold_position" m_HoldRadius="#hold_radius"/>
            <Opr_RemoveBBValue m_Key="#hold_position"/>
        </Selector>
        <!-- threatenign level -->
        <Opr_GetThreatLevel m_ThreatLevel="#threat_level" m_GroupThreatLevel="#group_threat_level"/>
        <!-- combat update trigger -->
        <!-- <Opr_Trigger m_Key="#trigger_combat_update"/> -->
        <Optional m_Enabled="$enable_debug">
            <ExternalTree m_UID="HUMAN_DEBUG" m_CustomName="Debug" m_Hide="true"/>
        </Optional>
    </Sequence>
</BehaviorTree>
