<!-- ---------------------------------------------------------------------------- -->
<!-- ------------------------ Outfit Affixes START ------------------------------ -->
<!-- ---------------------------------------------------------------------------- -->


<!-- Base Outfit Affixes -->


<buff id="Affix_Outfit_BaseTank_DamageResistanceFactor" duration="-1" max_stacks="1000" serialize_on_save="false">
    <property name="OutfitDamageResistanceFactor" value_add ="0.001"/>
</buff>

<buff id="Affix_Outfit_BaseDPS_MeleeDamageBoostFactor" duration="-1" max_stacks="1000" serialize_on_save="false">
    <property name="OutfitMeleeDamageBoostFactor" value_add ="0.001"/>
</buff>

<buff id="Affix_Outfit_BaseRangedDPS_RangedDamageBoostFactor" duration="-1" max_stacks="1000" serialize_on_save="false">
    <property name="OutfitRangedDamageBoostFactor" value_add ="0.001"/>
</buff>

<buff id="Affix_Outfit_BaseHealer_HealingFactor" duration="-1" max_stacks="1000" serialize_on_save="false">
    <property name="OutfitHealingFactor" value_add ="0.001"/>
</buff>

<buff id="Affix_Outfit_BaseHealer_ParkourDamageBoostFactor" duration="-1" max_stacks="1000" serialize_on_save="false">
    <property name="OutfitParkourDamageBoostFactor" value_add ="0.001"/>
</buff>

<buff id="Affix_Outfit_BaseDPS_OneHandedDamageBoostFactor" duration="-1" max_stacks="1000" serialize_on_save="false">
    <property name="OutfitOneHandedDamageBoostFactor" value_add ="0.001"/>
</buff>

<buff id="Affix_Outfit_BaseTank_TwoHandedDamageBoostFactor" duration="-1" max_stacks="1000" serialize_on_save="false">
    <property name="OutfitTwoHandedDamageBoostFactor" value_add ="0.001"/>
</buff>


<!-- Random Outfit Affixes -->

<buff id="Affix_Outfit_RandomHealer_KnuckleDusterDamageBoostFactor" duration="-1" max_stacks="1000" serialize_on_save="false">
    <property name="OutfitKnuckleDusterDamageBoostFactor" value_add ="0.001"/>
</buff>

<buff id="Affix_Outfits_RandomTankMelee_HumanDamageResistance" duration="-1" max_stacks="1000" serialize_on_save="false">
    <property name="OutfitHumanDamageResistanceFactor" value_add ="0.001"/>
</buff>

<buff id="Affix_Outfits_RandomTankMelee_InfectedDamageResistanceFactor" duration="-1" max_stacks="1000" serialize_on_save="false">
    <property name="OutfitInfectedDamageResistanceFactor" value_add ="0.001"/>
</buff>

<buff id="Affix_Outfit_RandomMelee_StaminaReduceMelee" duration="-1" max_stacks="1000" serialize_on_save="false">
    <property name="OutfitStaminaMeleeUsageMul" value_add ="-0.001"/>
</buff>

<buff id="Affix_Outfit_RandomMeleeRanged_StaminaRegen" duration="-1" max_stacks="1000" serialize_on_save="false">
    <property name="OutfitStaminaRegenMul" value_add ="0.001"/>
</buff>

<buff id="Affix_Outfit_RandomMeleeTank_CombatProg" duration="-1" max_stacks="1000" serialize_on_save="false">
    <property name="OutfitCombatProgressionMul" value_add ="0.001"/>
</buff>

<buff id="Affix_Outfit_RandomRanged_StaminaReduceRanged" duration="-1" max_stacks="1000" serialize_on_save="false">
    <property name="OutfitStaminaRangedUsageMul" value_add ="-0.001"/>
</buff>

<buff id="Affix_Outfit_RandomHealerRanged_StaminaParkourReduce" duration="-1" max_stacks="1000" serialize_on_save="false">
    <property name="OutfitParkourStaminaUsageMul" value_add ="-0.001"/>
</buff>

<buff id="Affix_Outfit_RandomHealerRanged_RecoqnitionTimeReduce" duration="-1" max_stacks="1000" serialize_on_save="false">
    <property name="OutfitAIRecognitionTimeMul" value_add ="0.001"/>
</buff>

<buff id="Affix_Outfit_RandomTank_FireDmgReduce" duration="-1" max_stacks="1000" serialize_on_save="false">
    <property name="OutfitFireDamageResistanceFactor" value_add ="0.001"/>
</buff>

<buff id="Affix_Outfit_RandomTank_PoisonDmgReduce" duration="-1" max_stacks="1000" serialize_on_save="false">
    <property name="OutfitPoisonDamageResistanceFactor" value_add ="0.001"/>
</buff>

<buff id="Affix_Outfit_RandomTank_ElectricyDmgReduce" duration="-1" max_stacks="1000" serialize_on_save="false">
    <property name="OutfitElectricityDamageResistanceFactor" value_add ="0.001"/>
</buff>

<buff id="Affix_Outfit_RandomTankHealer_DayDmgReduce" duration="-1" max_stacks="1000" serialize_on_save="false">
    <property name="OutfitDaytimeDamageResistanceFactor" value_add ="0.001"/>
</buff>

<buff id="Affix_Outfit_RandomTankHealer_NightDmgReduce" duration="-1" max_stacks="1000" serialize_on_save="false">
    <property name="OutfitNighttimeDamageResistanceFactor" value_add ="0.001"/>
</buff>

<buff id="Affix_Outfit_RandomTank_ImmunityDrainReduce" duration="-1" max_stacks="1000" serialize_on_save="false">
    <property name="OutfitAntizineDrainMul" value_add ="-0.001"/>
</buff>

<buff id="Affix_Outfit_RandomHealer_HealingBoost" duration="-1" max_stacks="1000" serialize_on_save="false">
    <property name="OutfitHealingBoostFactor" value_add ="0.001"/>
</buff>

<buff id="Affix_Outfit_RandomHealerRanged_SurvSenseRange" duration="-1" max_stacks="1000" serialize_on_save="false">
    <property name="OutfitSurvivorSenseRangeMul" value_add ="0.001"/>
</buff>

<buff id="Affix_Outfit_RandomHealerRanged_SurvSenseDuration" duration="-1" max_stacks="1000" serialize_on_save="false">
    <property name="OutfitSurvivorSenseDurationMul" value_add ="0.001"/>
</buff>

<buff id="Affix_Outfit_RandomHealerRanged_AgilityProgression" duration="-1" max_stacks="1000" serialize_on_save="false">
    <property name="OutfitAgilityProgressionMul" value_add ="0.001"/>
</buff>

<!-- Generic Affixes -->

<buff id="Affix_Outfit_Armor" duration="-1" max_stacks="1000" serialize_on_save="false">
    <property name="OutfitArmorResistanceFactor" value_add ="0.01"/>
</buff>


<!-- ---------------------------------------------------------------------------- -->
<!-- ------------------------ Outfit Affixes END ------------------------------ -->
<!-- ---------------------------------------------------------------------------- -->

<!-- ---------------------------------------------------------------------------- -->
<!-- ------------------------ Potions START ------------------------------------- -->
<!-- ---------------------------------------------------------------------------- -->

<buff id="Potion_DoubleHeightJump" duration="180" max_stacks="1" apply_behaviour="ResetDuration" serialize_on_save="false">
	<property name="HarmfulHeight" value_mul="2.0"/>
    <property name="LethalHeight" value_mul="2.0"/>
    <hud_icon val="momentum"/>
</buff>

<buff id="Potion_DoubleHealthRegenerationMaxLevel" duration="180" max_stacks="1" apply_behaviour="ResetDuration" serialize_on_save="false">
	<property name="HealthRegenerationMaxLevel" value_mul="2.0"/>
    <hud_icon val="momentum"/>
</buff>

<buff id="Potion_StaminaUsageReduction" duration="180" max_stacks="1" apply_behaviour="ResetDuration" serialize_on_save="false">
	<property name="StaminaUsageReduction" value_add="0.5"/>
    <hud_icon val="momentum"/>
</buff>

<buff id="Potion_MaxStaminaDrainFactor" duration="180" max_stacks="1" apply_behaviour="ResetDuration" serialize_on_save="false">
	<property name="MaxStaminaDrainFactor" value_mul="0.25"/> 
    <hud_icon val="momentum"/>
</buff>

<buff id="Potion_StaminaRegeneration" duration="180" max_stacks="1" apply_behaviour="ResetDuration" serialize_on_save="false">
	<property name="StaminaRegeneration" value_mul="0.25"/>
    <hud_icon val="momentum"/>
</buff>

<buff id="Potion_MeleeDamageLowHealthMul" duration="180" max_stacks="1" apply_behaviour="ResetDuration" serialize_on_save="false">
	<property name="MeleeDamageLowHealthMul" value_mul="2.0"/>
    <hud_icon val="momentum"/>
</buff>

<buff_group>
<buff id="Potion_StaminaUpgrade" duration="60" max_stacks="1" apply_behaviour="ResetDuration" serialize_on_save="false">
	<property name="MaxStaminaMultiplier" value_add="0.1"/>    
	<hud_icon val="buff_stamina"/>
</buff>

<buff id="Potion_StaminaUpgrade_Upgrade1" duration="120" max_stacks="1" apply_behaviour="ResetDuration" serialize_on_save="false">
	<property name="MaxStaminaMultiplier" value_add="0.1"/>    
	<hud_icon val="buff_stamina"/>
</buff>

<buff id="Potion_StaminaUpgrade_Upgrade2" duration="120" max_stacks="1" apply_behaviour="ResetDuration" serialize_on_save="false">
	<property name="MaxStaminaMultiplier" value_add="0.2"/>    
	<hud_icon val="buff_stamina"/>
</buff>

<buff id="Potion_StaminaUpgrade_Upgrade4" duration="180" max_stacks="1" apply_behaviour="ResetDuration" serialize_on_save="false">
	<property name="MaxStaminaMultiplier" value_add="0.2"/>    
	<hud_icon val="buff_stamina"/>
</buff>

<buff id="Potion_StaminaUpgrade_Upgrade5" duration="180" max_stacks="1" apply_behaviour="ResetDuration" serialize_on_save="false">
	<property name="MaxStaminaMultiplier" value_add="0.3"/>    
	<hud_icon val="buff_stamina"/>
</buff>

<buff id="Potion_StaminaUpgrade_Upgrade7" duration="240" max_stacks="1" apply_behaviour="ResetDuration" serialize_on_save="false">
	<property name="MaxStaminaMultiplier" value_add="0.3"/>    
	<hud_icon val="buff_stamina"/>
</buff>

<buff id="Potion_StaminaUpgrade_Upgrade8" duration="240" max_stacks="1" apply_behaviour="ResetDuration" serialize_on_save="false">
	<property name="MaxStaminaMultiplier" value_add="0.4"/>    
	<hud_icon val="buff_stamina"/>
</buff>
</buff_group>

<buff_group>
<buff id="Potion_HealthRegeneration" max_stacks="1" duration="60" apply_behaviour="ResetDuration" serialize_on_save="false">
   <property name="HealthPerSecond" value="HealthRegenerationPotion"/>
   <hud_icon val="buff_health"/>
</buff>

<buff id="Potion_HealthRegeneration_Upgrade1" max_stacks="1" duration="60" apply_behaviour="ResetDuration" serialize_on_save="false">
   <property name="HealthPerSecond" value="HealthRegenerationPotion_Upgrade1"/>
   <hud_icon val="buff_health"/>
</buff>

<buff id="Potion_HealthRegeneration_Upgrade2" max_stacks="1" duration="120" apply_behaviour="ResetDuration" serialize_on_save="false">
   <property name="HealthPerSecond" value="HealthRegenerationPotion_Upgrade1"/>
   <hud_icon val="buff_health"/>
</buff>

<buff id="Potion_HealthRegeneration_Upgrade4" max_stacks="1" duration="120" apply_behaviour="ResetDuration" serialize_on_save="false">
   <property name="HealthPerSecond" value="HealthRegenerationPotion_Upgrade4"/>
   <hud_icon val="buff_health"/>
</buff>

<buff id="Potion_HealthRegeneration_Upgrade5" max_stacks="1" duration="180" apply_behaviour="ResetDuration" serialize_on_save="false">
   <property name="HealthPerSecond" value="HealthRegenerationPotion_Upgrade4"/>
   <hud_icon val="buff_health"/>
</buff>

<buff id="Potion_HealthRegeneration_Upgrade7" max_stacks="1" duration="180" apply_behaviour="ResetDuration" serialize_on_save="false">
   <property name="HealthPerSecond" value="HealthRegenerationPotion_Upgrade7"/>
   <hud_icon val="buff_health"/>
</buff>
</buff_group>

<buff_group>
<buff id="Potion_DamageDealtBuff" duration="90" max_stacks="1" apply_behaviour="ResetDuration" serialize_on_save="false">
    <property name="StrengthDamageMul" value="Potion_DamageDealtBuff"/>
    <property name="MeleeDamageMul" value="Potion_DamageDealtBuff"/>
    <hud_icon val="buff_damage"/>
</buff>

<buff id="Potion_DamageDealtBuff_Upgrade1" duration="90" max_stacks="1" apply_behaviour="ResetDuration" serialize_on_save="false">
    <property name="StrengthDamageMul" value="Potion_DamageDealtBuff_Upgrade1"/>
    <property name="MeleeDamageMul" value="Potion_DamageDealtBuff_Upgrade1"/>
    <hud_icon val="buff_damage"/>
</buff>

<buff id="Potion_DamageDealtBuff_Upgrade2" duration="120" max_stacks="1" apply_behaviour="ResetDuration" serialize_on_save="false">
    <property name="StrengthDamageMul" value="Potion_DamageDealtBuff_Upgrade1"/>
    <property name="MeleeDamageMul" value="Potion_DamageDealtBuff_Upgrade1"/>
    <hud_icon val="buff_damage"/>
</buff>

<buff id="Potion_DamageDealtBuff_Upgrade4" duration="150" max_stacks="1" apply_behaviour="ResetDuration" serialize_on_save="false">
    <property name="StrengthDamageMul" value="Potion_DamageDealtBuff_Upgrade1"/>
    <property name="MeleeDamageMul" value="Potion_DamageDealtBuff_Upgrade1"/>
    <hud_icon val="buff_damage"/>
</buff>

<buff id="Potion_DamageDealtBuff_Upgrade5" duration="150" max_stacks="1" apply_behaviour="ResetDuration" serialize_on_save="false">
    <property name="StrengthDamageMul" value="Potion_DamageDealtBuff_Upgrade5"/>
    <property name="MeleeDamageMul" value="Potion_DamageDealtBuff_Upgrade5"/>
    <hud_icon val="buff_damage"/>
</buff>

<buff id="Potion_DamageDealtBuff_Upgrade6" duration="180" max_stacks="1" apply_behaviour="ResetDuration" serialize_on_save="false">
    <property name="StrengthDamageMul" value="Potion_DamageDealtBuff_Upgrade5"/>
    <property name="MeleeDamageMul" value="Potion_DamageDealtBuff_Upgrade5"/>
    <hud_icon val="buff_damage"/>
</buff>

<buff id="Potion_DamageDealtBuff_Upgrade8" duration="180" max_stacks="1" apply_behaviour="ResetDuration" serialize_on_save="false">
    <property name="StrengthDamageMul" value="Potion_DamageDealtBuff_Upgrade8"/>
    <property name="MeleeDamageMul" value="Potion_DamageDealtBuff_Upgrade8"/>
    <hud_icon val="buff_damage"/>
</buff>
</buff_group>

<buff_group>
<buff id="Potion_Rage" duration="45" max_stacks="1" apply_behaviour="ResetDuration" serialize_on_save="false">
    <property name="DamageReduction" value="Potion_Rage_DamageReduction"/>
    <property name="StrengthDamageMul" value="Potion_Rage_DamageBuff"/>
    <property name="MeleeDamageMul" value="Potion_Rage_DamageBuff"/>
	<property name="DrunkEffect" set="true"/>
	<property name="DrunkEffectPPFXPower" value_add="0.4"/>
	<property name="DrunkEffectInputLagTime" value_add="0.75"/>
	<property name="DrunkEffectMoveRollAngle" value_add="10.0"/>
	<property name="DrunkEffectMoveRollAngleTime" value_add="1.0"/>
	<property name="NightRunnerRagdollProbability" value="1.0"/>
	<property name="LookVertAcc_Pad" value_add="-1900.0"/>
	<property name="LookHorzAcc_Pad" value_add="-1900.0"/>
	<property name="LookVertDec_Pad" value_add="-49500.0"/>
	<property name="LookHorzDec_Pad" value_add="-49500.0"/>
	<property name="MoveDeceleration" value_add="300.0"/>
	<property name="MoveSprintSpeed" value_add="3.0"/>
    <hud_icon val="buff_rage"/>
</buff>

<buff id="Potion_Rage_Upgrade1" duration="25" max_stacks="1" apply_behaviour="ResetDuration" serialize_on_save="false">
    <property name="DamageReduction" value="Potion_Rage_DamageReduction_Upgrade1"/>
    <property name="StrengthDamageMul" value="Potion_Rage_DamageBuff_Upgrade1"/>
    <property name="MeleeDamageMul" value="Potion_Rage_DamageBuff_Upgrade1"/>
    <hud_icon val="buff_rage"/>
</buff>

<buff id="Potion_Rage_Upgrade2" duration="35" max_stacks="1" apply_behaviour="ResetDuration" serialize_on_save="false">
    <property name="DamageReduction" value="Potion_Rage_DamageReduction_Upgrade1"/>
    <property name="StrengthDamageMul" value="Potion_Rage_DamageBuff_Upgrade1"/>
    <property name="MeleeDamageMul" value="Potion_Rage_DamageBuff_Upgrade1"/>
    <hud_icon val="buff_rage"/>
</buff>

<buff id="Potion_Rage_Upgrade4" duration="45" max_stacks="1" apply_behaviour="ResetDuration" serialize_on_save="false">
    <property name="DamageReduction" value="Potion_Rage_DamageReduction_Upgrade1"/>
    <property name="StrengthDamageMul" value="Potion_Rage_DamageBuff_Upgrade1"/>
    <property name="MeleeDamageMul" value="Potion_Rage_DamageBuff_Upgrade1"/>
    <hud_icon val="buff_rage"/>
</buff>

<buff id="Potion_Rage_Upgrade5" duration="45" max_stacks="1" apply_behaviour="ResetDuration" serialize_on_save="false">
    <property name="DamageReduction" value="Potion_Rage_DamageReduction_Upgrade5"/>
    <property name="StrengthDamageMul" value="Potion_Rage_DamageBuff_Upgrade5"/>
    <property name="MeleeDamageMul" value="Potion_Rage_DamageBuff_Upgrade5"/>
    <hud_icon val="buff_rage"/>
</buff>

<buff id="Potion_Rage_Upgrade6" duration="55" max_stacks="1" apply_behaviour="ResetDuration" serialize_on_save="false">
    <property name="DamageReduction" value="Potion_Rage_DamageBuff_Upgrade5"/>
    <property name="StrengthDamageMul" value="Potion_Rage_DamageBuff_Upgrade5"/>
    <property name="MeleeDamageMul" value="Potion_Rage_DamageBuff_Upgrade5"/>
    <hud_icon val="buff_rage"/>
</buff>

<buff id="Potion_Rage_Upgrade8" duration="55" max_stacks="1" apply_behaviour="ResetDuration" serialize_on_save="false">
    <property name="DamageReduction" value="Potion_Rage_DamageReduction_Upgrade8"/>
    <property name="StrengthDamageMul" value="Potion_Rage_DamageBuff_Upgrade8"/>
    <property name="MeleeDamageMul" value="Potion_Rage_DamageBuff_Upgrade8"/>
    <hud_icon val="buff_rage"/>
</buff>
</buff_group>

<buff_group>
<buff id="Potion_DamageReduction_Fire" duration="90" max_stacks="1" apply_behaviour="ResetDuration" serialize_on_save="false">
    <property name="DamageReduction" value="Potion_DamageReduction_Fire"/>
    <hud_icon val="buff_resistance_fire"/>    
</buff>

<buff id="Potion_DamageReduction_Fire_Upgrade1" duration="120" max_stacks="1" apply_behaviour="ResetDuration" serialize_on_save="false">
    <property name="DamageReduction" value="Potion_DamageReduction_Fire_Upgrade1"/>
    <hud_icon val="buff_resistance_fire"/>    
</buff>
<buff id="Potion_DamageReduction_Fire_Upgrade2" duration="120" max_stacks="1" apply_behaviour="ResetDuration" serialize_on_save="false">
    <property name="DamageReduction" value="Potion_DamageReduction_Fire_Upgrade2"/>
    <hud_icon val="buff_resistance_fire"/>    
</buff>
<buff id="Potion_DamageReduction_Fire_Upgrade3" duration="150" max_stacks="1" apply_behaviour="ResetDuration" serialize_on_save="false">
    <property name="DamageReduction" value="Potion_DamageReduction_Fire_Upgrade3"/>
    <hud_icon val="buff_resistance_fire"/>    
</buff>
<buff id="Potion_DamageReduction_Fire_Upgrade4" duration="150" max_stacks="1" apply_behaviour="ResetDuration" serialize_on_save="false">
    <property name="DamageReduction" value="Potion_DamageReduction_Fire_Upgrade4"/>
    <hud_icon val="buff_resistance_fire"/>    
</buff>
<buff id="Potion_DamageReduction_Fire_Upgrade5" duration="180" max_stacks="1" apply_behaviour="ResetDuration" serialize_on_save="false">
    <property name="DamageReduction" value="Potion_DamageReduction_Fire_Upgrade5"/>
    <hud_icon val="buff_resistance_fire"/>    
</buff>
<buff id="Potion_DamageReduction_Fire_Upgrade6" duration="180" max_stacks="1" apply_behaviour="ResetDuration" serialize_on_save="false">
    <property name="DamageReduction" value="Potion_DamageReduction_Fire_Upgrade6"/>
    <hud_icon val="buff_resistance_fire"/>    
</buff>
<buff id="Potion_DamageReduction_Fire_Upgrade7" duration="240" max_stacks="1" apply_behaviour="ResetDuration" serialize_on_save="false">
    <property name="DamageReduction" value="Potion_DamageReduction_Fire_Upgrade7"/>
    <hud_icon val="buff_resistance_fire"/>    
</buff>
<buff id="Potion_DamageReduction_Fire_Upgrade8" duration="240" max_stacks="1" apply_behaviour="ResetDuration" serialize_on_save="false">
    <property name="DamageReduction" value="Potion_DamageReduction_Fire_Upgrade8"/>
    <hud_icon val="buff_resistance_fire"/>    
</buff>
</buff_group>

<buff_group>
<buff id="Potion_DamageReduction_Poison" duration="90" max_stacks="1" apply_behaviour="ResetDuration" serialize_on_save="false">
    <property name="DamageReduction" value="Potion_DamageReduction_Poison"/>
    <hud_icon val="buff_resistance_toxic"/>    
</buff>
<buff id="Potion_DamageReduction_Poison_Upgrade1" duration="120" max_stacks="1" apply_behaviour="ResetDuration" serialize_on_save="false">
    <property name="DamageReduction" value="Potion_DamageReduction_Poison_Upgrade1"/>
    <hud_icon val="buff_resistance_toxic"/>    
</buff>
<buff id="Potion_DamageReduction_Poison_Upgrade2" duration="120" max_stacks="1" apply_behaviour="ResetDuration" serialize_on_save="false">
    <property name="DamageReduction" value="Potion_DamageReduction_Poison_Upgrade2"/>
    <hud_icon val="buff_resistance_toxic"/>    
</buff>
<buff id="Potion_DamageReduction_Poison_Upgrade3" duration="150" max_stacks="1" apply_behaviour="ResetDuration" serialize_on_save="false">
    <property name="DamageReduction" value="Potion_DamageReduction_Poison_Upgrade3"/>
    <hud_icon val="buff_resistance_toxic"/>    
</buff>
<buff id="Potion_DamageReduction_Poison_Upgrade4" duration="150" max_stacks="1" apply_behaviour="ResetDuration" serialize_on_save="false">
    <property name="DamageReduction" value="Potion_DamageReduction_Poison_Upgrade4"/>
    <hud_icon val="buff_resistance_toxic"/>    
</buff>
<buff id="Potion_DamageReduction_Poison_Upgrade5" duration="180" max_stacks="1" apply_behaviour="ResetDuration" serialize_on_save="false">
    <property name="DamageReduction" value="Potion_DamageReduction_Poison_Upgrade5"/>
    <hud_icon val="buff_resistance_toxic"/>    
</buff>
<buff id="Potion_DamageReduction_Poison_Upgrade6" duration="180" max_stacks="1" apply_behaviour="ResetDuration" serialize_on_save="false">
    <property name="DamageReduction" value="Potion_DamageReduction_Poison_Upgrade6"/>
    <hud_icon val="buff_resistance_toxic"/>    
</buff>
<buff id="Potion_DamageReduction_Poison_Upgrade7" duration="240" max_stacks="1" apply_behaviour="ResetDuration" serialize_on_save="false">
    <property name="DamageReduction" value="Potion_DamageReduction_Poison_Upgrade7"/>
    <hud_icon val="buff_resistance_toxic"/>    
</buff>
<buff id="Potion_DamageReduction_Poison_Upgrade8" duration="240" max_stacks="1" apply_behaviour="ResetDuration" serialize_on_save="false">
    <property name="DamageReduction" value="Potion_DamageReduction_Poison_Upgrade8"/>
    <hud_icon val="buff_resistance_toxic"/>    
</buff>
</buff_group>

<buff_group>
<buff id="Potion_DamageReduction_Electricity" duration="90" max_stacks="1" apply_behaviour="ResetDuration" serialize_on_save="false">
    <property name="DamageReduction" value="Potion_DamageReduction_Electricity"/>
    <hud_icon val="buff_resistance_electricity"/>    
</buff>
<buff id="Potion_DamageReduction_Electricity_Upgrade1" duration="120" max_stacks="1" apply_behaviour="ResetDuration" serialize_on_save="false">
    <property name="DamageReduction" value="Potion_DamageReduction_Electricity_Upgrade1"/>
    <hud_icon val="buff_resistance_electricity"/>    
</buff>
<buff id="Potion_DamageReduction_Electricity_Upgrade2" duration="120" max_stacks="1" apply_behaviour="ResetDuration" serialize_on_save="false">
    <property name="DamageReduction" value="Potion_DamageReduction_Electricity_Upgrade2"/>
    <hud_icon val="buff_resistance_electricity"/>    
</buff>
<buff id="Potion_DamageReduction_Electricity_Upgrade3" duration="150" max_stacks="1" apply_behaviour="ResetDuration" serialize_on_save="false">
    <property name="DamageReduction" value="Potion_DamageReduction_Electricity_Upgrade3"/>
    <hud_icon val="buff_resistance_electricity"/>    
</buff>
<buff id="Potion_DamageReduction_Electricity_Upgrade4" duration="150" max_stacks="1" apply_behaviour="ResetDuration" serialize_on_save="false">
    <property name="DamageReduction" value="Potion_DamageReduction_Electricity_Upgrade4"/>
    <hud_icon val="buff_resistance_electricity"/>    
</buff>
<buff id="Potion_DamageReduction_Electricity_Upgrade5" duration="180" max_stacks="1" apply_behaviour="ResetDuration" serialize_on_save="false">
    <property name="DamageReduction" value="Potion_DamageReduction_Electricity_Upgrade5"/>
    <hud_icon val="buff_resistance_electricity"/>    
</buff>
<buff id="Potion_DamageReduction_Electricity_Upgrade6" duration="180" max_stacks="1" apply_behaviour="ResetDuration" serialize_on_save="false">
    <property name="DamageReduction" value="Potion_DamageReduction_Electricity_Upgrade6"/>
    <hud_icon val="buff_resistance_electricity"/>    
</buff>
<buff id="Potion_DamageReduction_Electricity_Upgrade7" duration="240" max_stacks="1" apply_behaviour="ResetDuration" serialize_on_save="false"> 
    <property name="DamageReduction" value="Potion_DamageReduction_Electricity_Upgrade7"/>
    <hud_icon val="buff_resistance_electricity"/>    
</buff>
<buff id="Potion_DamageReduction_Electricity_Upgrade8" duration="240" max_stacks="1" apply_behaviour="ResetDuration" serialize_on_save="false">
    <property name="DamageReduction" value="Potion_DamageReduction_Electricity_Upgrade8"/>
    <hud_icon val="buff_resistance_electricity"/>    
</buff>
</buff_group>

<buff_group>
<buff id="Potion_DamageReduction" duration="90" max_stacks="1" apply_behaviour="ResetDuration" serialize_on_save="false">
    <property name="DamageReduction" value="PotionDamageReduction"/>
    <hud_icon val="buff_resistance_damage"/>	
</buff>

<buff id="Potion_DamageReduction_Upgrade1" duration="90" max_stacks="1" apply_behaviour="ResetDuration" serialize_on_save="false">
    <property name="DamageReduction" value="PotionDamageReduction_Upgrade1"/>
    <hud_icon val="buff_resistance_damage"/>	
</buff>

<buff id="Potion_DamageReduction_Upgrade2" duration="150" max_stacks="1" apply_behaviour="ResetDuration" serialize_on_save="false">
    <property name="DamageReduction" value="PotionDamageReduction_Upgrade1"/>
    <hud_icon val="buff_resistance_damage"/>	
</buff>

<buff id="Potion_DamageReduction_Upgrade4" duration="150" max_stacks="1" apply_behaviour="ResetDuration" serialize_on_save="false">
    <property name="DamageReduction" value="PotionDamageReduction_Upgrade1"/>
    <property name="ReduceReactionsSeverity" set="true"/>
	<property name="BlockHitReactionKnockdown" set="true"/>	
    <hud_icon val="buff_resistance_damage"/>	
</buff>

<buff id="Potion_DamageReduction_Upgrade5" duration="150" max_stacks="1" apply_behaviour="ResetDuration" serialize_on_save="false">
    <property name="DamageReduction" value="PotionDamageReduction_Upgrade5"/>
    <property name="ReduceReactionsSeverity" set="true"/>
	<property name="BlockHitReactionKnockdown" set="true"/>	
    <hud_icon val="buff_resistance_damage"/>	
</buff>

<buff id="Potion_DamageReduction_Upgrade6" duration="180" max_stacks="1" apply_behaviour="ResetDuration" serialize_on_save="false">
    <property name="DamageReduction" value="PotionDamageReduction_Upgrade5"/>
    <property name="ReduceReactionsSeverity" set="true"/>
	<property name="BlockHitReactionKnockdown" set="true"/>	
    <hud_icon val="buff_resistance_damage"/>	
</buff>

<buff id="Potion_DamageReduction_Upgrade8" duration="180" max_stacks="1" apply_behaviour="ResetDuration" serialize_on_save="false">
    <property name="DamageReduction" value="PotionDamageReduction_Upgrade8"/>
    <property name="ReduceReactionsSeverity" set="true"/>
	<property name="BlockHitReactionKnockdown" set="true"/>	
    <hud_icon val="buff_resistance_damage"/>	
</buff>
</buff_group>

<buff_group>
<buff id="Potion_SwimStaminaUsage" duration="30" max_stacks="1" apply_behaviour="ResetDuration" serialize_on_save="false">
	<property name="SwimStaminaUsage" value_add ="-0.0125"/>
	<hud_icon val="buff_underwater"/>
</buff>
<buff id="Potion_SwimStaminaUsage_Upgrade1" duration="45" max_stacks="1" apply_behaviour="ResetDuration" serialize_on_save="false">
    <property name="SwimStaminaUsage" value_add ="-0.0125"/>
    <hud_icon val="buff_underwater"/>
</buff>
<buff id="Potion_SwimStaminaUsage_Upgrade2" duration="45" max_stacks="1" apply_behaviour="ResetDuration" serialize_on_save="false">
    <property name="SwimStaminaUsage" value_add ="-0.015"/>
    <hud_icon val="buff_underwater"/>
</buff>
<buff id="Potion_SwimStaminaUsage_Upgrade3" duration="60" max_stacks="1" apply_behaviour="ResetDuration" serialize_on_save="false">
    <property name="SwimStaminaUsage" value_add ="-0.015"/>
    <hud_icon val="buff_underwater"/>
</buff>
<buff id="Potion_SwimStaminaUsage_Upgrade4" duration="60" max_stacks="1" apply_behaviour="ResetDuration" serialize_on_save="false">
    <property name="SwimStaminaUsage" value_add ="-0.0175"/>
    <hud_icon val="buff_underwater"/>
</buff>
<buff id="Potion_SwimStaminaUsage_Upgrade5" duration="75" max_stacks="1" apply_behaviour="ResetDuration" serialize_on_save="false">
    <property name="SwimStaminaUsage" value_add ="-0.0175"/>
    <hud_icon val="buff_underwater"/>
</buff>
<buff id="Potion_SwimStaminaUsage_Upgrade6" duration="75" max_stacks="1" apply_behaviour="ResetDuration" serialize_on_save="false">
    <property name="SwimStaminaUsage" value_add ="-0.02"/>
    <hud_icon val="buff_underwater"/>
</buff>
<buff id="Potion_SwimStaminaUsage_Upgrade7" duration="90" max_stacks="1" apply_behaviour="ResetDuration" serialize_on_save="false">
    <property name="SwimStaminaUsage" value_add ="-0.02"/>
    <hud_icon val="buff_underwater"/>
</buff>
<buff id="Potion_SwimStaminaUsage_Upgrade8" duration="90" max_stacks="1" apply_behaviour="ResetDuration" serialize_on_save="false">
    <property name="SwimStaminaUsage" value_add ="-0.025"/>
    <hud_icon val="buff_underwater"/>
</buff>
</buff_group>

<buff id="Potion_Antizine" duration="0">
    <hud_icon val="buff_immunity"/>
    <OnGain>
        <AddAntizinePercent value="0.35"/>
    </OnGain> 
</buff>

<buff id="Potion_Antizine_Upgrade1" duration="0">
    <hud_icon val="buff_immunity"/>
    <OnGain>
        <AddAntizinePercent value="0.40"/>
    </OnGain> 
</buff>

<buff id="Potion_Antizine_Upgrade2" duration="0">
    <hud_icon val="buff_immunity"/>
    <OnGain>
        <AddAntizinePercent value="0.45"/>
    </OnGain> 
</buff>

<buff id="Potion_Antizine_Upgrade4" duration="0">
    <hud_icon val="buff_immunity"/>
    <OnGain>
        <AddAntizinePercent value="0.50"/>
    </OnGain> 
</buff>

<buff id="Potion_Antizine_Upgrade5" duration="0">
    <hud_icon val="buff_immunity"/>
    <OnGain>
        <AddAntizinePercent value="0.55"/>
    </OnGain> 
</buff>

<buff id="Potion_Antizine_Upgrade6" duration="0">
    <hud_icon val="buff_immunity"/>
    <OnGain>
        <AddAntizinePercent value="0.60"/>
    </OnGain> 
</buff>

<buff id="Potion_Antizine_Upgrade8" duration="0">
    <hud_icon val="buff_immunity"/>
    <OnGain>
        <AddAntizinePercent value="0.80"/>
    </OnGain> 
</buff>

<buff id="Potion_NightXPBoost" duration="7200" max_stacks="1" apply_behaviour="ResetDuration" timed_day_phase="night" serialize_on_save="true">
    <hud_icon val="night_xp_boost_icon"/>
   <property name="OpenWorldNightXPModifier" value_add="1.0"/>
</buff>

<buff id="ParachuteNitro" duration="1" max_stacks="1" apply_behaviour="ResetDuration">
    <property name="GlideAcceleration" value_add ="30.0"/>
	<property name="GlideDecceleration" value_add ="30.0"/>
	<property name="GlideSpeeMagMax" value_add ="2.0"/>
	<property name="GlideSpeedMagMin" value_add ="9.0"/>	
	<property name="CameraDefaultFOV" value_add ="20.0"/>	
	<property name="GlideDiveRotationSpeed" value_add ="30.0"/>	
	<property name="GlideRiseRotationSpeed" value_add ="50.0"/>	
	
    <hud_icon val="paraglider_tool"/>
</buff>

<!-- ---------------------------------------------------------------------------- -->
<!-- ------------------------ Potions END --------------------------------------- -->
<!-- ---------------------------------------------------------------------------- -->


<!-- ---------------------------------------------------------------------------- -->
<!-- ------------------------ Equipment slots ----------------------------------- -->
<!-- ---------------------------------------------------------------------------- -->

<buff id="UvFlashlightSlot" duration="-1" max_stacks="1" serialize_on_save="true" >
    <property name="RestrictedEquipmentSlotsCount" value_add="1"/>
</buff>

<buff id="BinocularsSlot" duration="-1" max_stacks="1" serialize_on_save="true" >
    <property name="RestrictedEquipmentSlotsCount" value_add="1"/>
</buff>

<buff id="RopeHookSlot" duration="-1" max_stacks="1" serialize_on_save="true" >
    <property name="RestrictedEquipmentSlotsCount" value_add="1"/>
</buff>

<buff id="DetectorSlot" duration="-1" max_stacks="1" serialize_on_save="true" >
    <property name="RestrictedEquipmentSlotsCount" value_add="1"/>
</buff>


<!-- ---------------------------------------------------------------------------- -->
<!-- ------------------------ Weapon Affixes START ------------------------------ -->
<!-- ---------------------------------------------------------------------------- -->

<buff id="Affix_Block_Cost_Reduction" duration="-1" max_stacks="100" serialize_on_save="false">
	<property name="BlockHeavyAttackStaminaCost" value_mul="-0.01"/>
    <property name="BlockLightAttackStaminaCost" value_mul="-0.01"/>
</buff>

<buff id="Affix_Charge_Attack_Move_Speed" duration="-1" max_stacks="100" serialize_on_save="false" >
	<property name="ChargeMoveSpeedMult" value_mul ="-0.01"/>
</buff>

<buff id="Affix_Heavy_Push" duration="-1" max_stacks="100" serialize_on_save="false" >
	<property name="BlockPushHeavyChance" value_add ="0.01"/>
</buff>

<buff id="Affix_Push_Recover" duration="-1" max_stacks="100" serialize_on_save="false" >
	<property name="BlockPushStaminaRecoverAmount" value_add ="0.01"/>
</buff>

<buff id="Affix_Weapon_Range" duration="-1" max_stacks="100" serialize_on_save="false" >
	<property name="RangeMeleeMul" value_add ="0.01"/>
    <property name="ChargeAdditionalRange" value_add ="0.01"/>
</buff>

<buff id="Affix_Weapon_Damage" duration="-1" max_stacks="100" serialize_on_save="false" >
	<property name="MeleeDamageMul" value_add ="0.01"/>
</buff>

<buff id="Affix_Weapon_Damage_FullStamina" duration="-1" max_stacks="100" serialize_on_save="false" >
	<property name="MeleeDamageFullStaminaMul" value_add ="0.01"/>
</buff>

<buff id="Affix_Weapon_Damage_LowStamina" duration="-1" max_stacks="100" serialize_on_save="false" >
	<property name="MeleeDamageLowStaminaMul" value_add ="0.01"/>
</buff>

<buff id="Affix_Weapon_Damage_FullHealth" duration="-1" max_stacks="100" serialize_on_save="false" >
	<property name="MeleeDamageFullHealthMul" value_add ="0.01"/>
</buff>

<buff id="Affix_Weapon_Damage_LowHealth" duration="-1" max_stacks="100" serialize_on_save="false" >
	<property name="MeleeDamageLowHealthMul" value_add ="0.01"/>
</buff>

<buff id="Affix_Regen_Boost_Kill" duration="-1" max_stacks="100" serialize_on_save="false" >
	<property name="RegenBoostOnKillChance" value_add ="0.01"/>
</buff>

<buff id="Affix_Weapon_Damage_vs_Humans" duration="-1" max_stacks="100" serialize_on_save="false" >
	<property name="HumanDamageMulFactor" value_add ="0.01"/>
</buff>

<buff id="Affix_Weapon_Damage_vs_Infected" duration="-1" max_stacks="100" serialize_on_save="false" >
	<property name="ZombieDamageMulFactor" value_add ="0.01"/>
</buff>

<buff id="Affix_Weapon_Damage_at_Day" duration="-1" max_stacks="100" serialize_on_save="false" >
	<property name="DayDamageMulFactor" value_add ="0.01"/>
</buff>

<buff id="Affix_Weapon_Damage_at_Night" duration="-1" max_stacks="100" serialize_on_save="false" >
	<property name="NightDamageMulFactor" value_add ="0.01"/>
</buff>

<buff id="Affix_Weapon_Damage_Enemy_Affected_By_Conditions" duration="-1" max_stacks="100" serialize_on_save="false" >
	<property name="EnemyAffectedByConditionDamageMulFactor" value_add ="0.01"/>
</buff>

<buff id="Affix_Weapon_Damage_Enemy_Affected_By_Freeze" duration="-1" max_stacks="100" serialize_on_save="false" >
	<property name="EnemyAffectedByFreezeDamageMulFactor" value_add ="0.01"/>
</buff>

<buff id="Affix_Stamina_Regen_on_Hit" duration="-1" max_stacks="100" serialize_on_save="false" >
	<property name="StaminaRegenerationFactorOnHit" value_add ="0.01"/>
</buff>

<buff id="Affix_Stamina_Regen_on_Charge" duration="-1" max_stacks="100" serialize_on_save="false" >
	<property name="StaminaRegenerationFactorOnPowerAttack" value_add ="0.01"/>
</buff>

<buff id="Affix_Weapon_Damage_on_Charge" duration="-1" max_stacks="100" serialize_on_save="false" >
	<property name="ChargeAttackAdditionalMul" value_add ="0.01"/>
</buff>

<buff id="Affix_Weapon_Damage_on_Charge_at_Night" duration="-1" max_stacks="100" serialize_on_save="false" >
	<property name="ChargeAttackAdditionalMulNight" value_add ="0.01"/>
</buff>

<buff id="Affix_Health_Regen_on_Perfect_Block" duration="-1" max_stacks="100" serialize_on_save="false" >
	<property name="PerfectBlockHealingFactor" value_add ="0.01"/>
</buff>

<buff id="Affix_Stamina_Damage_on_Hit" duration="-1" max_stacks="100" serialize_on_save="false" >
	<property name="ItemStaminaDamageMul" value_add ="0.01"/>
</buff>

<buff id="Affix_Fury_Charge_on_Hit" duration="-1" max_stacks="100" serialize_on_save="false" >
	<property name="FuryChargeMultiplier" value_add ="0.01"/>
</buff>

<buff id="Affix_Weapon_Damage_Weapon_Throw" duration="-1" max_stacks="100" serialize_on_save="false" >
	<property name="WeaponDamageWeaponThrowMul" value_add ="0.01"/>
</buff>

<buff id="Affix_Weapon_Damage_Backstab" duration="-1" max_stacks="100" serialize_on_save="false" >
	<property name="BackstabDamage" value_add ="0.01"/>
</buff>

<buff id="Affix_Weapon_Damage_Head" duration="-1" max_stacks="100" serialize_on_save="false" >
	<property name="WeaponDamageHeadMul" value_add ="0.01"/>
</buff>

<buff id="Affix_Weapon_Damage_Head_at_Night" duration="-1" max_stacks="100" serialize_on_save="false" >
	<property name="WeaponDamageHeadMulNight" value_add ="0.01"/>
</buff>

<buff id="Affix_Weapon_Chance_Critical_Hit" duration="-1" max_stacks="100" serialize_on_save="false" >
	<property name="WeaponCriticalHitChance" value_add ="0.01"/>
</buff>

<buff id="Affix_Weapon_Chance_Critical_Hit_Power_Attack" duration="-1" max_stacks="100" serialize_on_save="false" >
	<property name="WeaponCriticalHitPowerAttackChance" value_add ="0.01"/>
</buff>

<buff id="Affix_Weapon_Chance_Stun" duration="-1" max_stacks="100" serialize_on_save="false" >
	<property name="WeaponAffixStunChance" value_add ="0.01"/>
</buff>

<buff id="Affix_Weapon_Immunity_Drain_Per_Second" duration="-1" max_stacks="100" serialize_on_save="false" >
	<property name="WeaponAntizineDrainMul" value_add ="0.01"/>
</buff>

<buff id="Affix_Weapon_Damage_vs_Infected_at_Night" duration="-1" max_stacks="100" serialize_on_save="false" >
	<property name="ZombieNightDamageMulFactor" value_add ="0.01"/>
</buff>

<buff id="Affix_Weapon_Additional_Experience_vs_Infected_at_Night" duration="-1" max_stacks="100" serialize_on_save="false" >
	<property name="WeaponExperienceMulInfectedNight" value_add ="0.01"/>
</buff>

<buff id="Affix_Heal_at_Infected_Slain_at_Night" duration="-1" max_stacks="100" serialize_on_save="false" >
	<property name="WeaponHealAtInfectedSlainNight" value_add ="0.01"/>
</buff>

<buff id="Affix_Weapon_Chance_Critical_Hit_at_Night" duration="-1" max_stacks="100" serialize_on_save="false" >
	<property name="WeaponCriticalHitChanceNight" value_add ="0.01"/>
</buff>

<buff id="Affix_Weapon_Chance_Critical_Hit_Power_Attack_at_Night" duration="-1" max_stacks="100" serialize_on_save="false" >
	<property name="WeaponCriticalHitPowerAttackChanceNight" value_add ="0.01"/>
</buff>

<buff id="Affix_Weapon_Chance_Stun_at_Night" duration="-1" max_stacks="100" serialize_on_save="false" >
	<property name="WeaponAffixStunChanceNight" value_add ="0.01"/>
</buff>

<buff id="Affix_Weapon_Damage_vs_Volatiles" duration="-1" max_stacks="100" serialize_on_save="false" >
	<property name="WeaponDamageVsVolatiles" value_add ="0.01"/>
</buff>

<buff id="Affix_Weapon_Damage_vs_Demolishers" duration="-1" max_stacks="100" serialize_on_save="false" >
	<property name="WeaponDamageVsDemolishers" value_add ="0.01"/>
</buff>

<buff id="Affix_Weapon_Damage_vs_Corruptors" duration="-1" max_stacks="100" serialize_on_save="false" >
	<property name="WeaponDamageVsCorruptors" value_add ="0.01"/>
</buff>

<buff id="Affix_Weapon_Damage_vs_Virals" duration="-1" max_stacks="100" serialize_on_save="false" >
	<property name="WeaponDamageVsVirals" value_add ="0.01"/>
</buff>

<buff id="Affix_Weapon_Damage_vs_Banshees" duration="-1" max_stacks="100" serialize_on_save="false" >
	<property name="WeaponDamageVsBanshees" value_add ="0.01"/>
</buff>

<buff id="Affix_Weapon_Antizine_Drain_On_Player_Hit" duration="-1" max_stacks="100" serialize_on_save="false" >
	<property name="WeaponAntizineDrainOnPlayerHit" value_add ="0.01"/>
</buff>

<buff id="Affix_Weapon_Antizine_Drain_On_Damage_Reviced" duration="-1" max_stacks="100" serialize_on_save="false" >
	<property name="WeaponAntizineDrainOnDamageReviced" value_add ="0.01"/>
</buff>

<!--
<buff id="Affix_MeleeDamageShockMul" duration="-1" max_stacks="100" serialize_on_save="false" >
	<property name="MeleeDamageShockMul" value_add ="0.01"/>
</buff>
 -->

<buff id="Affix_Outfits_CombatProgression" duration="-1" max_stacks="100" serialize_on_save="false">
    <property name="OutfitCombatProgressionMul" value_add ="0.01"/>
</buff>

<buff id="Affix_Outfits_HumanDamageResistance" duration="-1" max_stacks="100" serialize_on_save="false">
    <property name="OutfitHumanDamageResistanceFactor" value_add ="0.01"/>
</buff>

<!-- ---------------------------------------------------------------------------- -->
<!-- ------------------------ Weapon Affixes END -------------------------------- -->
<!-- ---------------------------------------------------------------------------- -->

<!-- this triggers hud response -->
<buff id="MultikillHud" max_stacks="1" duration="5">
</buff>

<!-- this is added when you kill a zombie, reaching max stack will trigger the reward! -->
<buff id="MultikillTimer" max_stacks="10" duration="2" apply_behaviour="ResetDuration">
	<OnMaxStack>
		<AddExp value="100" />
		<ApplyBuff id="MultikillHud" />
		<RemoveBuff id="MultikillTimer" />
	</OnMaxStack>
</buff>

<!-- injector buffs -->
<buff id="Invurnerability" duration="60">
	<varlist_timeline var="f_game_player_injection_0">
		<!-- t_e means time from end, t means time from beginning -->
		<key t="0" val="0"/>
		<key t="0.5" val="0.7"/>
		<key t_e="-3.5" val="0.7"/>
		<key t_e="-3" val="0.3"/>
		<key t_e="-2.5" val="0.7"/>
		<key t_e="-2" val="0.3"/>
		<key t_e="-1.5" val="0.7"/>
		<key t_e="-1" val="0.3"/>
		<key t_e="-0.5" val="0.7"/>
		<key t_e="0" val="0"/>
	</varlist_timeline>
	<!--<sound t="0" file="inv.ogg"/>
	<sound t="22" file="inv_ending.ogg"/>
	<sound t="25" file="inv_ended.ogg"/>-->
</buff>

<buff id="ZombieInvisibility" duration="60">
	<varlist_timeline var="f_game_player_injection_3">
		<key t="0" val="0"/>
		<key t="0.5" val="0.7"/>
		<key t_e="-3.5" val="0.7"/>
		<key t_e="-3" val="0.3"/>
		<key t_e="-2.5" val="0.7"/>
		<key t_e="-2" val="0.3"/>
		<key t_e="-1.5" val="0.7"/>
		<key t_e="-1" val="0.3"/>
		<key t_e="-0.5" val="0.7"/>
		<key t_e="0" val="0"/>
	</varlist_timeline>
</buff>

<buff id="Painkillers" duration="25">
	<property name="MaxHealth" value_add="120"/>
	<!--property name="HealthRegeneration" value_add="5"/-->
	<varlist_timeline var="f_game_player_injection_1">
		<key t="0" val="0"/>
		<key t="0.5" val="0.7"/>
		<key t_e="-3.5" val="0.7"/>
		<key t_e="-3" val="0.3"/>
		<key t_e="-2.5" val="0.7"/>
		<key t_e="-2" val="0.3"/>
		<key t_e="-1.5" val="0.7"/>
		<key t_e="-1" val="0.3"/>
		<key t_e="-0.5" val="0.7"/> 
		<key t_e="0" val="0"/>
	</varlist_timeline>
</buff>

<buff id="Drunk" duration="20" serialize_on_save="false">
	<OnGain>
		<AddDrunk value="0.33"/>
	</OnGain>
	<!--<property name="MeeleDRPercent" value_add="0.2"/>
	<property name="RangedDRPercent" value_add="0.2"/>
	<property name="EnviromentalDRPercent" value_add="0.2"/>-->
	<!-- this is BULLSHIT because Drunk postprocess is made from code not from here -->
	<!--<varlist_timeline var="f_blur_motion">
		<key t="0" val="0"/>
		<key t="0.4" val="0.05"/>	
		<key t_e="-0.2" val="0.05"/>	
		<key t_e="0" val="0"/>
	</varlist_timeline>-->
	
	<!--<varlist_timeline var="f_overlay_13_weight">
		<key t="0" val="0"/>
		<key t="0.2" val="0"/>	
		<key t="0.4" val="0.2"/>
		<key t_e="-0.2" val="0.2"/>	
		<key t_e="0" val="0"/>
	</varlist_timeline>-->
	
	<!--<varlist_timeline var="f_curves_13_weight">
		<key t="0" val="0"/>
		<key t="0.2" val="0.2"/>	
		<key t_e="-0.2" val="0.2"/>	
		<key t_e="0" val="0"/>
	</varlist_timeline>-->
</buff>

<buff id="Strength" duration="90">
	<!-- +100% dmg, +100% force-->
	<varlist_timeline var="f_game_player_injection_2">
		<key t="0" val="0"/>
		<key t="0.5" val="0.7"/>
		<key t_e="-3.5" val="0.7"/>
		<key t_e="-3" val="0.3"/>
		<key t_e="-2.5" val="0.7"/>
		<key t_e="-2" val="0.3"/>
		<key t_e="-1.5" val="0.7"/>
		<key t_e="-1" val="0.3"/>
		<key t_e="-0.5" val="0.7"/>
		<key t_e="0" val="0"/>
	</varlist_timeline>
</buff>

<buff id="Refreshment" duration="3840" max_stacks="3" apply_behaviour="ResetDuration" serialize_on_save="true">
    <OnGain>
        <AddHealth value="RefreshmentOnGain"/>
    </OnGain>
    <hud_icon val="water_reward_icon"/>
    <property name="StaminaRegeneration" value_mul="-0.1"/>
    <property name="StaminaUsageReduction" value_add="0.1"/>
    <property name="HealthRegenerationEnabled" set="true"/>
    <property name="StaminaRegenerationRelativeEnabled" set="true"/>
    <property name="StaminaRegenerationRelativeForAllWeapons" set="true"/>
    <property name="MaxAutoRegenHealthPercent" value_add="5"/>
    <property name="MaxStaminaMinRegenerationTime" value_add="-0.5"/>
    <property name="MaxStaminaMaxRegenerationTime" value_add="-2.0"/>
    <property name="MaxStaminaTimeToRegenerate" value_add="-4.0"/>
    <property name="StaminaTimeToRegenerateOnEmpty" value_add="-1.0"/>
    <property name="StaminaTimeToRegenerateOnEmptyAfterParokur" value_add="-1.0"/>
    <property name="StaminaTimeToRegenerate" value_add="-1.0"/>
    <property name="StaminaTimeToRegenerateAfterParkour" value_add="-1.0"/>
    <OnStack>
        <AddHealth value="RefreshmentOnStack"/>
    </OnStack>
</buff>

<buff id="Revive_Heal" duration="0">
    <OnGain>
        <AddHealth value="Revive_Heal"/>
    </OnGain>
</buff>

<buff id="Revive_Invisibility" duration="10" serialize_on_save="false">
    <property name="PostReviveInvisibility" set="true"/>
</buff>

<buff id="Medkit_Small_Old" duration="0">
    <OnGain>
        <AddHealth value="Medkit_Small"/>
    </OnGain>
</buff>

<buff id="Medkit_Small" duration="0">
    <OnGain>
        <AddHealth value="MedKitNormal"/>
    </OnGain>
</buff>

<buff id="Medkit_Small_Upgrade1" duration="0">
    <OnGain>
        <AddHealth value="MedKitNormal_Upgrade1"/>
    </OnGain>
</buff>

<buff id="Medkit_Small_Upgrade2" duration="0">
    <OnGain>
        <AddHealth value="MedKitNormal_Upgrade2"/>
    </OnGain>
</buff>

<buff id="Medkit_Small_Upgrade3" duration="0">
    <OnGain>
        <AddHealth value="MedKitNormal_Upgrade3"/>
    </OnGain>
</buff>

<buff id="Medkit_Small_Upgrade4" duration="0">
    <OnGain>
        <AddHealth value="MedKitNormal_Upgrade4"/>
    </OnGain>
</buff>

<buff id="Medkit_Small_Upgrade5" duration="0">
    <OnGain>
        <AddHealth value="MedKitNormal_Upgrade5"/>
    </OnGain>
</buff>

<buff id="Medkit_Small_Upgrade6" duration="0">
    <OnGain>
        <AddHealth value="MedKitNormal_Upgrade6"/>
    </OnGain>
</buff>

<buff id="Medkit_Small_Upgrade7" duration="0">
    <OnGain>
        <AddHealth value="MedKitNormal_Upgrade7"/>
    </OnGain>
</buff>

<buff id="Medkit_Small_Upgrade8" duration="0">
    <OnGain>
        <AddHealth value="MedKitNormal_Upgrade8"/>
    </OnGain>
</buff>

<buff id="Medkit_Large" duration="0">
    <OnGain>
        <AddHealth value="MedKitStrong"/>
    </OnGain>
</buff>

<buff id="MedkitInstant" duration="0">
    <OnGain>
        <AddHealth value="MedkitInstant"/>
    </OnGain>
</buff>

<buff id="MedkitRegen" max_stacks="1" duration="10" apply_behaviour="ResetDuration">
    <property name="HealthPerSecond" value="MedkitRegen"/>
    <hud_icon val="equipment_medkit_a"/>
</buff>

<buff id="MedkitStaminaRegenBoost" duration="10" apply_behaviour="ResetDuration">
    <property name="StaminaRegeneration" value_mul="-0.75"/>
    <hud_icon val="potion_timer_stamina"/>
</buff>

<buff id="MedKitWeak" duration="0">
    <OnGain>
        <AddHealth value="MedKitWeak"/>
    </OnGain>
</buff>

<buff id="MedKitNormal" duration="0">
    <OnGain>
        <AddHealth value="MedKitNormal"/>
    </OnGain>
</buff>

<buff id="MedKitStrong" duration="0">
    <OnGain>
        <AddHealth value="MedKitStrong"/>
    </OnGain>
</buff>

<buff id="MedKitStrongHard" duration="20">
    <property name="HealthRegenerationDelay" value_add="-20.0"/>
	<property name="HealthRegenerationMaxLevel" value_add="-1000.0"/>
    <hud_icon val="equipment_medkit_a"/>
</buff>

<buff id="InstantHeal_Small" duration="120" apply_behaviour="ResetDuration" serialize_on_save="true">
    <hud_icon val="valuables_canned_food"/>
    <property name="StaminaRegeneration" value_mul="-0.01"/>
    <property name="StaminaUsageReduction" value_add="0.01"/>
    <property name="HealthRegenerationEnabled" set="true"/>
    <property name="StaminaRegenerationRelativeEnabled" set="true"/>
    <property name="StaminaRegenerationRelativeForAllWeapons" set="true"/>
    <property name="MaxAutoRegenHealthPercent" value_add="1"/>
    <property name="MaxStaminaMinRegenerationTime" value_add="-0.5"/>
    <property name="MaxStaminaMaxRegenerationTime" value_add="-1.5"/>
    <property name="MaxStaminaTimeToRegenerate" value_add="-1.0"/>
    <property name="StaminaTimeToRegenerateOnEmpty" value_add="-1.0"/>
    <property name="StaminaTimeToRegenerateOnEmptyAfterParokur" value_add="-1.0"/>
    <property name="StaminaTimeToRegenerate" value_add="-1.0"/>
    <property name="StaminaTimeToRegenerateAfterParkour" value_add="-1.0"/>
    <OnGain>
        <AddHealth value="InstantHeal_Small"/>
    </OnGain>
</buff>

<buff id="InstantHeal_Medium" duration="480" apply_behaviour="ResetDuration" serialize_on_save="true">
    <hud_icon val="valuables_canned_food"/>
    <property name="StaminaRegeneration" value_mul="-0.01"/>
    <property name="StaminaUsageReduction" value_add="0.01"/>
    <property name="HealthRegenerationEnabled" set="true"/>
    <property name="StaminaRegenerationRelativeEnabled" set="true"/>
    <property name="StaminaRegenerationRelativeForAllWeapons" set="true"/>
    <property name="MaxAutoRegenHealthPercent" value_add="2"/>
    <property name="MaxStaminaMinRegenerationTime" value_add="-1.0"/>
    <property name="MaxStaminaMaxRegenerationTime" value_add="-2.0"/>
    <property name="MaxStaminaTimeToRegenerate" value_add="-2.0"/>
    <property name="StaminaTimeToRegenerateOnEmpty" value_add="-2.0"/>
    <property name="StaminaTimeToRegenerateOnEmptyAfterParokur" value_add="-2.0"/>
    <property name="StaminaTimeToRegenerate" value_add="-2.0"/>
    <property name="StaminaTimeToRegenerateAfterParkour" value_add="-2.0"/>
    <OnGain>
        <AddHealth value="InstantHeal_Medium"/>
    </OnGain>
</buff>

<buff id="InstantHeal_Big" duration="960" apply_behaviour="ResetDuration" serialize_on_save="true">
    <hud_icon val="valuables_canned_food"/>
    <property name="StaminaRegeneration" value_mul="-0.01"/>
    <property name="StaminaUsageReduction" value_add="0.01"/>
    <property name="HealthRegenerationEnabled" set="true"/>
    <property name="StaminaRegenerationRelativeEnabled" set="true"/>
    <property name="StaminaRegenerationRelativeForAllWeapons" set="true"/>
    <property name="MaxAutoRegenHealthPercent" value_add="10"/>
    <property name="MaxStaminaMinRegenerationTime" value_add="-3.0"/>
    <property name="MaxStaminaMaxRegenerationTime" value_add="-4.0"/>
    <property name="MaxStaminaTimeToRegenerate" value_add="-3.0"/>
    <property name="StaminaTimeToRegenerateOnEmpty" value_add="-5.0"/>
    <property name="StaminaTimeToRegenerateOnEmptyAfterParokur" value_add="-5.0"/>
    <property name="StaminaTimeToRegenerate" value_add="-5.0"/>
    <property name="StaminaTimeToRegenerateAfterParkour" value_add="-5.0"/>
    <OnGain>
        <AddHealth value="InstantHeal_Big"/>
    </OnGain>
</buff>


<buff id="FoodSmall" duration="0">
    <OnGain>
        <AddHealth value="FoodSmall"/>
    </OnGain>
</buff>

<buff id="FoodNormal" duration="0">
    <OnGain>
        <AddHealth value="FoodNormal"/>
    </OnGain>
</buff>

<buff id="FoodLarge" duration="0">
    <OnGain>
        <AddHealth value="FoodLarge"/>
    </OnGain>
</buff>

<buff id="StaminaBoosterNormal" duration="0">
    <OnGain>
        <AddStaminaPercent value="1.0"/>
		<AddStaminaDropResistance value="10"/>
    </OnGain>
</buff>

<buff id="JumpAttackStaminaBoostLevel1" duration="5" max_stacks="1" apply_behaviour="ResetDuration">
	<property name="StaminaUsageReduction" value_add="0.33"/>
</buff>
<buff id="JumpAttackStaminaBoostLevel2" duration="5" max_stacks="1" apply_behaviour="ResetDuration">
	<property name="StaminaUsageReduction" value_add="0.66"/>
</buff>
<buff id="JumpAttackStaminaBoostLevel3" duration="5" max_stacks="1" apply_behaviour="ResetDuration">
	<property name="StaminaUsageReduction" value_add="1.0"/>
</buff>

<buff id="JumpAttackCritChanceBoostLevel1" duration="5" max_stacks="1" apply_behaviour="ResetDuration">
	
</buff>
<buff id="JumpAttackCritChanceBoostLevel2" duration="5" max_stacks="1" apply_behaviour="ResetDuration">
	
</buff>
<buff id="JumpAttackCritChanceBoostLevel3" duration="5" max_stacks="1" apply_behaviour="ResetDuration">
	
</buff>

<buff id="DodgeDamageBoostLevel1" duration="5" max_stacks="1" apply_behaviour="ResetDuration">
</buff>
<buff id="DodgeDamageBoostLevel2" duration="5" max_stacks="1" apply_behaviour="ResetDuration">
</buff>
<buff id="DodgeDamageBoostLevel3" duration="5" max_stacks="1" apply_behaviour="ResetDuration">
</buff>

<buff id="DodgeCritChanceBoostLevel1" duration="5" max_stacks="1" apply_behaviour="ResetDuration">
	
</buff>
<buff id="DodgeCritChanceBoostLevel2" duration="5" max_stacks="1" apply_behaviour="ResetDuration">
	
</buff>
<buff id="DodgeCritChanceBoostLevel3" duration="5" max_stacks="1" apply_behaviour="ResetDuration">
	
</buff>

<buff id="SlideStaminaBoostLevel1" duration="5" max_stacks="1" apply_behaviour="ResetDuration">
	<property name="StaminaUsageReduction" value_add="0.1"/>
</buff>
<buff id="SlideStaminaBoostLevel2" duration="5" max_stacks="1" apply_behaviour="ResetDuration">
	<property name="StaminaUsageReduction" value_add="0.25"/>
</buff>
<buff id="SlideStaminaBoostLevel3" duration="5" max_stacks="1" apply_behaviour="ResetDuration">
	<property name="StaminaUsageReduction" value_add="0.5"/>
</buff>

<buff id="SlideDamageBoostLevel1" duration="5" max_stacks="1" apply_behaviour="ResetDuration">
</buff>
<buff id="SlideDamageBoostLevel2" duration="5" max_stacks="1" apply_behaviour="ResetDuration">
</buff>
<buff id="SlideDamageBoostLevel3" duration="5" max_stacks="1" apply_behaviour="ResetDuration">
</buff>

<buff id="SlideCritChanceBoostLevel1" duration="5" max_stacks="1" apply_behaviour="ResetDuration">
	
</buff>
<buff id="SlideCritChanceBoostLevel2" duration="5" max_stacks="1" apply_behaviour="ResetDuration">
	
</buff>
<buff id="SlideCritChanceBoostLevel3" duration="5" max_stacks="1" apply_behaviour="ResetDuration">
	
</buff>

<buff id="JumpOverZombieStaminaBoostLevel1" duration="5" max_stacks="1" apply_behaviour="ResetDuration">
	<property name="StaminaUsageReduction" value_add="0.1"/>
</buff>
<buff id="JumpOverZombieStaminaBoostLevel2" duration="5" max_stacks="1" apply_behaviour="ResetDuration">
	<property name="StaminaUsageReduction" value_add="0.25"/>
</buff>
<buff id="JumpOverZombieStaminaBoostLevel3" duration="5" max_stacks="1" apply_behaviour="ResetDuration">
	<property name="StaminaUsageReduction" value_add="0.5"/>
</buff>

<buff id="JumpOverZombieDamageBoostLevel1" duration="5" max_stacks="1" apply_behaviour="ResetDuration">
</buff>
<buff id="JumpOverZombieDamageBoostLevel2" duration="5" max_stacks="1" apply_behaviour="ResetDuration">
</buff>
<buff id="JumpOverZombieDamageBoostLevel3" duration="5" max_stacks="1" apply_behaviour="ResetDuration">
</buff>

<buff id="JumpOverZombieCritChanceBoostLevel1" duration="5" max_stacks="1" apply_behaviour="ResetDuration">
	
</buff>
<buff id="JumpOverZombieCritChanceBoostLevel2" duration="5" max_stacks="1" apply_behaviour="ResetDuration">
	
</buff>
<buff id="JumpOverZombieCritChanceBoostLevel3" duration="5" max_stacks="1" apply_behaviour="ResetDuration">
	
</buff>

<buff id="GrapplingHookStaminaBoostLevel1" duration="8" max_stacks="1" apply_behaviour="ResetDuration">
	<property name="StaminaUsageReduction" value_add="0.1"/>
</buff>
<buff id="GrapplingHookStaminaBoostLevel2" duration="8" max_stacks="1" apply_behaviour="ResetDuration">
	<property name="StaminaUsageReduction" value_add="0.25"/>
</buff>
<buff id="GrapplingHookStaminaBoostLevel3" duration="8" max_stacks="1" apply_behaviour="ResetDuration">
	<property name="StaminaUsageReduction" value_add="0.5"/>
</buff>

<buff id="DoubleDamageLvl1" duration="50">	
    <hud_icon val="potion_timer_damage"/>
</buff>
<buff id="DoubleDamageLvl2" duration="75">	
    <hud_icon val="potion_timer_damage"/>
</buff>
<buff id="DoubleDamage" duration="0">	
    <OnGain>
		<ApplyBuff id="DoubleDamageLvl1" />
    </OnGain>
    <OnGain>
        <require>
			<SkillReq id="BoostsExtender"/>			
		</require>
        <RemoveBuff id="DoubleDamageLvl1" />
        <ApplyBuff id="DoubleDamageLvl2" />
	</OnGain>
</buff>

<buff_group>
<buff id="NightVisionLv1" duration="15" max_stacks="1" >	
	<varlist_timeline var="f_game_zombie_vision">
		<key t="0" val="0"/>
		<key t="0.8" val="0"/>
		<key t="0.9" val="10"/>
		<key t="1" val="1"/>
		<key t="2" val="0.8"/>
		<key t="14" val="0.8"/>
		<key t="15" val="0"/>
	</varlist_timeline>
    <hud_icon val="buff_immunity"/>
</buff>
<buff id="NightVisionLv2" duration="20" max_stacks="1" >	
	<varlist_timeline var="f_game_zombie_vision">
		<key t="0" val="0"/>
		<key t="0.8" val="0"/>
		<key t="0.9" val="10"/>
		<key t="1" val="1"/>
		<key t="2" val="0.8"/>
		<key t="19" val="0.8"/>
		<key t="20" val="0"/>
	</varlist_timeline>
    <hud_icon val="buff_immunity"/>
</buff>
<buff id="NightVisionLv3" duration="25" max_stacks="1" >	
	<varlist_timeline var="f_game_zombie_vision">
		<key t="0" val="0"/>
		<key t="0.8" val="0"/>
		<key t="0.9" val="10"/>
		<key t="1" val="1"/>
		<key t="2" val="0.8"/>
		<key t="24" val="0.8"/>
		<key t="25" val="0"/>
	</varlist_timeline>
    <hud_icon val="buff_immunity"/>
</buff>
<buff id="NightVisionLv4" duration="30" max_stacks="1" >	
	<varlist_timeline var="f_game_zombie_vision">
		<key t="0" val="0"/>
		<key t="0.8" val="0"/>
		<key t="0.9" val="10"/>
		<key t="1" val="1"/>
		<key t="2" val="0.85"/>
		<key t="29" val="0.85"/>
		<key t="30" val="0"/>
	</varlist_timeline>
    <hud_icon val="buff_immunity"/>
</buff>
<buff id="NightVisionLv5" duration="35" max_stacks="1" >	
	<varlist_timeline var="f_game_zombie_vision">
		<key t="0" val="0"/>
		<key t="0.8" val="0"/>
		<key t="0.9" val="10"/>
		<key t="1" val="1"/>
		<key t="2" val="0.85"/>
		<key t="34" val="0.85"/>
		<key t="35" val="0"/>
	</varlist_timeline>
    <hud_icon val="buff_immunity"/>
</buff>
<buff id="NightVisionLv6" duration="40" max_stacks="1" >	
	<varlist_timeline var="f_game_zombie_vision">
		<key t="0" val="0"/>
		<key t="0.8" val="0"/>
		<key t="0.9" val="10"/>
		<key t="1" val="1"/>
		<key t="2" val="0.85"/>
		<key t="39" val="0.85"/>
		<key t="40" val="0"/>
	</varlist_timeline>
    <hud_icon val="buff_immunity"/>
</buff>
<buff id="NightVisionLv7" duration="45" max_stacks="1" >	
	<varlist_timeline var="f_game_zombie_vision">
		<key t="0" val="0"/>
		<key t="0.8" val="0"/>
		<key t="0.9" val="10"/>
		<key t="1" val="1"/>
		<key t="2" val="0.9"/>
		<key t="44" val="0.9"/>
		<key t="45" val="0"/>
	</varlist_timeline>
    <hud_icon val="buff_immunity"/>
</buff>
<buff id="NightVisionLv8" duration="50" max_stacks="1" >	
	<varlist_timeline var="f_game_zombie_vision">
		<key t="0" val="0"/>
		<key t="0.8" val="0"/>
		<key t="0.9" val="10"/>
		<key t="1" val="1"/>
		<key t="2" val="0.9"/>
		<key t="49" val="0.9"/>
		<key t="50" val="0"/>
	</varlist_timeline>
    <hud_icon val="buff_immunity"/>
</buff>
<buff id="NightVisionLv9" duration="60" max_stacks="1" >	
	<varlist_timeline var="f_game_zombie_vision">
		<key t="0" val="0"/>
		<key t="0.8" val="0"/>
		<key t="0.9" val="10"/>
		<key t="1" val="1"/>
		<key t="2" val="0.92"/>
		<key t="59" val="0.92"/>
		<key t="60" val="0"/>
	</varlist_timeline>
    <hud_icon val="buff_immunity"/>
</buff>
</buff_group>

<buff id="NightVisionAndNightDamageBoostLvl1" duration="45" max_stacks="1" >	
	<varlist_timeline var="f_game_player_night_vision">
		<key t="0" val="0"/>
		<key t="1" val="1"/>
		<key t_e="-2.5" val="1"/>		
		<key t_e="0" val="0"/>
	</varlist_timeline>
    <hud_icon val="potion_timer_nightvision"/>
</buff>
<buff id="NightVisionAndNightDamageBoostLvl2" duration="90" max_stacks="1" >	
	<varlist_timeline var="f_game_player_night_vision">
		<key t="0" val="0"/>
		<key t="1" val="1"/>
		<key t_e="-2.5" val="1"/>		
		<key t_e="0" val="0"/>
	</varlist_timeline>
    <hud_icon val="potion_timer_nightvision"/>
</buff>
<buff id="NightVisionAndNightDamageBoost" duration="0" max_stacks="1" >	
    <OnGain>
		<ApplyBuff id="NightVisionAndNightDamageBoostLvl1" />
    </OnGain>
    <OnGain>
        <require>
			<SkillReq id="BoostsExtender"/>			
		</require>
        <RemoveBuff id="NightVisionAndNightDamageBoostLvl1" />
        <ApplyBuff id="NightVisionAndNightDamageBoostLvl2" />
	</OnGain>
</buff>

<buff id="InfiniteStaminaLvl1" duration="45">	
	<property name="StaminaTimeToRegenerate" value_add="-20.0"/>
	<property name="StaminaRegeneration" value_add="100.0"/>	
	<OnGain>
		<AddStamina value="4.0"/>		
	</OnGain>
    <hud_icon val="potion_timer_stamina"/>
</buff>
<buff id="InfiniteStaminaLvl2" duration="90">	
	<property name="StaminaTimeToRegenerate" value_add="-20.0"/>
	<property name="StaminaRegeneration" value_add="100.0"/>	
	<OnGain>
		<AddStamina value="4.0"/>		
	</OnGain>
    <hud_icon val="potion_timer_stamina"/>
</buff>

<buff id="PureAnitizinIfInfected" duration="10" apply_behaviour="ResetDuration">
	<property name="InfectionPercentageChangePerSecond" value_add="-0.1"/>    
</buff>

<buff id="PureAnitizinIfClear" duration="10" apply_behaviour="ResetDuration">	
    <property name="AntizinPercentageChangePerSecond" value_add="0.1"/>
</buff>

<buff id="PureAnitizinInjected" duration="0">
	<OnGain>
        <ApplyBuff id="PureAnitizinIfInfected" />
        <ApplyBuff id="PureAnitizinIfClear" />
	</OnGain>    
</buff>

<buff id="InfiniteStamina" duration="0">	
	<OnGain>
		<ApplyBuff id="InfiniteStaminaLvl1" />
    </OnGain>
    <OnGain>
        <require>
			<SkillReq id="BoostsExtender"/>			
		</require>
        <RemoveBuff id="InfiniteStaminaLvl1" />
        <ApplyBuff id="InfiniteStaminaLvl2" />
	</OnGain>
</buff>

<buff id="Mixture_WQ_Invert" duration="30">
	<OnGain>
		<AddControlsInvert value="30.0"/>
	</OnGain>
</buff>

<buff id="Mixture_WQ_SloMo" duration="30">
	<OnGain>
		<AddMovementSlowDown value="30.0"/>
	</OnGain>
</buff>

<buff id="Mixture_WQ_Rot" duration="30">
	<OnGain>
		<AddCameraRotate value="30.0"/>
	</OnGain>
</buff>

<buff id="Cloak" duration="30">
	<OnGain>
		<AddCloakIgnoreAggression value="30.0"/>
	</OnGain>
</buff>

<buff id="OnRespawnBuffs" duration="5" max_stacks="1" apply_behaviour="ResetDuration">
	<!--<property name="DamageReduction" value_add="1.0"/> this is commented out as  DamageReduction is a string if You wan't it to work change it to vector of strings for now turned off-->
</buff>

<buff id="AntizinSmallRegen" duration="5">    
    <property name="AntizinChangePerSecond" value_add="0.1"/>
</buff>

<!-- extend max antizin for 2 min-->
<buff id="AntizinBoost" duration="120" max_stacks="1" apply_behaviour="ResetDuration">
	<property name="PlayersAntizinCapacity" value_add="1.0"/>
    <hud_icon val="skill_icon_potions"/>
    <OnGain>
        <ApplyBuff id="AntizinSmallRegen" /> <!-- also add small regen -->
    </OnGain>
</buff>

<buff id="AntzinDrainBlocker" max_stacks="1" duration="60" apply_behaviour="ResetDuration">
    <property name="AntizinDrainBlocked" set="true" />
    <hud_icon val="skill_icon_potions"/>
</buff>

<!-- consumable uv shroom buff-->

<buff id="UVShroom" duration="0">
    <hud_icon val="equipment_medkit_a"/>
    <OnGain>
        <AddAntizine value="0.105"/>
    </OnGain>
</buff>

<!-- end consumable uv shroom buff-->


<buff id="Booster_HpBarBuff" duration="60" max_stacks="1" apply_behaviour="ResetDuration">
	<!-- <property name="MaxHealth" value_mul="0.5"/>-->
    <property name="MaxHealth" value="Item_MaxHealthBuff"/>
    <hud_icon val="skill_icon_potions"/>
	<OnGain>
        <AddHealth value="HpBarBuff"/>
    </OnGain>
</buff>

<buff id="Booster_HpBarAdd" duration="3" max_stacks="1" apply_behaviour="ResetDuration">
    <property name="HealthPerSecond" value="DefaultRegen"/>
</buff>

<buff id="Booster_StaminaBarBuff" duration="60" max_stacks="1" apply_behaviour="ResetDuration">
	<property name="MaxStamina" value_mul="0.5"/>
    <property name="StaminaRegeneration" value_mul="-0.5"/>
    <hud_icon val="momentum"/>
</buff>

<buff id="Booster_DmgBuff" duration="180" max_stacks="1" apply_behaviour="ResetDuration">>
	<!--<property name="StrengthDamageMul" value_mul="0.5"/>-->
    <property name="StrengthDamageMul" value="Item_StrengthBooster"/>
    <property name="MeleeDamageMul" value="Item_StrengthBooster"/>
    <hud_icon val="equipment_inhaler"/>
</buff>

<buff id="Booster_Camouflage" duration="20" max_stacks="1" apply_behaviour="ResetDuration">>
	<property name="CamouflageFactor" value_add="0.5"/>
    <hud_icon val="Item_Bolter_Gland"/>
</buff>

<buff id="Hunter_Buff_Expired" duration="10" max_stacks="1" apply_behaviour="ResetDuration">>
	<property name="DrunkEffect" set="true"/>
	<property name="DrunkEffectPPFXPower" value_add="1.0"/>
	<property name="DrunkEffectInputLagTime" value_add="1.0"/>
	<property name="DrunkEffectMoveRollAngle" value_add="10.0"/>
	<property name="DrunkEffectMoveRollAngleTime" value_add="1.0"/>
	
    <hud_icon val="equipment_inhaler"/>
</buff>
<buff id="Hunter_Buff" duration="10" max_stacks="1" apply_behaviour="ResetDuration">>
	<property name="MoveBackwardMaxSpeed" value_add="2.2"/>
	<property name="MoveForwardMaxSpeed" value_add="2.2"/>
	<property name="MoveStrafeMaxSpeed" value_add="2.2"/>
	<property name="MoveSprintSpeed" value_add="2.2"/>
	<property name="NormalHoldJumpTime" value_add="0.7"/>
	<property name="HarmfulHeight" value_add="0.8"/>
    <property name="LethalHeight" value_add="0.8"/>
	
    <hud_icon val="equipment_inhaler"/>
</buff>

<buff id="Infection_Stage1_MovementSpeed" duration="30" max_stacks="22" apply_behaviour="ResetDuration">
	<property name="MoveBackwardMaxSpeed" value_add="0.1"/>
	<property name="MoveForwardMaxSpeed" value_add="0.1"/>
	<property name="MoveStrafeMaxSpeed" value_add="0.1"/>
	<property name="MoveSprintSpeed" value_add="0.1"/>
	<hud_icon val="momentum"/>
</buff>

<buff id="Infection_Stage1_Vision" duration="30" max_stacks="1" apply_behaviour="ResetDuration">
	<varlist_timeline var="f_game_zombie_vision">
		<key t="0" val="0"/>
		<key t="24" val="1"/>
		<key t="29.8" val="5"/>
		<key t="30" val="0"/>
	</varlist_timeline>
	<hud_icon val="equipment_inhaler"/>
</buff>

<buff id="Infection_Stage2_Landing" duration="30" max_stacks="20" apply_behaviour="ResetDuration">
	<property name="HarmfulHeight" value_add="0.5"/>
    <property name="LethalHeight" value_add="0.5"/>
    <hud_icon val="skill_icon_potions"/>
</buff>

<buff id="Infection_Stage4_Invis" duration="30" max_stacks="1" apply_behaviour="ResetDuration">>
	<property name="CamouflageFactor" value_add="10"/>
    <hud_icon val="camouflage"/>
</buff>

<buff id="Infection_Stage4_Jump" duration="30" max_stacks="20" apply_behaviour="ResetDuration">
	<property name="NormalHoldJumpTime" value_add="0.1"/>
	<hud_icon val="camouflage"/>
</buff>

<buff id="HealerBuff" duration="0" max_stacks="25">
    <OnGain>
        <AddHealth value="HealerOnGain"/>
    </OnGain>
    <OnStack>
        <AddHealth value="HealerOnStack"/>
    </OnStack>
</buff>

<buff id="DPSBuff" duration="1" max_stacks="3">
    <property name="MeleeDamageMul" value="DPSCoop"/>
</buff>

<buff id="DamageResistanceCoopBuff" duration="1" max_stacks="3">
    <property name="DamageReduction" value="DmgResCoop"/>	
</buff>

<buff id="ReviveNpcCooldownPlus1" duration="600" max_stacks="1">
    <property name="CanBeRevivedByNPC" value="false"/>	
</buff>

<buff id="ReviveNpcCooldownPlus2" duration="300" max_stacks="1">
    <property name="CanBeRevivedByNPC" value="false"/>	
</buff>

<buff id="ReviveNpcCooldownPlus3" duration="200" max_stacks="1">
    <property name="CanBeRevivedByNPC" value="false"/>	
</buff>

<buff id="StaminaRegain" duration="0">
    <OnGain>
        <AddStaminaPercent value="1000.0"/>
    </OnGain>
</buff>

<!-- ---------------------------------------------------------------------------- -->
<!-- -------------------------       EVENTS        ------------------------------ -->
<!-- ---------------------------------------------------------------------------- -->
<buff_group>
<buff id="Halloween_1" duration="15" max_stacks="1" apply_behaviour="ResetDuration" serialize_on_save="false">
	
	<property name="BlockInjectorsUsage" set="true"/>
	<property name="CameraDefaultFOV" value_add ="20.0"/>
	<varlist_timeline var="f_game_decision">
		<key t="0" val="0"/>
		<key t="1" val="1"/>
		<key t="2" val="1"/>
		<key t="14" val="1"/>
		<key t="15" val="0"/>
	</varlist_timeline>
	
	<property name="ZipLineMinSpeed" value_add ="10.0"/>
	<property name="ZipLineMaxSpeed" value_add ="20.0"/>
	
    <hud_icon val="buff_pumpkin"/>
	<OnGain>
		<RemoveBuff id="NightVisionLv1" />
		<RemoveBuff id="NightVisionLv2" />
		<RemoveBuff id="NightVisionLv3" />
		<RemoveBuff id="NightVisionLv4" />
		<RemoveBuff id="NightVisionLv5" />
		<RemoveBuff id="NightVisionLv6" />
		<RemoveBuff id="NightVisionLv7" />
		<RemoveBuff id="NightVisionLv8" />
		<RemoveBuff id="NightVisionLv9" />
		<RemoveCloak/>
	</OnGain>
</buff>

<buff id="Halloween_2" duration="15" max_stacks="1" apply_behaviour="ResetDuration" serialize_on_save="false">
	
	<property name="BlockInjectorsUsage" set="true"/>
	<property name="CameraDefaultFOV" value_add ="20.0"/>
	<varlist_timeline var="f_game_decision">
		<key t="0" val="0"/>
		<key t="1" val="1"/>
		<key t="2" val="1"/>
		<key t="14" val="1"/>
		<key t="15" val="0"/>
	</varlist_timeline>
	<property name="FallDamageResistance" value_add="999999999"/> 
	<property name="LethalHeight" value_add="999999999"/> 
	<property name="HarmfulHeight" value_add="999999999"/> 
	<property name="NormalJumpHeight" value_add="5"/>
	
	<property name="GlideStaminaCost" value_mul ="1000.0"/>
	<property name="HoverGliderStaminaCost" value_mul ="1000.0"/>
	<property name="MoveBackwardMaxSpeed" value_mul ="0.0"/>
	<property name="MoveStrafeMaxSpeed" value_mul ="0.0"/>
	<property name="MoveForwardMaxSpeed" value_mul ="0.0"/>
	<property name="MoveSprintSpeed" value_mul ="0.0"/>
	<property name="MoveDeceleration" value_mul ="1000.0"/>
	<property name="ParachuteWindUpRegainsStamina" value_mul="0"/>
	<property name="ParachuteWindSideRegainsStamina" set="false"/>
	<property name="MaxStamina" value_mul="0"/>
	<property name="ParkourStaminaHangCostPerSecond" value_mul="1000"/>
	<property name="ParkourStaminaHangNotMovingFactor" value_mul="1000"/>
	
    <hud_icon val="buff_pumpkin"/>
	<OnGain>
		<RemoveBuff id="NightVisionLv1" />
		<RemoveBuff id="NightVisionLv2" />
		<RemoveBuff id="NightVisionLv3" />
		<RemoveBuff id="NightVisionLv4" />
		<RemoveBuff id="NightVisionLv5" />
		<RemoveBuff id="NightVisionLv6" />
		<RemoveBuff id="NightVisionLv7" />
		<RemoveBuff id="NightVisionLv8" />
		<RemoveBuff id="NightVisionLv9" />
		<RemoveCloak/>
	</OnGain>
</buff>

<buff id="Halloween_3" duration="15" max_stacks="1" apply_behaviour="ResetDuration" serialize_on_save="false">
	
	<property name="BlockInjectorsUsage" set="true"/>
	<property name="CameraDefaultFOV" value_add ="-20.0"/>
	<varlist_timeline var="f_game_decision">
		<key t="0" val="0"/>
		<key t="1" val="1"/>
		<key t="2" val="1"/>
		<key t="14" val="1"/>
		<key t="15" val="0"/>
	</varlist_timeline>
	<varlist_timeline var="f_game_player_boost">
		<key t="0" val="0"/>
		<key t="1" val="1"/>
		<key t="2" val="1"/>
		<key t="14" val="1"/>
		<key t="15" val="0"/>
	</varlist_timeline>
	<varlist_timeline var="f_game_player_boost">
		<key t="0" val="0"/>
		<key t="1" val="1"/>
		<key t="2" val="1"/>
		<key t="14" val="1"/>
		<key t="15" val="0"/>
	</varlist_timeline>
	
	<property name="LookVertAcc_Pad" value_add="1900.0"/>
	<property name="LookHorzAcc_Pad" value_add="1900.0"/>
	<property name="LookVertDec_Pad" value_add="49500.0"/>
	<property name="LookHorzDec_Pad" value_add="49500.0"/>
	<property name="MoveDeceleration" value_add="300.0"/>
	<property name="MoveSprintSpeed" value_add="-1.0"/>
	
	<property name="InvertMovementInputs" set="true"/>
	<property name="PhysicsDamageMul" value_mul="2.0"/>
	
    <hud_icon val="buff_pumpkin"/>
	<OnGain>
		<RemoveBuff id="NightVisionLv1" />
		<RemoveBuff id="NightVisionLv2" />
		<RemoveBuff id="NightVisionLv3" />
		<RemoveBuff id="NightVisionLv4" />
		<RemoveBuff id="NightVisionLv5" />
		<RemoveBuff id="NightVisionLv6" />
		<RemoveBuff id="NightVisionLv7" />
		<RemoveBuff id="NightVisionLv8" />
		<RemoveBuff id="NightVisionLv9" />
		<RemoveCloak/>
	</OnGain>
</buff>

<buff id="Halloween_4" duration="15" max_stacks="1" apply_behaviour="ResetDuration" serialize_on_save="false">
	
	<property name="BlockInjectorsUsage" set="true"/>
	<property name="CameraDefaultFOV" value_add ="20.0"/>
	<varlist_timeline var="f_game_flashback">
		<key t="0" val="0"/>
		<key t="1" val="1"/>
		<key t="2" val="1"/>
		<key t="13" val="1"/>
		<key t="14.9" val="0.01"/>
		<key t="15" val="0"/>
	</varlist_timeline>
	<varlist_timeline var="f_game_flashback_bckgrnd_lum">
		<key t="0.1" val="0.2"/>
		<key t="1" val="1.5"/>
		<key t="2" val="1.5"/>
		<key t="13" val="1.5"/>
		<key t="14" val="0.01"/>
		<key t="15" val="0"/>
	</varlist_timeline>
	<varlist_timeline var="f_game_flashback_foregrnd_lum">
		<key t="0.1" val="0.2"/>
		<key t="1" val="0"/>
		<key t="2" val="0"/>
		<key t="13" val="0"/>
		<key t="14" val="0"/>
		<key t="15" val="1"/>
	</varlist_timeline>
	<varlist_timeline var="f_game_flashback_foregrnd_sat">
		<key t="0.1" val="0.2"/>
		<key t="1" val="0"/>
		<key t="2" val="0"/>
		<key t="13" val="0"/>
		<key t="14" val="0"/>
		<key t="15" val="1"/>
	</varlist_timeline>
	
    <hud_icon val="buff_pumpkin"/>
	<OnGain>
		<RemoveBuff id="NightVisionLv1" />
		<RemoveBuff id="NightVisionLv2" />
		<RemoveBuff id="NightVisionLv3" />
		<RemoveBuff id="NightVisionLv4" />
		<RemoveBuff id="NightVisionLv5" />
		<RemoveBuff id="NightVisionLv6" />
		<RemoveBuff id="NightVisionLv7" />
		<RemoveBuff id="NightVisionLv8" />
		<RemoveBuff id="NightVisionLv9" />
		<RemoveCloak/>
	</OnGain>
</buff>

<buff id="Halloween_5" duration="15" max_stacks="1" apply_behaviour="ResetDuration" serialize_on_save="false">
	
	<property name="BlockInjectorsUsage" set="true"/>
	<property name="CameraDefaultFOV" value_add ="20.0"/>
	<varlist_timeline var="f_game_decision">
		<key t="0" val="0"/>
		<key t="1" val="1"/>
		<key t="2" val="1"/>
		<key t="14" val="1"/>
		<key t="15" val="0"/>
	</varlist_timeline>
	<property name="MoveSprintSpeed" value_add="2.0"/>
	<property name="MoveAnimSpeedMul" value_add="0.5"/>
	
    <hud_icon val="buff_pumpkin"/>
	<OnGain>
		<RemoveBuff id="NightVisionLv1" />
		<RemoveBuff id="NightVisionLv2" />
		<RemoveBuff id="NightVisionLv3" />
		<RemoveBuff id="NightVisionLv4" />
		<RemoveBuff id="NightVisionLv5" />
		<RemoveBuff id="NightVisionLv6" />
		<RemoveBuff id="NightVisionLv7" />
		<RemoveBuff id="NightVisionLv8" />
		<RemoveBuff id="NightVisionLv9" />
		<RemoveCloak/>
	</OnGain>
</buff>

<buff id="Halloween_6" duration="15" max_stacks="1" apply_behaviour="ResetDuration" serialize_on_save="false">
	
	<property name="BlockInjectorsUsage" set="true"/>
	<property name="CameraDefaultFOV" value_add ="20.0"/>
	<varlist_timeline var="f_game_decision">
		<key t="0" val="0"/>
		<key t="1" val="1"/>
		<key t="2" val="1"/>
		<key t="14" val="1"/>
		<key t="15" val="0"/>
	</varlist_timeline>
	
	<property name="LeftHandDisabled" set ="true"/>
    <hud_icon val="buff_pumpkin"/>
	<OnGain>
		<RemoveBuff id="NightVisionLv1" />
		<RemoveBuff id="NightVisionLv2" />
		<RemoveBuff id="NightVisionLv3" />
		<RemoveBuff id="NightVisionLv4" />
		<RemoveBuff id="NightVisionLv5" />
		<RemoveBuff id="NightVisionLv6" />
		<RemoveBuff id="NightVisionLv7" />
		<RemoveBuff id="NightVisionLv8" />
		<RemoveBuff id="NightVisionLv9" />
		<RemoveCloak/>
	</OnGain>
</buff>

<buff id="Halloween_7" duration="15" max_stacks="1" apply_behaviour="ResetDuration" serialize_on_save="false">
	
	<property name="BlockInjectorsUsage" set="true"/>
	<property name="CameraDefaultFOV" value_add ="20.0"/>
	<varlist_timeline var="f_game_decision">
		<key t="0" val="0"/>
		<key t="1" val="1"/>
		<key t="2" val="1"/>
		<key t="14" val="1"/>
		<key t="15" val="0"/>
	</varlist_timeline>
	<property name="PhysicsDamageMul" value_mul="2.0"/>
	
    <hud_icon val="buff_pumpkin"/>
	<OnGain>
		<RemoveBuff id="NightVisionLv1" />
		<RemoveBuff id="NightVisionLv2" />
		<RemoveBuff id="NightVisionLv3" />
		<RemoveBuff id="NightVisionLv4" />
		<RemoveBuff id="NightVisionLv5" />
		<RemoveBuff id="NightVisionLv6" />
		<RemoveBuff id="NightVisionLv7" />
		<RemoveBuff id="NightVisionLv8" />
		<RemoveBuff id="NightVisionLv9" />
		<RemoveCloak/>
	</OnGain>
</buff>

<buff id="Halloween_2023_1" duration="60" max_stacks="1" apply_behaviour="ResetDuration" serialize_on_save="false">
	
	<property name="BlockInjectorsUsage" set="true"/>
	<property name="CameraDefaultFOV" value_add ="20.0"/>
	<property name="RangeMeleeMul" value_add ="5.0"/>
    <property name="ChargeAdditionalRange" value_add ="10.0"/>
    <property name="MeleeAttackFX" value="haloween_buff_01_wave_fx_01.gpufx"/>
    <property name="GeneralAttackLimbCutDestroyProbabilityMul" value_add ="100.0"/>
	
    <hud_icon val="buff_pumpkin"/>
	<sound t="0.1" event="player_halloween_buff_01_start"/>
	<sound is_end_event="true" event="player_halloween_buff_01_end"/>
	
	<OnGain>
		<RemoveBuff id="NightVisionLv1" />
		<RemoveBuff id="NightVisionLv2" />
		<RemoveBuff id="NightVisionLv3" />
		<RemoveBuff id="NightVisionLv4" />
		<RemoveBuff id="NightVisionLv5" />
		<RemoveBuff id="NightVisionLv6" />
		<RemoveBuff id="NightVisionLv7" />
		<RemoveBuff id="NightVisionLv8" />
		<RemoveBuff id="NightVisionLv9" />
		<RemoveCloak/>
	</OnGain>
</buff>

<buff id="Halloween_2023_2" duration="60" max_stacks="1" apply_behaviour="ResetDuration" serialize_on_save="false">
	
	<property name="BlockInjectorsUsage" set="true"/>
	<property name="CameraDefaultFOV" value_add ="20.0"/>
	
    <hud_icon val="buff_pumpkin"/>
	<sound t="0.1" event="player_halloween_buff_02_start"/>
	<sound is_end_event="true" event="player_halloween_buff_02_end"/>
	
	<OnGain>
		<AddFullCloakIgnoreAggression value="60.0"/>
		<RemoveBuff id="NightVisionLv1" />
		<RemoveBuff id="NightVisionLv2" />
		<RemoveBuff id="NightVisionLv3" />
		<RemoveBuff id="NightVisionLv4" />
		<RemoveBuff id="NightVisionLv5" />
		<RemoveBuff id="NightVisionLv6" />
		<RemoveBuff id="NightVisionLv7" />
		<RemoveBuff id="NightVisionLv8" />
		<RemoveBuff id="NightVisionLv9" />
	</OnGain>
</buff>

<buff id="Halloween_2023_3" duration="60" max_stacks="1" apply_behaviour="ResetDuration" serialize_on_save="false">
	
	<property name="BlockInjectorsUsage" set="true"/>
	<property name="CameraDefaultFOV" value_add ="20.0"/>
	<property name="EnableXRayEffectOnAllHits" set="true"/>
	<property name="StaminaRegenerationFactorOnHit" value_add ="10.0"/>
	<property name="HealthRegenerationOnHit" value_add ="25.0"/>
	
    <hud_icon val="buff_pumpkin"/>
	<sound t="0.1" event="player_halloween_buff_03_start"/>
	<sound is_end_event="true" event="player_halloween_buff_03_end"/>
	
	<OnGain>
		<RemoveBuff id="NightVisionLv1" />
		<RemoveBuff id="NightVisionLv2" />
		<RemoveBuff id="NightVisionLv3" />
		<RemoveBuff id="NightVisionLv4" />
		<RemoveBuff id="NightVisionLv5" />
		<RemoveBuff id="NightVisionLv6" />
		<RemoveBuff id="NightVisionLv7" />
		<RemoveBuff id="NightVisionLv8" />
		<RemoveBuff id="NightVisionLv9" />
		<RemoveCloak/>
	</OnGain>
</buff>

<buff id="Halloween_2023_4" duration="15" max_stacks="1" apply_behaviour="ResetDuration" serialize_on_save="false">
	
	<property name="BlockInjectorsUsage" set="true"/>
	<property name="CameraDefaultFOV" value_add ="20.0"/>
	<property name="AdditionalCameraRoll" value_add ="180.0"/>
	
    <hud_icon val="buff_pumpkin"/>
	<sound t="0.1" event="player_halloween_buff_04_start"/>
	<sound is_end_event="true" event="player_halloween_buff_04_end"/>
	
	<OnGain>
		<RemoveBuff id="NightVisionLv1" />
		<RemoveBuff id="NightVisionLv2" />
		<RemoveBuff id="NightVisionLv3" />
		<RemoveBuff id="NightVisionLv4" />
		<RemoveBuff id="NightVisionLv5" />
		<RemoveBuff id="NightVisionLv6" />
		<RemoveBuff id="NightVisionLv7" />
		<RemoveBuff id="NightVisionLv8" />
		<RemoveBuff id="NightVisionLv9" />
		<RemoveCloak/>
	</OnGain>
</buff>

<buff id="Halloween_2023_5" duration="15" max_stacks="1" apply_behaviour="ResetDuration" serialize_on_save="false">
	
	<property name="BlockInjectorsUsage" set="true"/>
	<property name="CameraDefaultFOV" value_add ="20.0"/>
	<property name="WeaponStaminaUsageMul" value_mul ="2.0"/>
	<property name="ForceChemicalEffect" set="true"/>
	
    <hud_icon val="buff_pumpkin"/>
	<sound t="0.1" event="player_halloween_buff_05_start"/>
	<sound is_end_event="true" event="player_halloween_buff_05_end"/>
	
	<OnGain>
		<SpawnFX value="haloween_buff_05_explosion_01.gpufx"/>
		<KnockDownPlayer/>
		<RemoveBuff id="NightVisionLv1" />
		<RemoveBuff id="NightVisionLv2" />
		<RemoveBuff id="NightVisionLv3" />
		<RemoveBuff id="NightVisionLv4" />
		<RemoveBuff id="NightVisionLv5" />
		<RemoveBuff id="NightVisionLv6" />
		<RemoveBuff id="NightVisionLv7" />
		<RemoveBuff id="NightVisionLv8" />
		<RemoveBuff id="NightVisionLv9" />
		<RemoveCloak/>
	</OnGain>
</buff>

<buff id="Halloween_2023_6" duration="15" max_stacks="1" apply_behaviour="ResetDuration" serialize_on_save="false">
	
	<property name="BlockInjectorsUsage" set="true"/>
	<property name="CameraDefaultFOV" value_add ="20.0"/>
	
    <hud_icon val="buff_pumpkin"/>
	<sound t="0.1" event="player_halloween_buff_06_start"/>
	<sound is_end_event="true" event="player_halloween_buff_06_end"/>
	
	<OnGain>
		<SpawnFX value="haloween_buff_06_confetti_explosion_01.gpufx"/>
		<CreateNoisePOI value="grenade_explosion"/>
		<RemoveBuff id="NightVisionLv1" />
		<RemoveBuff id="NightVisionLv2" />
		<RemoveBuff id="NightVisionLv3" />
		<RemoveBuff id="NightVisionLv4" />
		<RemoveBuff id="NightVisionLv5" />
		<RemoveBuff id="NightVisionLv6" />
		<RemoveBuff id="NightVisionLv7" />
		<RemoveBuff id="NightVisionLv8" />
		<RemoveBuff id="NightVisionLv9" />
		<RemoveCloak/>
	</OnGain>
</buff>

<buff id="Halloween_2023_7" duration="60" max_stacks="1" apply_behaviour="ResetDuration" serialize_on_save="false">
	
	<property name="BlockInjectorsUsage" set="true"/>
	<property name="CameraDefaultFOV" value_add ="20.0"/>
	<property name="PhysicsDamageMul" value_mul ="4.00"/>
	
    <hud_icon val="buff_pumpkin"/>
	<OnGain>
		<RemoveBuff id="NightVisionLv1" />
		<RemoveBuff id="NightVisionLv2" />
		<RemoveBuff id="NightVisionLv3" />
		<RemoveBuff id="NightVisionLv4" />
		<RemoveBuff id="NightVisionLv5" />
		<RemoveBuff id="NightVisionLv6" />
		<RemoveBuff id="NightVisionLv7" />
		<RemoveBuff id="NightVisionLv8" />
		<RemoveBuff id="NightVisionLv9" />
		<RemoveCloak/>
	</OnGain>
</buff>


<buff id="Halloween_2023_8" duration="60" max_stacks="1" apply_behaviour="ResetDuration" serialize_on_save="false">
	
	<property name="BlockInjectorsUsage" set="true"/>
	<property name="CameraDefaultFOV" value_add ="20.0"/>
	
	<property name="MoveForwardMinSpeed" value_add="1.0"/>
	<property name="MoveForwardMaxSpeed" value_add="1.0"/>
	<property name="MoveStrafeMinSpeed" value_add="1.0"/>
	<property name="MoveStrafeMaxSpeed" value_add="1.0"/>
	<property name="MoveBackwardMinSpeed" value_add="1.0"/>
	<property name="MoveBackwardMaxSpeed" value_add="1.0"/>
	<property name="MoveAnimSpeedMul" value_add="0.2"/>
	<property name="ExhaustedDodgeEnabled" set="false"/>
	<property name="PerfectDodgeSlowmo" set="true"/>
	<property name="DodgeDamageBoostLevel" value_mul="2.0"/>
	<property name="DodgeCritChanceBoostLevel" value_mul="2.0"/>
	<property name="MaxDodgesInSequence" value_add="100"/>
	
	<property name="NormalHoldJumpTime" value_add="0.2"/>
	<property name="AutoActiveLandings" set="true"/>
	<property name="BlockHeavyEdgeGrabs" set="true"/>
	<property name="BlockFailedEdgeGrabs" set="true"/>
	
    <hud_icon val="buff_pumpkin"/>
	<OnGain>
		<RemoveBuff id="NightVisionLv1" />
		<RemoveBuff id="NightVisionLv2" />
		<RemoveBuff id="NightVisionLv3" />
		<RemoveBuff id="NightVisionLv4" />
		<RemoveBuff id="NightVisionLv5" />
		<RemoveBuff id="NightVisionLv6" />
		<RemoveBuff id="NightVisionLv7" />
		<RemoveBuff id="NightVisionLv8" />
		<RemoveBuff id="NightVisionLv9" />
		<RemoveCloak/>
	</OnGain>
</buff>
</buff_group>

<buff_random_group name="Halloween_2023_Potion" sample_count="36">
    <buff id="Halloween_2023_1" weight="3.0"/>
    <buff id="Halloween_2023_2" weight="3.0"/>
    <buff id="Halloween_2023_3" weight="3.0"/>
    <buff id="Halloween_2023_4" weight="1.0"/>
    <buff id="Halloween_2023_5" weight="1.0"/>
    <buff id="Halloween_2023_6" weight="1.0"/>
    <buff id="Halloween_2023_7" weight="3.0"/>
    <buff id="Halloween_2023_8" weight="3.0"/>
</buff_random_group>

<buff_random_group name="Halloween_2023_Biter" sample_count="72">
    <buff id="Halloween_2023_1" weight="3.0"/>
    <buff id="Halloween_2023_2" weight="3.0"/>
    <buff id="Halloween_2023_3" weight="3.0"/>
    <buff id="Halloween_2023_4" weight="1.0"/>
    <buff id="Halloween_2023_5" weight="1.0"/>
    <buff id="Halloween_2023_6" weight="1.0"/>
    <buff id="Halloween_2023_7" weight="3.0"/>
    <buff id="Halloween_2023_8" weight="3.0"/>
    <no_buff weight="10.0"/>
</buff_random_group>
	
<buff_random_group name="Halloween_2023_Banshee" sample_count="90">
    <buff id="Halloween_2023_1" weight="4.0"/>
    <buff id="Halloween_2023_2" weight="4.0"/>
    <buff id="Halloween_2023_3" weight="4.0"/>
    <buff id="Halloween_2023_4" weight="1.0"/>
    <buff id="Halloween_2023_5" weight="1.0"/>
    <buff id="Halloween_2023_6" weight="1.0"/>
    <buff id="Halloween_2023_7" weight="4.0"/>
    <buff id="Halloween_2023_8" weight="4.0"/>
    <no_buff weight="7.0"/>
</buff_random_group>
	
<buff_random_group name="Halloween_2023_Volatile" sample_count="10">
    <buff id="Halloween_2023_1" weight="1.0"/>
    <buff id="Halloween_2023_2" weight="1.0"/>
    <buff id="Halloween_2023_3" weight="1.0"/>
    <buff id="Halloween_2023_7" weight="1.0"/>
    <buff id="Halloween_2023_8" weight="1.0"/>
</buff_random_group>

<buff id="WinterBoon_Momentum" duration="15" max_stacks="10" apply_behaviour="ResetDuration"  serialize_on_save="false">
    <property name="MoveForwardMinSpeed" value_add="0.2"/>
	<property name="MoveForwardMaxSpeed" value_add="0.2"/>
	<property name="MoveSprintSpeed" value_add="0.2"/>
	<property name="MoveStrafeMinSpeed" value_add="0.2"/>
	<property name="MoveStrafeMaxSpeed" value_add="0.2"/>
	<property name="MoveBackwardMinSpeed" value_add="0.2"/>
	<property name="MoveBackwardMaxSpeed" value_add="0.2"/>
	<sound t="0.1" event="player_winter_buff_01_start"/>
	<sound is_end_event="true" event="player_winter_buff_01_end"/>
	
	<hud_icon val="buff_momentum"/>
</buff>

<buff_random_group name="WinterBoon_Biters" sample_count="1">
    <buff id="WinterBoon_Momentum" weight="1.0"/>
</buff_random_group>

<buff id="WinterBoon_Regen" duration="15" max_stacks="3" apply_behaviour="ResetDuration"  serialize_on_save="false">
    <property name="HealthPerSecond" value="HealthRegenerationPotion_Upgrade4"/>
	
	<sound t="0.1" event="player_winter_buff_01_start"/>
	<sound is_end_event="true" event="player_winter_buff_01_end"/>
	
   <hud_icon val="buff_healthregen"/>
</buff>

<buff_random_group name="WinterBoon_Virals" sample_count="1">
    <buff id="WinterBoon_Regen" weight="1.0"/>
</buff_random_group>

<buff id="WinterBoon_Jump" duration="180" max_stacks="1" apply_behaviour="ResetDuration"  serialize_on_save="false">
    <property name="NormalHoldJumpTime" value_add="0.7"/>
	<property name="AdvancedParkourNormalHoldJumpTime" value_add="0.7"/>
	<property name="HarmfulHeight" value_add="0.8"/>
    <property name="LethalHeight" value_add="0.8"/>
	<sound t="0.1" event="player_winter_buff_01_start"/>
	<sound is_end_event="true" event="player_winter_buff_01_end"/>
	
	<hud_icon val="buff_longjump"/>
</buff>

<buff_random_group name="WinterBoon_Bolters" sample_count="1">
    <buff id="WinterBoon_Jump" weight="1.0"/>
</buff_random_group>

<buff id="WinterBoon_XP" duration="300" max_stacks="1" apply_behaviour="ResetDuration"  serialize_on_save="true">
    <property name="OpenWorldXPModifier" value_mul="5.0"/>
	<property name="OpenWorldNightXPModifier" value_mul="1.2"/>
	<sound t="0.1" event="player_winter_buff_01_start"/>
	<sound is_end_event="true" event="player_winter_buff_01_end"/>
	
	<hud_icon val="buff_xp"/>
</buff>

<buff_random_group name="WinterBoon_Demolishers" sample_count="1">
    <buff id="WinterBoon_XP" weight="1.0"/>
</buff_random_group>

<buff id="Dropkick_buff" duration="7200" max_stacks="1" apply_behaviour="ResetDuration" serialize_on_save="true">
	<hud_icon val="buff_dropkick"/> 
	<property name="WrestlingKick" set="true"/>
</buff>

<buff id="WoD_BanuHaqim" duration="60" max_stacks="1" apply_behaviour="ResetDuration" serialize_on_save="false">
	
	<property name="BlockInjectorsUsage" set="true"/>
	<property name="CameraDefaultFOV" value_add ="20.0"/>
	<varlist_timeline var="f_game_dialog_far">
		<key t="0" val="0"/>
		<key t="1" val="1.0"/>
		<key t="5" val="1.0"/>
		<key t="59" val="1.0"/>
		<key t="60" val="0"/>
	</varlist_timeline>
	<varlist_timeline var="f_game_zombie_vision">
		<key t="0" val="0"/>
		<key t="1" val="0.7"/>
		<key t="5" val="0.7"/>
		<key t="59" val="0.7"/>
		<key t="60" val="0"/>
	</varlist_timeline>
	<property name="StrengthDamageMul" value_mul="1.5"/>
    <property name="MeleeDamageMul" value_mul="1.5"/>
	<property name="GeneralAttackLimbCutDestroyProbabilityMul" value_mul="2.0"/>
	<property name="StaminaGainOnKill" value_add="1.0"/>
	
    <hud_icon val="bounty_banuhaquim_blue"/>
	<OnGain>
		<RemoveBuff id="NightVisionLv1" />
		<RemoveBuff id="NightVisionLv2" />
		<RemoveBuff id="NightVisionLv3" />
		<RemoveBuff id="NightVisionLv4" />
		<RemoveBuff id="NightVisionLv5" />
		<RemoveBuff id="NightVisionLv6" />
		<RemoveBuff id="NightVisionLv7" />
		<RemoveBuff id="NightVisionLv8" />
		<RemoveBuff id="NightVisionLv9" />
	</OnGain>
</buff>


<buff id="WoD_Brujah" duration="90" max_stacks="1" apply_behaviour="ResetDuration" serialize_on_save="false">
	
	<property name="BlockInjectorsUsage" set="true"/>
	<property name="CameraDefaultFOV" value_add ="10.0"/>
	<varlist_timeline var="f_game_player_state_exhausted">
		<key t="0" val="0"/>
		<key t="1" val="1.0"/>
		<key t="3" val="0.4"/>
		<key t="89" val="1.0"/>
		<key t="90" val="0"/>
	</varlist_timeline>
	
    <property name="NormalHoldJumpTime" value_add="0.4"/>
	<property name="AdvancedParkourNormalHoldJumpTime" value_add="0.4"/>
	<property name="FarJumpHeight" value_add="3.5"/>
	<property name="DoubleJumpHeight" value_mul="3.5"/>
	<property name="MaxStaminaMultiplier" value_add="1.0"/>
	<property name="MovementSpeedMul" value_add="0.1"/>
	<property name="MoveSprintSpeed" value_add="1.5"/>
	<property name="SwimMoveSpeed" value_mul="2.0"/>
	<property name="FallDamageResistance" value_add="7.0"/>
	<property name="SprintNitroMaxSpeedAdd" value_add="2.5"/>
    
	
    <hud_icon val="bounty_brujah_orange"/>
	<OnGain>
		<RemoveBuff id="NightVisionLv1" />
		<RemoveBuff id="NightVisionLv2" />
		<RemoveBuff id="NightVisionLv3" />
		<RemoveBuff id="NightVisionLv4" />
		<RemoveBuff id="NightVisionLv5" />
		<RemoveBuff id="NightVisionLv6" />
		<RemoveBuff id="NightVisionLv7" />
		<RemoveBuff id="NightVisionLv8" />
		<RemoveBuff id="NightVisionLv9" />
	</OnGain>
</buff>

<buff id="WoD_Tremere" duration="30" max_stacks="1" apply_behaviour="ResetDuration" serialize_on_save="false">
	
	<property name="BlockInjectorsUsage" set="true"/>
	<property name="CameraDefaultFOV" value_add ="5.0"/>
	<varlist_timeline var="f_game_decision">
		<key t="0" val="0"/>
		<key t="1" val="1.0"/>
		<key t="2" val="0.15"/>
		<key t="9" val="1.0"/>
		<key t="11" val="0.15"/>
		<key t="17" val="1.0"/>
		<key t="18" val="0.15"/>
		<key t="26" val="0.6"/>
		<key t="29" val="0.2"/>
		<key t="30" val="0"/>
	</varlist_timeline>
	<property name="HealthPerSecond" value="HealthRegenerationPotion_WoD"/>
    <property name="StaminaTimeToRegenerateAfterParkour" value_mult="0.0"/>
	<property name="StaminaTimeToRegenerateOnEmptyAfterParokur" value_mult="0.0"/>
	<property name="StaminaTimeToRegenerate" value_mult="0.0"/>
	<property name="StaminaTimeToRegenerateOnEmpty" value_mult="0.0"/>
	<property name="StaminaRegeneration" value_add="-0.8"/>
	<property name="StaminaRegenerationOutsideDanger" value_add="-0.8"/>
	<property name="StaminaRegenerationRelative" value_add="-1.2"/>
	<property name="StaminaRegenerationRelativeOutsideDanger" value_add="-1.2"/>
	
    <hud_icon val="bounty_tremere_violet"/>
	<OnGain>
		<RemoveBuff id="NightVisionLv1" />
		<RemoveBuff id="NightVisionLv2" />
		<RemoveBuff id="NightVisionLv3" />
		<RemoveBuff id="NightVisionLv4" />
		<RemoveBuff id="NightVisionLv5" />
		<RemoveBuff id="NightVisionLv6" />
		<RemoveBuff id="NightVisionLv7" />
		<RemoveBuff id="NightVisionLv8" />
		<RemoveBuff id="NightVisionLv9" />
	</OnGain>
</buff>


<!-- ---------------------------------------------------------------------------- -->
<!-- ------------------------- Adaptive Difficulty ------------------------------ -->
<!-- ---------------------------------------------------------------------------- -->

<buff id="Difficulty_FallDamageResistance" duration="-1" max_stacks="100" serialize_on_save="false">
    <property name="FallDamageResistance" value_add ="0.15"/>
</buff>

<buff id="Difficulty_AIDamageResistance" duration="-1" max_stacks="100" serialize_on_save="false">
    <property name="AIDamageResistance" value_add ="0.15"/>
	<property name="MeleeDamageMul" value ="DamageMulAIDamageResistance"/>
</buff>

<buff id="Difficulty_AIDamageVulnerability" duration="-1" max_stacks="100" serialize_on_save="false">
    <property name="AIDamageVulnerability" value_add ="0.1"/>
</buff>

<!-- ---------------------------------------------------------------------------- -->
<!-- -------------------------------- Story ------------------------------------- -->
<!-- ---------------------------------------------------------------------------- -->

<buff id="Story_ToxinsImmunity" duration="-1" max_stacks="1"  apply_behaviour="ResetDuration" serialize_on_save="false">
    <property name="ToxinsImmunity" set="true"/>
</buff>

<buff id="Story_GasAttack" duration="-1" max_stacks="1" apply_behaviour="ResetDuration" serialize_on_save="false">
    <property name="DrunkEffect" set="true"/>
    <property name="DrunkEffectInputLagTime" value_add="0.75"/>
    <property name="DrunkEffectPPFXPower" value_add="0.1"/>
    <property name="LookVertAcc_Pad" value_add="-1100.0"/>
    <property name="LookHorzAcc_Pad" value_add="-1100.0"/>
    <property name="LookVertDec_Pad" value_add="-25000.0"/>
    <property name="LookHorzDec_Pad" value_add="-25000.0"/>
</buff>

<buff id="Story_AfterGasAttack" duration="-1" max_stacks="1" apply_behaviour="ResetDuration" serialize_on_save="false">
 <!--   <property name="DrunkEffect" set="true"/>-->
 <!--   <property name="DrunkEffectPPFXPower" value_add="0.025"/>-->
</buff>

<!-- ---------------------------------------------------------------------------- -->
<!-- -------------------------------- Easter Eggs--------------------------------- -->
<!-- ---------------------------------------------------------------------------- -->
