
<!-- ---------------------------------------------------------------------------- -->
<!-- ------------------------           IALR       ------------------------------ -->
<!-- ---------------------------------------------------------------------------- -->

<!-- Boosts -->
<buff id="Potion_XPBoost" duration="10000" max_stacks="1" apply_behaviour="ResetDuration" serialize_on_save="true">
    <hud_icon val="night_xp_boost_icon"/>
   <property name="OpenWorldXPModifier" value_add="1.0"/>
   <property name="OpenWorldNightXPModifier" value_add="1.0"/>
</buff>

<buff id="Potion_XPBoost_improved" duration="20000" max_stacks="2" apply_behaviour="ResetDuration" serialize_on_save="true">
    <hud_icon val="night_xp_boost_icon"/>
   <property name="OpenWorldXPModifier" value_add="1.5"/>
   <property name="OpenWorldNightXPModifier" value_add="1.5"/>
</buff>

<buff id="Potion_XPBoost_max" duration="99999" max_stacks="9" apply_behaviour="ResetDuration" serialize_on_save="true">
    <hud_icon val="night_xp_boost_icon"/>
   <property name="OpenWorldXPModifier" value_add="2.0"/>
   <property name="OpenWorldNightXPModifier" value_add="2.0"/>
</buff>

<!-- Consumables -->
<buff id="IALR_FoodSmall" duration="1820" max_stacks="10" apply_behaviour="ResetDuration" serialize_on_save="true">
	<hud_icon val="healing_sweets_small"/>
	<property name="StaminaRegeneration" value_mul="-0.01"/>
	<property name="StaminaUsageReduction" value_add="0.01"/>
	<property name="HealthRegenerationEnabled" set="true"/>
	<property name="StaminaRegenerationRelativeEnabled" set="true"/>
	<property name="StaminaRegenerationRelativeForAllWeapons" set="true"/>
	<property name="MaxAutoRegenHealthPercent" value_add="1"/>
	<property name="MaxStaminaMinRegenerationTime" value_add="-0.5"/>
	<property name="MaxStaminaMaxRegenerationTime" value_add="-1.5"/>
	<property name="MaxStaminaTimeToRegenerate" value_add="-1.0"/>
	<property name="StaminaTimeToRegenerateOnEmpty" value_add="-1.0"/>
	<property name="StaminaTimeToRegenerateOnEmptyAfterParokur" value_add="-1.0"/>
	<property name="StaminaTimeToRegenerate" value_add="-1.0"/>
	<property name="StaminaTimeToRegenerateAfterParkour" value_add="-1.0"/>
	<property name="HealthPerSecond" value="ialr_FoodSmall"/>
	<OnGain>
        <AddStaminaPercent value="0.1"/>
        <AddStaminaDropResistance value="1"/>
        <AddHealth value="RefreshmentOnGain"/>
    </OnGain>
</buff>

<buff id="IALR_FoodNormal" duration="2880" max_stacks="5" apply_behaviour="ResetDuration" serialize_on_save="true">
	<hud_icon val="valuables_canned_food"/>
	<property name="StaminaRegeneration" value_mul="-0.01"/>
	<property name="StaminaUsageReduction" value_add="0.01"/>
	<property name="HealthRegenerationEnabled" set="true"/>
	<property name="StaminaRegenerationRelativeEnabled" set="true"/>
	<property name="StaminaRegenerationRelativeForAllWeapons" set="true"/>
	<property name="MaxAutoRegenHealthPercent" value_add="2"/>
    <property name="MaxStaminaMinRegenerationTime" value_add="-1.0"/>
	<property name="MaxStaminaMaxRegenerationTime" value_add="-2.0"/>
	<property name="MaxStaminaTimeToRegenerate" value_add="-2.0"/>
	<property name="StaminaTimeToRegenerateOnEmpty" value_add="-2.0"/>
	<property name="StaminaTimeToRegenerateOnEmptyAfterParokur" value_add="-2.0"/>
	<property name="StaminaTimeToRegenerate" value_add="-2.0"/>
	<property name="StaminaTimeToRegenerateAfterParkour" value_add="-2.0"/>
    <property name="HealthPerSecond" value="ialr_FoodNormal"/>
    <OnGain>
        <AddStaminaPercent value="0.3"/>
        <AddStaminaDropResistance value="2"/>
        <AddHealth value="RefreshmentOnGain"/>
    </OnGain>
</buff>

<buff id="IALR_FoodLarge" duration="2880" max_stacks="5" apply_behaviour="ResetDuration" serialize_on_save="true">
	<hud_icon val="valuables_canned_food"/>
	<property name="StaminaRegeneration" value_mul="-0.01"/>
	<property name="StaminaUsageReduction" value_add="0.01"/>
	<property name="HealthRegenerationEnabled" set="true"/>
	<property name="StaminaRegenerationRelativeEnabled" set="true"/>
	<property name="StaminaRegenerationRelativeForAllWeapons" set="true"/>
	<property name="MaxAutoRegenHealthPercent" value_add="10"/>
    <property name="MaxStaminaMinRegenerationTime" value_add="-3.0"/>
	<property name="MaxStaminaMaxRegenerationTime" value_add="-4.0"/>
	<property name="MaxStaminaTimeToRegenerate" value_add="-3.0"/>
	<property name="StaminaTimeToRegenerateOnEmpty" value_add="-5.0"/>
	<property name="StaminaTimeToRegenerateOnEmptyAfterParokur" value_add="-5.0"/>
	<property name="StaminaTimeToRegenerate" value_add="-5.0"/>
	<property name="StaminaTimeToRegenerateAfterParkour" value_add="-5.0"/>
	<property name="HealthPerSecond" value="ialr_FoodNormal"/>
	<OnGain>
        <AddStaminaPercent value="0.5"/>
        <AddStaminaDropResistance value="1"/>
        <AddHealth value="RefreshmentOnGain"/>
    </OnGain>
</buff>

<buff id="Medkit_Bandages" duration="0">
    <OnGain>
        <AddHealth value="MedKit_Bandages"/>
    </OnGain>
</buff>

<buff id="Water_tablets" duration="3840" max_stacks="3" apply_behaviour="ResetDuration" serialize_on_save="true">
    <hud_icon val="water_reward_icon"/>
    <property name="StaminaRegeneration" value_mul="-0.01"/>
	<property name="StaminaUsageReduction" value_add="0.01"/>
	<property name="HealthRegenerationEnabled" set="true"/>
	<property name="StaminaRegenerationRelativeEnabled" set="true"/>
	<property name="StaminaRegenerationRelativeForAllWeapons" set="true"/>
	<property name="MaxAutoRegenHealthPercent" value_add="1"/>
	<property name="MaxStaminaMinRegenerationTime" value_add="-0.2"/>
	<property name="MaxStaminaMaxRegenerationTime" value_add="-0.5"/>
	<property name="MaxStaminaTimeToRegenerate" value_add="-2.0"/>
	<property name="StaminaTimeToRegenerateOnEmpty" value_add="-1.0"/>
	<property name="StaminaTimeToRegenerateOnEmptyAfterParokur" value_add="-1.0"/>
	<property name="StaminaTimeToRegenerate" value_add="-1.0"/>
	<property name="StaminaTimeToRegenerateAfterParkour" value_add="-1.0"/>
	<OnGain>
        <AddStaminaPercent value="0.1"/>
        <AddHealth value="RefreshmentOnGain"/>
    </OnGain>
</buff>

<buff id="Water_filtered" duration="3840" max_stacks="3" apply_behaviour="ResetDuration" serialize_on_save="true">
    <hud_icon val="water_reward_icon"/>
    <property name="StaminaRegeneration" value_mul="-0.05"/>
	<property name="StaminaUsageReduction" value_add="0.05"/>
	<property name="HealthRegenerationEnabled" set="true"/>
	<property name="StaminaRegenerationRelativeEnabled" set="true"/>
	<property name="StaminaRegenerationRelativeForAllWeapons" set="true"/>
	<property name="MaxAutoRegenHealthPercent" value_add="1"/>
	<property name="MaxStaminaMinRegenerationTime" value_add="-0.5"/>
	<property name="MaxStaminaMaxRegenerationTime" value_add="-1.0"/>
	<property name="MaxStaminaTimeToRegenerate" value_add="-3.0"/>
	<property name="StaminaTimeToRegenerateOnEmpty" value_add="-1.0"/>
	<property name="StaminaTimeToRegenerateOnEmptyAfterParokur" value_add="-1.0"/>
	<property name="StaminaTimeToRegenerate" value_add="-1.0"/>
	<property name="StaminaTimeToRegenerateAfterParkour" value_add="-1.0"/>
	<OnGain>
        <AddStaminaPercent value="0.1"/>
        <AddStaminaDropResistance value="1"/>
        <AddHealth value="RefreshmentOnGain"/>
    </OnGain>
</buff>

<buff id="Water_bottled" duration="3840" max_stacks="3" apply_behaviour="ResetDuration" serialize_on_save="true">
    <hud_icon val="water_reward_icon"/>
    <property name="StaminaRegeneration" value_mul="-0.1"/>
	<property name="StaminaUsageReduction" value_add="0.1"/>
	<property name="HealthRegenerationEnabled" set="true"/>
	<property name="StaminaRegenerationRelativeEnabled" set="true"/>
	<property name="StaminaRegenerationRelativeForAllWeapons" set="true"/>
	<property name="MaxAutoRegenHealthPercent" value_add="5"/>
	<property name="MaxStaminaMinRegenerationTime" value_add="-0.5"/>
	<property name="MaxStaminaMaxRegenerationTime" value_add="-2.0"/>
	<property name="MaxStaminaTimeToRegenerate" value_add="-4.0"/>
	<property name="StaminaTimeToRegenerateOnEmpty" value_add="-1.0"/>
	<property name="StaminaTimeToRegenerateOnEmptyAfterParokur" value_add="-1.0"/>
	<property name="StaminaTimeToRegenerate" value_add="-1.0"/>
	<property name="StaminaTimeToRegenerateAfterParkour" value_add="-1.0"/>
    <OnGain>
        <AddStaminaPercent value="0.2"/>
        <AddStaminaDropResistance value="1"/>
        <AddHealth value="Water_bottled"/>
    </OnGain>
</buff>

<buff id="Coffee" duration="160" max_stacks="3" apply_behaviour="ResetDuration">
    <hud_icon val="water_reward_icon"/>
    <property name="StaminaTimeToRegenerate" value_add="-5.0"/>
	<property name="StaminaRegeneration" value_add="20.0"/>	
	<OnGain>
		<AddStamina value="2.0"/>		
	</OnGain>
</buff>

<buff id="Coffee_Strong" duration="480" max_stacks="3" apply_behaviour="ResetDuration">
    <hud_icon val="water_reward_icon"/>
    <property name="StaminaTimeToRegenerate" value_add="-15.0"/>
	<property name="StaminaRegeneration" value_add="50.0"/>	
	<OnGain>
		<AddStamina value="6.0"/>		
	</OnGain>
</buff>

<buff id="Old_Can_O_Beer" duration="30" max_stacks="12" apply_behaviour="ResetDuration">
    <property name="StrengthDamageMul" value="Weak_Can_O_Beer_DamageBuff"/>
    <property name="MeleeDamageMul" value="Weak_Can_O_Beer_DamageBuff"/>
	<property name="DrunkEffect" set="true"/>
	<property name="DrunkEffectPPFXPower" value_add="0.01"/>
	<property name="DrunkEffectInputLagTime" value_add="0.01"/>
	<property name="DrunkEffectMoveRollAngle" value_add="0.02"/>
	<property name="DrunkEffectMoveRollAngleTime" value_add="0.02"/>
	<hud_icon val="craft_container"/>
</buff>

<buff id="Can_O_Beer" duration="60" max_stacks="12" apply_behaviour="ResetDuration">
    <property name="StrengthDamageMul" value="Can_O_Beer_DamageBuff"/>
    <property name="MeleeDamageMul" value="Can_O_Beer_DamageBuff"/>
	<property name="DrunkEffect" set="true"/>
	<property name="DrunkEffectPPFXPower" value_add="0.01"/>
	<property name="DrunkEffectInputLagTime" value_add="0.01"/>
	<property name="DrunkEffectMoveRollAngle" value_add="0.02"/>
	<property name="DrunkEffectMoveRollAngleTime" value_add="0.02"/>
	<hud_icon val="craft_container"/>
</buff>

<buff id="Premium_Can_O_Beer" duration="80" max_stacks="12" apply_behaviour="ResetDuration">
    <property name="StrengthDamageMul" value="Can_O_Beer_DamageBuff"/>
    <property name="MeleeDamageMul" value="Can_O_Beer_DamageBuff"/>
	<property name="DrunkEffect" set="true"/>
	<property name="DrunkEffectPPFXPower" value_add="0.01"/>
	<property name="DrunkEffectInputLagTime" value_add="0.01"/>
	<property name="DrunkEffectMoveRollAngle" value_add="0.01"/>
	<hud_icon val="craft_container"/>
</buff>

<buff id="Old_Bottled_Wine" duration="80" max_stacks="12" apply_behaviour="ResetDuration">
    <property name="StrengthDamageMul" value="Weak_Wine_DamageBuff"/>
    <property name="MeleeDamageMul" value="Wine_DamageBuff"/>
	<property name="DrunkEffect" set="true"/>
	<property name="DrunkEffectPPFXPower" value_add="0.04"/>
	<property name="DrunkEffectInputLagTime" value_add="0.04"/>
	<property name="DrunkEffectMoveRollAngle" value_add="0.07"/>
	<property name="DrunkEffectMoveRollAngleTime" value_add="0.07"/>
	<hud_icon val="valuables_wine"/>
</buff>

<buff id="Bottled_Wine" duration="90" max_stacks="12" apply_behaviour="ResetDuration">
    <property name="StrengthDamageMul" value="Wine_DamageBuff"/>
    <property name="MeleeDamageMul" value="Wine_DamageBuff"/>
	<property name="DrunkEffect" set="true"/>
	<property name="DrunkEffectPPFXPower" value_add="0.02"/>
	<property name="DrunkEffectInputLagTime" value_add="0.02"/>
	<property name="DrunkEffectMoveRollAngle" value_add="0.04"/>
	<property name="DrunkEffectMoveRollAngleTime" value_add="0.04"/>
	<hud_icon val="valuables_wine"/>
</buff>

<buff id="Aged_Wine" duration="120" max_stacks="12" apply_behaviour="ResetDuration">
    <property name="StrengthDamageMul" value="Wine_DamageBuff"/>
    <property name="MeleeDamageMul" value="Wine_DamageBuff"/>
	<property name="DrunkEffect" set="true"/>
	<property name="DrunkEffectPPFXPower" value_add="0.01"/>
	<property name="DrunkEffectInputLagTime" value_add="0.01"/>
	<property name="DrunkEffectMoveRollAngle" value_add="0.01"/>
	<property name="DrunkEffectMoveRollAngleTime" value_add="0.01"/>
	<hud_icon val="valuables_wine"/>
</buff>

<buff id="Bottled_Vodka" duration="120" max_stacks="12" apply_behaviour="ResetDuration">
    <property name="StrengthDamageMul" value="Vodka_DamageBuff"/>
    <property name="MeleeDamageMul" value="Vodka_DamageBuff"/>
	<property name="DrunkEffect" set="true"/>
	<property name="DrunkEffectPPFXPower" value_add="0.05"/>
	<property name="DrunkEffectInputLagTime" value_add="0.03"/>
	<hud_icon val="valuables_vodka"/>
</buff>

<buff id="Old_Bottled_Vodka" duration="150" max_stacks="12" apply_behaviour="ResetDuration">
    <property name="StrengthDamageMul" value="Weak_Vodka_DamageBuff"/>
    <property name="MeleeDamageMul" value="Vodka_DamageBuff"/>
	<property name="DrunkEffect" set="true"/>
	<property name="DrunkEffectPPFXPower" value_add="0.05"/>
	<property name="DrunkEffectInputLagTime" value_add="0.03"/>
	<hud_icon val="valuables_vodka"/>
</buff>

<buff id="Top_Shelf_Vodka" duration="150" max_stacks="12" apply_behaviour="ResetDuration">
    <property name="StrengthDamageMul" value="Vodka_DamageBuff"/>
    <property name="MeleeDamageMul" value="Vodka_DamageBuff"/>
	<property name="DrunkEffect" set="true"/>
	<property name="DrunkEffectPPFXPower" value_add="0.02"/>
	<property name="DrunkEffectInputLagTime" value_add="0.02"/>
	<hud_icon val="valuables_vodka"/>
</buff>

<buff id="Old_Bottled_Whiskey" duration="150" max_stacks="12" apply_behaviour="ResetDuration">
    <property name="StrengthDamageMul" value="Whiskey_DamageBuff"/>
    <property name="MeleeDamageMul" value="Whiskey_DamageBuff"/>
	<property name="DrunkEffect" set="true"/>
	<property name="DrunkEffectPPFXPower" value_add="0.07"/>
	<property name="DrunkEffectInputLagTime" value_add="0.07"/>
	<hud_icon val="valuables_whiskey"/>
</buff>

<buff id="Bottled_Whiskey" duration="150" max_stacks="12" apply_behaviour="ResetDuration">
    <property name="StrengthDamageMul" value="Whiskey_DamageBuff"/>
    <property name="MeleeDamageMul" value="Whiskey_DamageBuff"/>
	<property name="DrunkEffect" set="true"/>
	<property name="DrunkEffectPPFXPower" value_add="0.07"/>
	<property name="DrunkEffectInputLagTime" value_add="0.07"/>
	<hud_icon val="valuables_whiskey"/>
</buff>

<buff id="Top_Shelf_Bottled_Whiskey" duration="180" max_stacks="12" apply_behaviour="ResetDuration">
    <property name="StrengthDamageMul" value="Weak_Whiskey_DamageBuff"/>
    <property name="MeleeDamageMul" value="Weak_Whiskey_DamageBuff"/>
	<property name="DrunkEffect" set="true"/>
	<property name="DrunkEffectPPFXPower" value_add="0.03"/>
	<property name="DrunkEffectInputLagTime" value_add="0.03"/>
	<hud_icon val="valuables_whiskey"/>
</buff>

<buff id="Medkit_Clean_Bandages" duration="0">
    <OnGain>
        <AddHealth value="MedKit_Clean_Bandages"/>
    </OnGain>
</buff>

<buff id="Medkit_Aspirin" duration="0">
    <OnGain>
        <AddHealth value="Aspirin"/>
    </OnGain>
</buff>

<buff id="Medkit_Morphine" duration="10">
    <OnGain>
        <AddHealth value="Morphine"/>
		<property name="DrunkEffect" set="true"/>
		<property name="DrunkEffectPPFXPower" value_add="0.01"/>
		<property name="DrunkEffectInputLagTime" value_add="0.1"/>
    </OnGain>
</buff>


<!-- Zombie -->
<buff id="Potion_Charger" duration="200" max_stacks="3" apply_behaviour="ResetDuration" serialize_on_save="false">
    <property name="MaxHealth" value="1000.0"/>
	<property name="ForceGivingHeavyDamage" value="true"/>
	<property name="StrengthDamageMul" value="6.0"/>
    <property name="MeleeDamageMul" value="6.0"/>
	<property name="NightRunnerRagdollProbability" value="1.0"/>
	<property name="PhysicsDamageMul" value_add="3.0"/>
	<property name="ChargeAttackAdditionalMul" value_add="2.00"/>
	<property name="MoveBackwardMaxSpeed" value_add="-2.00"/>
	<property name="MoveForwardMaxSpeed" value_add="1.50"/>
	<property name="MoveStrafeMaxSpeed" value_add="-2.00"/>
	<property name="MoveSprintSpeed" value_add="1.0"/>
	<property name="WallRunSideMaxDuration" value_add="-4.0"/>
	<property name="WallRunSideAcc" value_add="-4.0"/>
	<property name="LargeFallHeight" value_add="4.0"/>
	<property name="HarmfulHeight" value_add="4.0"/>
    <property name="LethalHeight" value_add="4.0"/>
	<property name="HoldJumpHeight" value_add="-0.95"/>
	<property name="DoubleJumpHeight" value_add="-0.95"/>
	<property name="NormalJumpHeight" value_add="-0.95"/>
	<property name="OutfitArmorResistanceFactorMul" value_add="3.05"/>
	<property name="AIDamageResistance" value_add="0.78"/>
	<property name="MoveSpeedFitnessFactor" value_add="0.01"/>
	<property name="MoveAnimSpeedMul" value_add="-0.3"/>
	<property name="CameraDefaultFOV" value_add="-10.0"/>
    <hud_icon val="Item_Goon_Gland"/>
</buff>

<buff id="Potion_Goon" duration="200" max_stacks="3" apply_behaviour="ResetDuration" serialize_on_save="false">
    <property name="MaxHealth" value="2000.0"/>
	<property name="ForceGivingHeavyDamage" value="true"/>
	<property name="StrengthDamageMul" value="6.0"/>
    <property name="MeleeDamageMul" value="6.0"/>
	<property name="NightRunnerRagdollProbability" value="1.0"/>
	<property name="PhysicsDamageMul" value_add="3.5"/>
	<property name="MoveBackwardMaxSpeed" value_add="-1.00"/>
	<property name="MoveForwardMaxSpeed" value_add="1.00"/>
	<property name="MoveStrafeMaxSpeed" value_add="-1.00"/>
	<property name="MoveSprintSpeed" value_add="1.0"/>
	<property name="WallRunSideMaxDuration" value_add="-4.0"/>
	<property name="WallRunSideAcc" value_add="-4.0"/>
	<property name="LargeFallHeight" value_add="4.0"/>
	<property name="HarmfulHeight" value_add="4.0"/>
    <property name="LethalHeight" value_add="4.0"/>
	<property name="HoldJumpHeight" value_add="-0.95"/>
	<property name="DoubleJumpHeight" value_add="-0.95"/>
	<property name="NormalJumpHeight" value_add="-0.95"/>
	<property name="OutfitArmorResistanceFactorMul" value_add="6.35"/>
	<property name="AIDamageResistance" value_add="1.18"/>
	<property name="MoveSpeedFitnessFactor" value_add="0.01"/>
	<property name="MoveAnimSpeedMul" value_add="-0.3"/>
	<property name="CameraDefaultFOV" value_add="-10.0"/>
    <hud_icon val="Item_Goon_Gland"/>
</buff>

<buff id="Potion_Banshee" duration="300" max_stacks="3" apply_behaviour="ResetDuration" serialize_on_save="false">
    <property name="StrengthDamageMul" value="2.0"/>
    <property name="MeleeDamageMul" value="2.0"/>
	<property name="CamouflageEnabled" value="1"/>
	<property name="NightRunnerRagdollProbability" value="1.0"/>
	<property name="LookVertAcc_Pad" value_add="-1900.0"/>
	<property name="LookHorzAcc_Pad" value_add="-1900.0"/>
	<property name="LookVertDec_Pad" value_add="-49500.0"/>
	<property name="LookHorzDec_Pad" value_add="-49500.0"/>
	<property name="MoveBackwardMaxSpeed" value_add="2.00"/>
	<property name="MoveForwardMaxSpeed" value_add="2.00"/>
	<property name="MoveStrafeMaxSpeed" value_add="2.00"/>
	<property name="MoveSprintSpeed" value_add="4.0"/>
	<property name="WallRunSideMaxDuration" value_add="2.0"/>
	<property name="WallRunSideAcc" value_add="1.3"/>
	<property name="LargeFallHeight" value_add="4.0"/>
	<property name="HarmfulHeight" value_add="4.0"/>
    <property name="LethalHeight" value_add="4.0"/>
	<property name="HoldJumpHeight" value_add="2.0"/>
	<property name="DoubleJumpHeight" value_add="2.15"/>
	<property name="NormalJumpHeight" value_add="1.95"/>
	<property name="OutfitArmorResistanceFactorMul" value_add="-0.2"/>
	<property name="AIDamageResistance" value_add="-0.15"/>
	<property name="MoveSpeedFitnessFactor" value_add="0.01"/>
	<property name="CameraDefaultFOV" value_add="10.0"/>
	<property name="NightVisionPower" value_add="0.1"/>
	<property name="OutfitAntizineDrainMul" value_add ="-0.010"/>
	<varlist_timeline var="f_game_zombie_vision">
		<key t="0" val="0"/>
		<key t="0.8" val="0"/>
		<key t="0.9" val="4"/>
		<key t="1" val="1"/>
		<key t="2" val="0.25"/>
		<key t="59" val="0.25"/>
		<key t="300" val="0"/>
	</varlist_timeline>
    <hud_icon val="Item_Banshee_Gland"/>
</buff>

<buff id="Potion_Volatile" duration="400" max_stacks="3" apply_behaviour="ResetDuration" serialize_on_save="false">
    <property name="StrengthDamageMul" value="3.0"/>
    <property name="MeleeDamageMul" value="3.0"/>
	<property name="NightRunnerRagdollProbability" value="1.0"/>
	<property name="LookVertAcc_Pad" value_add="-1900.0"/>
	<property name="LookHorzAcc_Pad" value_add="-1900.0"/>
	<property name="LookVertDec_Pad" value_add="-49500.0"/>
	<property name="LookHorzDec_Pad" value_add="-49500.0"/>
	<property name="MoveBackwardMaxSpeed" value_add="1.50"/>
	<property name="MoveForwardMaxSpeed" value_add="1.50"/>
	<property name="MoveStrafeMaxSpeed" value_add="1.50"/>
	<property name="MoveSprintSpeed" value_add="2.5"/>
	<property name="LargeFallHeight" value_add="7.0"/>
	<property name="HarmfulHeight" value_add="7.0"/>
    <property name="LethalHeight" value_add="7.0"/>
	<property name="HoldJumpHeight" value_add="1.25"/>
	<property name="DoubleJumpHeight" value_add="1.5"/>
	<property name="NormalJumpHeight" value_add="1.0"/>
	<property name="OutfitArmorResistanceFactorMul" value_add="0.6"/>
	<property name="AIDamageResistance" value_add="0.1"/>
	<property name="MoveSpeedFitnessFactor" value_add="0.01"/>
	<property name="CameraDefaultFOV" value_add="20.0"/>
	<property name="NightVisionPower" value_add="0.2"/>
	<property name="OutfitAntizineDrainMul" value_add ="-0.010"/>
	<varlist_timeline var="f_game_zombie_vision">
		<key t="0" val="0"/>
		<key t="0.8" val="0"/>
		<key t="0.9" val="4"/>
		<key t="1" val="1"/>
		<key t="2" val="0.55"/>
		<key t="59" val="0.55"/>
		<key t="400" val="0"/>
	</varlist_timeline>
    <hud_icon val="Item_Volatile_Gland"/>
</buff>

<buff id="Potion_Volatile_Tyrant" duration="600" max_stacks="3" apply_behaviour="ResetDuration" serialize_on_save="false">
    <property name="StrengthDamageMul" value="5.0"/>
    <property name="MeleeDamageMul" value="5.0"/>
	<property name="NightRunnerRagdollProbability" value="1.0"/>
	<property name="LookVertAcc_Pad" value_add="-1900.0"/>
	<property name="LookHorzAcc_Pad" value_add="-1900.0"/>
	<property name="LookVertDec_Pad" value_add="-49500.0"/>
	<property name="LookHorzDec_Pad" value_add="-49500.0"/>
	<property name="MoveBackwardMaxSpeed" value_add="1.00"/>
	<property name="MoveForwardMaxSpeed" value_add="1.00"/>
	<property name="MoveStrafeMaxSpeed" value_add="1.00"/>
	<property name="MoveSprintSpeed" value_add="2.0"/>
	<property name="WallRunSideMaxDuration" value_add="2.0"/>
	<property name="WallRunSideAcc" value_add="1.3"/>
	<property name="LargeFallHeight" value_add="8.0"/>
	<property name="HarmfulHeight" value_add="8.0"/>
    <property name="LethalHeight" value_add="8.0"/>
	<property name="HoldJumpHeight" value_add="1.25"/>
	<property name="DoubleJumpHeight" value_add="1.5"/>
	<property name="NormalJumpHeight" value_add="1.0"/>
	<property name="OutfitArmorResistanceFactorMul" value_add="0.75"/>
	<property name="AIDamageResistance" value_add="0.15"/>
	<property name="CameraDefaultFOV" value_add="25.0"/>
	<property name="NightVisionPower" value_add="0.5"/>
	<property name="OutfitAntizineDrainMul" value_add ="-0.010"/>
	<varlist_timeline var="f_game_zombie_vision">
		<key t="0" val="0"/>
		<key t="0.8" val="0"/>
		<key t="0.9" val="4"/>
		<key t="1" val="1"/>
		<key t="2" val="0.55"/>
		<key t="59" val="0.55"/>
		<key t="600" val="0"/>
	</varlist_timeline>
    <hud_icon val="map_encounter_volatile"/>
</buff>

<!-- --------------- ARMOR CLASSES --------------- -->

<!-- LIGHT ARMOR -->
<buff id="Hunter_Buff" duration="10" max_stacks="1" apply_behaviour="ResetDuration">>
	<property name="DrunkEffect" set="true"/>
	<property name="DrunkEffectPPFXPower" value_add="1.0"/>
	<property name="DrunkEffectInputLagTime" value_add="1.0"/>
	<property name="DrunkEffectMoveRollAngle" value_add="10.0"/>
	<property name="DrunkEffectMoveRollAngleTime" value_add="1.0"/>
	
	<!--<property name="MoveBackwardMaxSpeed" value_add="2.2"/>
	<property name="MoveForwardMaxSpeed" value_add="2.2"/>
	<property name="MoveStrafeMaxSpeed" value_add="2.2"/>
	<property name="MoveSprintSpeed" value_add="2.2"/>
	<property name="NormalHoldJumpTime" value_add="0.7"/>
	<property name="HarmfulHeight" value_add="0.8"/>
    <property name="LethalHeight" value_add="0.8"/>-->
	
    <hud_icon val="equipment_inhaler"/>
</buff>

<!-- MEDIUM ARMOR -->

<buff id="MediumArmor_Buff" duration="-1" max_stacks="3" serialize_on_save="false">
	<property name="MoveBackwardMaxSpeed" value_add="-0.01"/>
	<property name="MoveForwardMaxSpeed" value_add="-0.01"/>
	<property name="MoveStrafeMaxSpeed" value_add="-0.01"/>
	<property name="MoveSprintSpeed" value_add="-0.01"/>
	<property name="MinTimeBetweenJumps" value_add="0.1"/>
	<property name="WallRunSideMinDuration" value_add="-0.03"/>
	<property name="WallRunSideMaxDuration" value_add="-0.03"/>
	<property name="WallJumpSideSpeed" value_add="-0.03"/>
	<property name="WallRunSideAcc" value_add="-0.35"/>
	<property name="GlideAcceleration" value_add="-0.05"/>
	<property name="GlideDecceleration" value_add="0.05"/>
	<property name="SquirrelSuitExtraGravity" value_add="-0.25"/>
	<property name="SquirrelSuitMoveSpeed" value_add="-0.5"/>
	<property name="GlideStaminaCost" value_add="0.02"/>
	<property name="LadderSlideDownTime" value_add="0.1"/>
	<property name="NoiseLandingLowHeight" value_add="0.1"/>
	<property name="PassiveLandingNoiseLevelChange" value_add="0.1"/>
	<property name="EdgeHeavyGrabFallHeight" value_add="-0.01"/>
	<property name="EdgeFailedGrabFallHeight" value_add="-0.01"/>
	<property name="MaxStaminaDrainFactor" value_add="0.01"/>
	<property name="MoveSeverityLightScale" value_add="0.01"/>
	<property name="MoveSeverityMediumScale" value_add="0.01"/>
	<property name="MoveSeverityHeavyScale" value_add="0.02"/>
</buff>

<buff id="MediumArmor_Buff_Torso_Low" duration="-1" max_stacks="1" serialize_on_save="false">
	<property name="MoveBackwardMaxSpeed" value_add="-0.2"/>
	<property name="MoveForwardMaxSpeed" value_add="-0.2"/>
	<property name="MoveStrafeMaxSpeed" value_add="-0.3"/>
	<property name="MoveSprintSpeed" value_add="-0.4"/>
	<property name="HarmfulHeight" value_add="-0.3"/>
    <property name="LethalHeight" value_add="-0.3"/>
	<property name="HoldJumpHeight" value_add="-0.1"/>
	<property name="DoubleJumpHeight" value_add="-0.1"/>
	<property name="NormalJumpHeight" value_add="-0.2"/>
	<property name="RopeHookSwingMoveMaxVelocity" value_add="-0.6"/>
	<property name="RopeHookSwingDampingMult" value_add="0.6"/>
	<property name="MinTimeBetweenJumps" value_add="0.4"/>
	<property name="WallRunSideMinDuration" value_add="-0.1"/>
	<property name="WallRunSideMaxDuration" value_add="-0.1"/>
	<property name="WallJumpSideSpeed" value_add="-0.2"/>
	<property name="WallRunSideAcc" value_add="-4.0"/>
	<property name="GlideAcceleration" value_add="-1.0"/>
	<property name="GlideDecceleration" value_add="1.0"/>
	<property name="SquirrelSuitExtraGravity" value_add="-8.0"/>
	<property name="SquirrelSuitMoveSpeed" value_add="-5.0"/>
	<property name="GlideStaminaCost" value_add="0.1"/>
	<property name="LadderSlideDownTime" value_add="0.3"/>
	<property name="OutfitArmorResistanceFactorMul" value_add="0.3"/>
	<property name="AIDamageResistance" value_add="0.1"/>
	<property name="NoiseLandingLowHeight" value_add="1.0"/>
	<property name="PassiveLandingNoiseLevelChange" value_add="1.0"/>
	<property name="MovingStaminaRegenFactor" value_add="-0.05"/>
	<property name="EdgeHeavyGrabFallHeight" value_add="-0.1"/>
	<property name="EdgeFailedGrabFallHeight" value_add="-0.2"/>
	<property name="MaxStaminaDrainFactor" value_add="0.1"/>
	<property name="MoveSpeedFitnessFactor" value_add="-0.05"/>
	<property name="MoveSeverityLightScale" value_add="0.1"/>
	<property name="MoveSeverityMediumScale" value_add="0.5"/>
	<property name="MoveSeverityHeavyScale" value_add="1.5"/>
	<property name="SwimMoveSpeed" value_add="-0.1"/>
</buff>

<buff id="MediumArmor_Buff_Torso_High" duration="-1" max_stacks="1" serialize_on_save="false">
	<property name="MoveBackwardMaxSpeed" value_add="-0.25"/>
	<property name="MoveForwardMaxSpeed" value_add="-0.25"/>
	<property name="MoveStrafeMaxSpeed" value_add="-0.35"/>
	<property name="MoveSprintSpeed" value_add="-0.45"/>
	<property name="HarmfulHeight" value_add="-0.4"/>
    <property name="LethalHeight" value_add="-0.4"/>
	<property name="HoldJumpHeight" value_add="-0.15"/>
	<property name="DoubleJumpHeight" value_add="-0.15"/>
	<property name="NormalJumpHeight" value_add="-0.25"/>
	<property name="RopeHookSwingMoveMaxVelocity" value_add="-0.8"/>
	<property name="RopeHookSwingDampingMult" value_add="0.8"/>
	<property name="MinTimeBetweenJumps" value_add="0.5"/>
	<property name="WallRunSideMinDuration" value_add="-0.15"/>
	<property name="WallRunSideMaxDuration" value_add="-0.15"/>
	<property name="WallJumpSideSpeed" value_add="-0.25"/>
	<property name="WallRunSideAcc" value_add="-5.0"/>
	<property name="GlideAcceleration" value_add="-1.5"/>
	<property name="GlideDecceleration" value_add="1.5"/>
	<property name="SquirrelSuitExtraGravity" value_add="-8.5"/>
	<property name="SquirrelSuitMoveSpeed" value_add="-5.5"/>
	<property name="GlideStaminaCost" value_add="0.15"/>
	<property name="LadderSlideDownTime" value_add="0.5"/>
	<property name="OutfitArmorResistanceFactorMul" value_add="0.4"/>
	<property name="AIDamageResistance" value_add="0.15"/>
	<property name="NoiseLandingLowHeight" value_add="1.0"/>
	<property name="PassiveLandingNoiseLevelChange" value_add="1.0"/>
	<property name="MovingStaminaRegenFactor" value_add="-0.05"/>
	<property name="EdgeHeavyGrabFallHeight" value_add="-0.1"/>
	<property name="EdgeFailedGrabFallHeight" value_add="-0.2"/>
	<property name="MaxStaminaDrainFactor" value_add="0.1"/>
	<property name="MoveSpeedFitnessFactor" value_add="-0.05"/>
	<property name="MoveSeverityLightScale" value_add="0.1"/>
	<property name="MoveSeverityMediumScale" value_add="0.5"/>
	<property name="MoveSeverityHeavyScale" value_add="1.5"/>
	<property name="SwimMoveSpeed" value_add="-0.1"/>
</buff>

<!-- HEAVY ARMOR -->

<buff id="HeavyArmor_Buff" duration="-1" max_stacks="5" serialize_on_save="false">
	<property name="MoveBackwardMaxSpeed" value_add="-0.01"/>
	<property name="MoveForwardMaxSpeed" value_add="-0.01"/>
	<property name="MoveStrafeMaxSpeed" value_add="-0.01"/>
	<property name="MoveSprintSpeed" value_add="-0.01"/>
	<property name="HarmfulHeight" value_add="-0.01"/>
    <property name="LethalHeight" value_add="-0.01"/>
	<property name="MinTimeBetweenJumps" value_add="0.2"/>
	<property name="WallRunSideMinDuration" value_add="-0.05"/>
	<property name="WallRunSideMaxDuration" value_add="-0.05"/>
	<property name="WallJumpSideSpeed" value_add="-0.05"/>
	<property name="WallRunSideAcc" value_add="-0.75"/>
	<property name="GlideAcceleration" value_add="-0.1"/>
	<property name="GlideDecceleration" value_add="0.1"/>
	<property name="SquirrelSuitExtraGravity" value_add="-1.0"/>
	<property name="SquirrelSuitMoveSpeed" value_add="-1.0"/>
	<property name="GlideStaminaCost" value_add="0.05"/>
	<property name="LadderSlideDownTime" value_add="0.1"/>
	<property name="NoiseLandingLowHeight" value_add="0.1"/>
	<property name="PassiveLandingNoiseLevelChange" value_add="0.1"/>
	<property name="EdgeHeavyGrabFallHeight" value_add="-0.01"/>
	<property name="EdgeFailedGrabFallHeight" value_add="-0.01"/>
	<property name="MaxStaminaDrainFactor" value_add="0.01"/>
	<property name="MoveSeverityLightScale" value_add="0.01"/>
	<property name="MoveSeverityMediumScale" value_add="0.01"/>
	<property name="MoveSeverityHeavyScale" value_add="0.02"/>
</buff>

<buff id="HeavyArmor_Buff_Torso_Low" duration="-1" max_stacks="1" serialize_on_save="false">
	<property name="MoveBackwardMaxSpeed" value_add="-0.35"/>
	<property name="MoveForwardMaxSpeed" value_add="-0.35"/>
	<property name="MoveStrafeMaxSpeed" value_add="-0.55"/>
	<property name="MoveSprintSpeed" value_add="-0.55"/>
	<property name="HarmfulHeight" value_add="-0.4"/>
    <property name="LethalHeight" value_add="-0.4"/>
	<property name="HoldJumpHeight" value_add="-0.2"/>
	<property name="DoubleJumpHeight" value_add="-0.2"/>
	<property name="NormalJumpHeight" value_add="-0.4"/>
	<property name="RopeHookSwingMoveMaxVelocity" value_add="-1.8"/>
	<property name="RopeHookSwingDampingMult" value_add="1.8"/>
	<property name="MinTimeBetweenJumps" value_add="1.0"/>
	<property name="WallRunSideMinDuration" value_add="-0.25"/>
	<property name="WallRunSideMaxDuration" value_add="-0.25"/>
	<property name="WallJumpSideSpeed" value_add="-0.45"/>
	<property name="WallRunSideAcc" value_add="-5.0"/>
	<property name="GlideAcceleration" value_add="-1.5"/>
	<property name="GlideDecceleration" value_add="1.5"/>
	<property name="SquirrelSuitExtraGravity" value_add="-8.5"/>
	<property name="SquirrelSuitMoveSpeed" value_add="-5.5"/>
	<property name="GlideStaminaCost" value_add="0.3"/>
	<property name="LadderSlideDownTime" value_add="0.5"/>
	<property name="OutfitArmorResistanceFactorMul" value_add="0.5"/>
	<property name="AIDamageResistance" value_add="0.2"/>
	<property name="NoiseLandingLowHeight" value_add="1.5"/>
	<property name="PassiveLandingNoiseLevelChange" value_add="1.5"/>
	<property name="EdgeHeavyGrabFallHeight" value_add="-0.1"/>
	<property name="EdgeFailedGrabFallHeight" value_add="-0.25"/>
	<property name="MaxStaminaDrainFactor" value_add="0.1"/>
	<property name="MoveSeverityLightScale" value_add="0.5"/>
	<property name="MoveSeverityMediumScale" value_add="1.5"/>
	<property name="MoveSeverityHeavyScale" value_add="2.5"/>
	<property name="SwimMoveSpeed" value_add="-0.2"/>
	<property name="CanBeKnockedDownByTackle" value="0"/>
	<property name="LookBackEnabled" value="0"/>
	<property name="DodgeJumpSide" value="0"/>
	<hud_icon val="equipment_inhaler"/>
</buff>

<buff id="HeavyArmor_Buff_Torso_High" duration="-1" max_stacks="1" serialize_on_save="false">
	<property name="MoveBackwardMaxSpeed" value_add="-0.55"/>
	<property name="MoveForwardMaxSpeed" value_add="-0.55"/>
	<property name="MoveStrafeMaxSpeed" value_add="-0.75"/>
	<property name="MoveSprintSpeed" value_add="-0.85"/>
	<property name="HarmfulHeight" value_add="-0.8"/>
    <property name="LethalHeight" value_add="-0.8"/>
	<property name="HoldJumpHeight" value_add="-0.3"/>
	<property name="DoubleJumpHeight" value_add="-0.3"/>
	<property name="NormalJumpHeight" value_add="-0.5"/>
	<property name="RopeHookSwingMoveMaxVelocity" value_add="-1.8"/>
	<property name="RopeHookSwingDampingMult" value_add="1.8"/>
	<property name="MinTimeBetweenJumps" value_add="1.0"/>
	<property name="WallRunSideMinDuration" value_add="-0.25"/>
	<property name="WallRunSideMaxDuration" value_add="-0.25"/>
	<property name="WallJumpSideSpeed" value_add="-0.45"/>
	<property name="WallRunSideAcc" value_add="-10.0"/>
	<property name="GlideAcceleration" value_add="-1.5"/>
	<property name="GlideDecceleration" value_add="1.5"/>
	<property name="SquirrelSuitExtraGravity" value_add="-12.5"/>
	<property name="SquirrelSuitMoveSpeed" value_add="-9.5"/>
	<property name="GlideStaminaCost" value_add="0.3"/>
	<property name="LadderSlideDownTime" value_add="0.5"/>
	<property name="OutfitArmorResistanceFactorMul" value_add="0.4"/>
	<property name="AIDamageResistance" value_add="0.15"/>
	<property name="NoiseLandingLowHeight" value_add="1.5"/>
	<property name="PassiveLandingNoiseLevelChange" value_add="1.5"/>
	<property name="MovingStaminaRegenFactor" value_add="-0.1"/>
	<property name="EdgeHeavyGrabFallHeight" value_add="-0.2"/>
	<property name="EdgeFailedGrabFallHeight" value_add="-0.5"/>
	<property name="MaxStaminaDrainFactor" value_add="0.2"/>
	<property name="MoveSpeedFitnessFactor" value_add="-0.1"/>
	<property name="MoveSprintStaminaConsumption" value_add="0.01"/>
	<property name="MoveSeverityLightScale" value_add="0.5"/>
	<property name="MoveSeverityMediumScale" value_add="1.5"/>
	<property name="MoveSeverityHeavyScale" value_add="2.5"/>
	<property name="SwimMoveSpeed" value_add="-0.5"/>
	<property name="CanBeKnockedDownByTackle" value="0"/>
	<property name="LookBackEnabled" value="0"/>
	<property name="DodgeJumpSide" value="0"/>
	<hud_icon val="equipment_inhaler"/>
</buff>

<!-- --------------- OUTFIT GROUPS --------------- -->

<!-- HAZMAT -->

<buff id="Affix_Outfit_IAL_Hazmat_ImmunityDrainReduce_Buff_Stage1" duration="-1" max_stacks="1000" serialize_on_save="false">
    <property name="OutfitAntizineDrainMul" value_add ="-0.001"/>
</buff>

<buff id="Affix_Outfit_IAL_Hazmat_ImmunityDrainReduce_Buff_Stage2" duration="-1" max_stacks="1000" serialize_on_save="false">
    <property name="OutfitAntizineDrainMul" value_add ="-0.002"/>
</buff>

<buff id="Affix_Outfit_IAL_Hazmat_ImmunityDrainReduce_Buff_Stage3" duration="-1" max_stacks="1000" serialize_on_save="false">
    <property name="OutfitAntizineDrainMul" value_add ="-0.003"/>
</buff>

<buff id="Affix_Outfit_IAL_Hazmat_ImmunityDrainReduce_Buff_Stage4" duration="-1" max_stacks="1000" serialize_on_save="false">
    <property name="OutfitAntizineDrainMul" value_add ="-0.005"/>
</buff>

<buff id="Affix_Outfit_IAL_Hazmat_ImmunityDrainReduce_Buff_Stage5" duration="-1" max_stacks="1000" serialize_on_save="false">
    <property name="OutfitAntizineDrainMul" value_add ="-0.010"/>
</buff>

<!-- FORAGER -->

<buff id="Forager_Armor_Buff_Torso_Low" duration="-1" max_stacks="1" serialize_on_save="false">
	<property name="MoveBackwardMaxSpeed" value_add="-0.35"/>
	<property name="MoveForwardMaxSpeed" value_add="-0.35"/>
	<property name="MoveStrafeMaxSpeed" value_add="-0.55"/>
	<property name="MoveSprintSpeed" value_add="-0.55"/>
	<property name="HarmfulHeight" value_add="-0.4"/>
    <property name="LethalHeight" value_add="-0.4"/>
	<property name="HoldJumpHeight" value_add="-0.2"/>
	<property name="DoubleJumpHeight" value_add="-0.2"/>
	<property name="NormalJumpHeight" value_add="-0.4"/>
	<property name="RopeHookSwingMoveMaxVelocity" value_add="-1.8"/>
	<property name="RopeHookSwingDampingMult" value_add="1.8"/>
	<property name="MinTimeBetweenJumps" value_add="1.0"/>
	<property name="WallRunSideMinDuration" value_add="-0.25"/>
	<property name="WallRunSideMaxDuration" value_add="-0.25"/>
	<property name="WallJumpSideSpeed" value_add="-0.45"/>
	<property name="WallRunSideAcc" value_add="-5.0"/>
	<property name="GlideAcceleration" value_add="-1.5"/>
	<property name="GlideDecceleration" value_add="1.5"/>
	<property name="SquirrelSuitExtraGravity" value_add="-8.5"/>
	<property name="SquirrelSuitMoveSpeed" value_add="-5.5"/>
	<property name="GlideStaminaCost" value_add="0.3"/>
	<property name="LadderSlideDownTime" value_add="0.5"/>
	<property name="OutfitArmorResistanceFactorMul" value_add="0.5"/>
	<property name="AIDamageResistance" value_add="0.2"/>
	<property name="NoiseLandingLowHeight" value_add="1.5"/>
	<property name="PassiveLandingNoiseLevelChange" value_add="1.5"/>
	<property name="EdgeHeavyGrabFallHeight" value_add="-0.1"/>
	<property name="EdgeFailedGrabFallHeight" value_add="-0.25"/>
	<property name="MaxStaminaDrainFactor" value_add="0.1"/>
	<property name="MoveSeverityLightScale" value_add="0.5"/>
	<property name="MoveSeverityMediumScale" value_add="1.5"/>
	<property name="MoveSeverityHeavyScale" value_add="2.5"/>
	<property name="SwimMoveSpeed" value_add="-0.2"/>
	<property name="CanBeKnockedDownByTackle" value="0"/>
	<property name="LookBackEnabled" value="0"/>
	<property name="DodgeJumpSide" value="0"/>
	<hud_icon val="equipment_inhaler"/>
</buff>

<!-- RUNNER -->

<buff id="Affix_Outfit_IAL_Runner_WallRun_Buff_Stage1" duration="-1" max_stacks="1" serialize_on_save="false">
    <property name="WallRunSideMaxDuration" value_add ="1.25"/>
</buff>

<buff id="Affix_Outfit_IAL_Runner_WallRun_Buff_Stage2" duration="-1" max_stacks="1" serialize_on_save="false">
    <property name="WallRunSideMaxDuration" value_add ="2.25"/>
</buff>

<buff id="Affix_Outfit_IAL_Runner_WallRun_Buff_Stage3" duration="-1" max_stacks="1" serialize_on_save="false">
    <property name="WallRunSideMaxDuration" value_add ="4.0"/>
</buff>

<buff id="Affix_Outfit_IAL_Runner_Speed_Buff_Stage1" duration="-1" max_stacks="1" serialize_on_save="false">
    <property name="MoveSprintSpeed" value_add="3.0"/>
</buff>

<buff id="Affix_Outfit_IAL_Runner_Speed_Buff_Stage2" duration="-1" max_stacks="1" serialize_on_save="false">
    <property name="MoveSprintSpeed" value_add="5.0"/>
</buff>

<buff id="Affix_Outfit_IAL_Runner_Speed_Buff_Stage3" duration="-1" max_stacks="1" serialize_on_save="false">
    <property name="MoveSprintSpeed" value_add="8.0"/>
</buff>

<buff id="Affix_Outfit_IAL_Runner_Boost_Buff_Stage1" duration="-1" max_stacks="1" serialize_on_save="false">
    <property name="MoveAcceleration" value_add="1.0"/>
</buff>

<buff id="Affix_Outfit_IAL_Runner_Boost_Buff_Stage2" duration="-1" max_stacks="1" serialize_on_save="false">
    <property name="MoveAcceleration" value_add="3.0"/>
</buff>

<buff id="Affix_Outfit_IAL_Runner_Boost_Buff_Stage3" duration="-1" max_stacks="1" serialize_on_save="false">
    <property name="MoveAcceleration" value_add="5.0"/>
</buff>

<!-- LEISURE -->

<buff id="Affix_Outfit_IAL_Leisure_Sell_Buff_Stage1" duration="-1" max_stacks="1000" serialize_on_save="false">
    <property name="NightVisionEnabled" value_add ="1"/>
</buff>
