<?xml version="1.0" encoding="UTF-8"?>
<BehaviorTree xmlns:xsi="http://www.w3.org/2001/XMLSchema-instance" xsi:noNamespaceSchemaLocation="../../../../MetaData/schema_ai.xsd" m_ContextType="ai">
    <!-- Used to move away and despawn when was spawned by chase -->
    <CooldownTimeDelta m_CooldownTime="5" m_CooldownOnAbort="true" m_StatusReturned="SUCCESS">
		<Sequence>
			<Cnd_ChaseInProgress m_Invert="true"/>
			<Inverter>
				<Sequence>
					<Cnd_HasBBValue m_Key="#target"/>
					<Cnd_IsPlayer m_Target="#target"/>
				</Sequence>
			</Inverter>
			<SequenceMem>
				<Opr_GetLocalPlayer m_Player="#local_player"/>
				<Opr_GetObjectPosition m_Object="#local_player" m_Position="#local_player_pos"/>
				<Opr_GetDistanceToPosition m_Distance="#local_player_dis" m_Position="#local_player_pos"/>
				<Opr_GetDirectionToPosition m_Position="#local_player_pos" m_Direction="#turn_dir"/>
				<Sequence>
                    <Cnd_IsBBValueGreaterOrEqual_float m_Key="#local_player_dis" m_Value="12"/>
					<Act_Move m_MoveStyle="#move_style_run" m_Destination="#local_player_pos" m_StartPolicy="INTERRUPT" m_AbandonPolicy="BLENDOUT" m_DecisionPolicy="ON_END"/>
				</Sequence>
				<SelectorMem>
	                <Cnd_IsCombatTargetInRadius m_Radius="3.5" m_UsePrediction="true" m_Invert="true"/>
	                <SequenceMem>
	                    <Cnd_HasActiveWeapon m_WeaponType="OneHandedMelee"/>
	                    <ExternalTree m_UID="HUMAN_ATTACK_QUICK" m_CustomName="Quick" m_Hide="true"/>
	                </SequenceMem>
	                <SequenceMem>
	                    <ExternalTree m_UID="HUMAN_ATTACK_PUSH" m_CustomName="Push" m_Hide="true"/>
	                </SequenceMem>
	            </SelectorMem>
				<Sequence>
					<Cnd_IsInDarkzone/>
                    <Cnd_IsBBValueGreaterOrEqual_float m_Key="#local_player_dis" m_Value="4"/>
					<Act_Move m_MoveStyle="#move_style_run" m_Destination="#local_player_pos" m_StartPolicy="INTERRUPT" m_AbandonPolicy="BLENDOUT" m_DecisionPolicy="ON_END"/>
				</Sequence>
			</SequenceMem>
		</Sequence>
	</CooldownTimeDelta>
</BehaviorTree>
