<?xml version="1.0" encoding="UTF-8"?>
<BehaviorTree xmlns:xsi="http://www.w3.org/2001/XMLSchema-instance" xsi:noNamespaceSchemaLocation="../../../../MetaData/schema_ai.xsd" m_ContextType="ai">
    <Succeeder>
        <Sequence>
            <Succeeder>
                <CooldownTimeDelta m_CooldownTime="1" m_StatusReturned="SUCCESS">
                    <Sequence>
                        <Cnd_HasBBValue m_Key="#target"/>
                        <Cnd_IsTargetVisible m_Target="#target"/>
                        <Cnd_ChaseInProgress/>
                        <Cnd_IsBBValueEqual_bool m_Key="#is_chasing" m_Value="true"/>
                        <Opr_OnPlayerSpottedInChase/>
                    </Sequence>
                </CooldownTimeDelta>
            </Succeeder>
            <Succeeder>
                <Sequence>
                    <Cnd_IsBBValueEqual_bool m_Key="#forced_target_set" m_Value="false"/>
                    <Opr_SetBBValue_bool m_Key="#is_chasing" m_Value="false"/>
                    <Opr_SetBBValue_bool m_Key="#any_target_noticed" m_Value="false"/>
                    <Opr_GetForcedChasePosition m_Position="#forced_chase_position"/>
                    <Opr_SetBBValue_bool m_Key="#forced_target_set" m_Value="true"/>
                    <Cnd_ChaseInProgress/>
                    <Opr_GetChaseTarget m_Target="#chase_target"/>
                    <Opr_SetBBValue_bool m_Key="#is_chasing" m_Value="true"/>
                </Sequence>
            </Succeeder>
            <Succeeder>
                <Sequence>
                    <Selector>
                        <Cnd_HasBBValue m_Key="#target"/>
                        <Cnd_HasBBValue m_Key="#group_target"/>
                    </Selector>
                    <Opr_SetBBValue_bool m_Key="#any_target_noticed" m_Value="true"/>
                </Sequence>
            </Succeeder>
            <Succeeder>
                <Sequence>
                    <Cnd_HasBBValue m_Key="#forced_chase_position"/>
                    <Selector>
                        <Sequence>
                            <Cnd_HasBBValue m_Key="#target"/>
                            <Cnd_IsPlayer m_Target="#target"/>
                        </Sequence>
                        <Sequence>
                            <Cnd_HasBBValue m_Key="#group_target"/>
                            <Cnd_IsPlayer m_Target="#group_target"/>
                        </Sequence>
                        <Sequence>
                            <Cnd_HasBBValue m_Key="#target"/>
                            <Cnd_IsPlayer m_Target="#target" m_Invert="true"/>
                        </Sequence>
                    </Selector>
                    <Opr_RemoveBBValue m_Key="#forced_chase_position"/>
                </Sequence>
            </Succeeder>
        </Sequence>
    </Succeeder>
</BehaviorTree>
