<?xml version="1.0" encoding="UTF-8"?>
<BehaviorTree xmlns:xsi="http://www.w3.org/2001/XMLSchema-instance" xsi:noNamespaceSchemaLocation="../../../../MetaData/schema_ai.xsd" m_ContextType="ai">
    <CooldownTimeDelta m_CooldownTime="6" m_CooldownOnAbort="true" m_CooldownBeforeFirstTick="true">
        <SequenceMem>
            <Cnd_CanInterruptActivityModule_Movement/>
            <Cnd_IsPlayer m_Target="#target"/>
            <Cnd_IsPathToTargetClear/>
            <Cnd_IsCombatTargetInRange m_Radius="20" m_Angle="$charge_max_angle"/>
            <Cnd_IsCombatTargetInRadius m_Radius="5" m_Invert="true" m_UsePrediction="true"/>
            <Opr_SetDirCorrectionSpeed m_MaxSpeed="$attack_move_dir_correction_speed"/>
            <Cnd_InTargetHorzAngle m_Target="#target" m_Angle="75"/>
            <Cnd_CanPlayerTargetBeGrabbed m_Target="#target" m_MinTarGrabConsecutiveHits="0" m_MinDelaySinceLastSyncAction="$grab_attempt_min_delay_after_target_last_sync_action"/>
            <Cnd_AreCombatSlotsOccupiedByOthers m_Name="tar" m_MinNumOfOccupiedSlots="2" m_Invert="true"/>
			<CombatSlot m_Name="attack_quick" m_Limit="1" m_Cost="#attack_cost" m_MinDelay="6" m_ReleaseAfterAttackTime="0" m_ReleaseOnDamage="false">
                <SequenceMem>
                    <Parallel m_PolicySuccess="REQUIRE_ONE" m_PolicyFailure="REQUIRE_ONE">
                        <TimeDeltaLimitRandom m_TimeMin="6" m_TimeMax="9" m_StatusReturned="SUCCESS">
                            <Act_Attack m_Target="#target" m_AttackPresetName="biter_charge_with_grab" m_Phase="1" m_StartPolicy="INTERRUPT" m_AbandonPolicy="BLENDOUT"/>
                        </TimeDeltaLimitRandom>
                        <RunUntilSuccess>
                            <Sequence>
                                <Cnd_IsCombatTargetInAngle m_Angle="$combat_max_angle"/>
                                <Selector>
                                    <Cnd_IsCombatTargetInRadius m_Radius="3.6"/>
                                    <Cnd_IsCombatTargetInRadius m_Radius="3.6" m_UsePrediction="true"/>
                                </Selector>
                            </Sequence>
                        </RunUntilSuccess>
                        <Inverter>
                            <RunUntilFailure>
                                <Sequence>
                                    <Cnd_IsCombatTargetInLOS/>
                                    <Cnd_HasPathToCombatTarget/>
                                    <Cnd_IsPathToTargetClear/>
                                    <Cnd_IsCombatTargetInAngle m_Angle="75"/>
                                </Sequence>
                            </RunUntilFailure>
                        </Inverter>
                    </Parallel>
                    <Opr_SetDirCorrectionSpeed m_MaxSpeed="180"/>
                    <Act_Attack m_Target="#target" m_AttackPresetName="biter_charge_with_grab" m_Phase="2" m_StartPolicy="DISCARD" m_AbandonPolicy="INTERRUPT"/>
                </SequenceMem>
            </CombatSlot>
        </SequenceMem>
    </CooldownTimeDelta>
</BehaviorTree>
