<?xml version="1.0" encoding="UTF-8"?>
<BehaviorTree xmlns:xsi="http://www.w3.org/2001/XMLSchema-instance" xsi:noNamespaceSchemaLocation="../../../../MetaData/schema_ai.xsd" m_ContextType="ai">
    <CooldownTimeDelta m_CooldownTime="5" m_CooldownOnAbort="true">
        <SequenceMem>
            <Cnd_HasBBValue m_Key="#berserker_mod"/>
            <Cnd_CanInterruptActivityModule_Movement/>
            <Cnd_IsPathToTargetClear/>
            <Cnd_IsCombatTargetInRange m_Radius="20" m_Angle="$charge_max_angle"/>
            <Cnd_IsCombatTargetInRadius m_Radius="7" m_Invert="true" m_UsePrediction="true"/>
            <Cnd_IsInUVLight m_Invert="true"/>
            <Opr_SetDirCorrectionSpeed m_MaxSpeed="$attack_move_dir_correction_speed"/>
            <CombatSlot m_Name="attack_power" m_Limit="1" m_Cost="#attack_cost" m_MinDelay="15" m_ReleaseAfterAttackTime="0" m_ReleaseOnDamage="false">
                <SequenceMem>
                    <Parallel m_PolicySuccess="REQUIRE_ONE" m_PolicyFailure="REQUIRE_ONE">
                        <TimeDeltaLimitRandom m_TimeMin="6" m_TimeMax="9" m_StatusReturned="SUCCESS">
                            <Act_Attack m_Target="#target" m_AttackPresetName="biter_charge" m_Phase="1" m_StartPolicy="INTERRUPT" m_AbandonPolicy="BLENDOUT"/>
                        </TimeDeltaLimitRandom>
                        <RunUntilSuccess>
                            <Sequence>
                                <Cnd_IsCombatTargetInAngle m_Angle="$combat_max_angle"/>
                                <Selector>
                                    <Cnd_IsCombatTargetInRadius m_Radius="4.0"/>
                                    <Cnd_IsCombatTargetInRadius m_Radius="4.0" m_UsePrediction="true"/>
                                </Selector>
                            </Sequence>
                        </RunUntilSuccess>
                        <Inverter>
                            <RunUntilFailure>
                                <Sequence>
                                    <Cnd_IsCombatTargetInLOS/>
                                    <Cnd_HasPathToCombatTarget/>
                                    <Cnd_IsPathToTargetClear/>
                                    <Cnd_IsCombatTargetInAngle m_Angle="75"/>
                                </Sequence>
                            </RunUntilFailure>
                        </Inverter>
                    </Parallel>
                    <Opr_SetDirCorrectionSpeed m_MaxSpeed="0"/>
                    <Act_Attack m_Target="#target" m_AttackPresetName="biter_charge" m_Phase="2" m_StartPolicy="DISCARD" m_AbandonPolicy="INTERRUPT"/>
                </SequenceMem>
            </CombatSlot>
        </SequenceMem>
    </CooldownTimeDelta>
</BehaviorTree>
