<?xml version="1.0" encoding="UTF-8"?>
<BehaviorTree xmlns:xsi="http://www.w3.org/2001/XMLSchema-instance" xsi:noNamespaceSchemaLocation="../../../../MetaData/schema_ai.xsd" m_ContextType="ai">
    <CooldownTimeDelta m_CooldownTime="10.0" m_CooldownOnAbort="true">
        <SequenceMem>
            <Cnd_CanInterruptActivityModule_Movement/>
            <Cnd_IsInUVLight m_Invert="true"/>
            <Cnd_IsCombatTargetInRadius m_Radius="6" m_UsePrediction="true"/>
            <Cnd_IsBBValueEqual_bool m_Key="#any_arm_destroyed" m_Value="true" m_Invert="true"/>
            <Selector>
                <Sequence>
                    <Cnd_ChaseInProgress/>
                    <Cnd_IsTargetApproaching m_Target="#target" m_MinVel="3" m_MaxAngle="40"/>
                </Sequence>
                <Optional m_Enabled="$enable_grab_attack_vs_running_player_outside_of_chase">
                    <Sequence>
                        <Cnd_CanInterruptActivityModule_Attack/>
                        <Cnd_ChaseInProgress m_Invert="true"/>
                        <Cnd_IsPathToTargetClear/>
                        <Cnd_IsTargetApproaching m_Target="#target" m_MinVel="4" m_MaxAngle="40"/>
                        <Cnd_InTargetHorzAngle m_Target="#target" m_Angle="45"/>
                        <Cnd_IsBBValueGreater_float m_Key="#target_travel_distance" m_Value="6.0"/>
                        <Cnd_CanPlayerTargetBeGrabbed m_Target="#target" m_MinTarGrabConsecutiveHits="0" m_MinDelaySinceLastSyncAction="$grab_attempt_min_delay_after_target_last_sync_action"/>
                    </Sequence>
                </Optional>
            </Selector>
            <Opr_SetDirCorrectionSpeed m_MaxSpeed="$attack_stand_vs_running_player_dir_correction_speed"/>
            <Act_Attack m_Target="#target" m_AttackPresetName="biter_stand_grab_vs_running_player" m_StartPolicy="DISCARD" m_AbandonPolicy="BLENDOUT"/>
        </SequenceMem>
    </CooldownTimeDelta>
</BehaviorTree>
