<?xml version="1.0" encoding="UTF-8"?>
<BehaviorTree xmlns:xsi="http://www.w3.org/2001/XMLSchema-instance" xsi:noNamespaceSchemaLocation="../../../../MetaData/schema_ai.xsd" m_ContextType="ai">
    <CooldownTimeDelta m_CooldownTime="5.0" m_CooldownOnAbort="true">
        <SequenceMem>
            <Cnd_CanInterruptActivityModule_Movement/>
            <Cnd_IsCombatTargetInRange m_Radius="$attack_max_range" m_Angle="$combat_max_angle"/>
            <Opr_SetDirCorrectionSpeed m_MaxSpeed="$attack_stand_dir_correction_speed"/>
            <Selector>
                <Sequence>
                    <Cnd_IsRightArmDestroyed/>
                    <Opr_SetBBValue_int m_Key="#phase" m_Value="1"/>
                </Sequence>
                <Opr_SetBBValue_int m_Key="#phase" m_Value="0"/>
            </Selector>
            <Opr_EvaluateDistanceCost m_Cost="#slot_cost" m_Position="#target_pos"/>
            <Act_Attack m_Target="#target" m_AttackPresetName="biter_tar_swing_upper_body" m_Phase="#phase" m_StartPolicy="INTERRUPT" m_AbandonPolicy="INTERRUPT"/>
        </SequenceMem>
    </CooldownTimeDelta>
</BehaviorTree>
