<?xml version="1.0" encoding="UTF-8"?>
<BehaviorTree xmlns:xsi="http://www.w3.org/2001/XMLSchema-instance" xsi:noNamespaceSchemaLocation="../../../../MetaData/schema_ai.xsd" m_ContextType="ai">
	<SequenceMem>
		<Cnd_IsPoseEqual m_Pose="Laying"/>
		<Cnd_IsPathToTargetClear/>
		<Cnd_IsCombatTargetInRange m_Radius="25.5" m_Angle="95"/>
		<Opr_SetDirCorrectionSpeed m_MaxSpeed="840.0"/>
		<Selector>
			<Sequence>
				<Cnd_IsRightArmDestroyed/>
				<Opr_SetBBValue_int m_Key="#phase" m_Value="1"/>
			</Sequence>
			<Opr_SetBBValue_int m_Key="#phase" m_Value="0"/>
		</Selector>
		<Selector>
			<SequenceMem>
				<Cnd_IsCombatTargetInRange m_Radius="1.5" m_Angle="$combat_max_angle"/>
				<Act_Attack m_Target="#target" m_Phase="#phase" m_AttackPresetName="biter_crawl_with_grab" m_StartPolicy="INTERRUPT" m_AbandonPolicy="INTERRUPT"/>
			</SequenceMem>
			<Act_Attack m_Target="#target" m_Phase="#phase" m_AttackPresetName="biter_crawl_charge" m_StartPolicy="INTERRUPT" m_AbandonPolicy="BLENDOUT"/>
		</Selector>
		<Selector>
			<SequenceMem>
				<Cnd_IsCombatTargetInRange m_Radius="1.2" m_Angle="$combat_max_angle"/>
				<Act_Attack m_Target="#target" m_Phase="#phase" m_AttackPresetName="biter_crawl" m_StartPolicy="INTERRUPT" m_AbandonPolicy="INTERRUPT"/>
			</SequenceMem>
			<Act_Attack m_Target="#target" m_Phase="#phase" m_AttackPresetName="biter_crawl_charge" m_StartPolicy="INTERRUPT" m_AbandonPolicy="BLENDOUT"/>
		</Selector>
	</SequenceMem>
</BehaviorTree>
