<?xml version="1.0"?>
<ConstParams xmlns:xsi="http://www.w3.org/2001/XMLSchema-instance" xsi:noNamespaceSchemaLocation="../../../MetaData/schema_const.xsd">
    <ExternalParams m_UID="demolisher_profile_base"/>

    <Param m_Name="$charge_enabled" m_Value="true"/>
    <Param m_Name="$throw_enabled" m_Value="true"/>
    <Param m_Name="$attacks_enabled" m_Value="true"/>
    <Param m_Name="$360_enabled" m_Value="true"/>
    <Param m_Name="$recovery_attack_enabled" m_Value="true"/>
    <Param m_Name="$shockwave_enabled" m_Value="false"/>
    <Param m_Name="$throw_zombie_enabled" m_Value="false"/>
    <Param m_Name="$slam_enabled" m_Value="false"/>

    <Param m_Name="$throw_rubble_max_range" m_Value="40.0"/>

    <Param m_Name="$throw_rubble_cooldown" m_Value="8.0"/>
    <Param m_Name="$charge_cooldown" m_Value="10.0"/>
    <Param m_Name="$360_cooldown" m_Value="8.0"/>

    <Param m_Name="$charge_retry_delay" m_Value="0.75"/>
    <Param m_Name="$charge_max_range" m_Value="15.0"/>
    <Param m_Name="$min_charge_count" m_Value="1"/>
    <Param m_Name="$max_charge_count" m_Value="4"/>
    <Param m_Name="$charge_loop_time" m_Value="3.0"/>

    <Param m_Name="$attack_stand_dir_correction_speed" m_Value="90.0"/>
    <Param m_Name="$charge_correction_dir" m_Value="45.0"/>

    <Param m_Name="$target_prediciton_time" m_Value="0.2"/>
    <Param m_Name="$hunting_mod" m_Value="true"/>
    <Param m_Name="$movestyle" m_Value="Trot"/>
	<Param m_Name="$wall_hit_stun_time" m_Value="4"/>
</ConstParams>
