<?xml version="1.0"?>
<ConstParams xmlns:xsi="http://www.w3.org/2001/XMLSchema-instance" xsi:noNamespaceSchemaLocation="../../../MetaData/schema_const.xsd">
    <Param m_Name="$update_tree" m_Value="DEMOLISHER_UPDATE"/>
    <!-- attack max ranges -->
    <Param m_Name="$charge_enabled" m_Value="true"/>
    <Param m_Name="$throw_enabled" m_Value="true"/>
    <Param m_Name="$attacks_enabled" m_Value="true"/>
    <Param m_Name="$360_enabled" m_Value="true"/>
    <Param m_Name="$recovery_attack_enabled" m_Value="true"/>
    <Param m_Name="$shockwave_enabled" m_Value="false"/>
    <Param m_Name="$throw_zombie_enabled" m_Value="true"/>
    <Param m_Name="$slam_enabled" m_Value="true"/>
    <Param m_Name="$throw_out_of_reach_enabled" m_Value="true"/>
    <Param m_Name="$spike_protrusion_enabled" m_Value="false"/>
    <Param m_Name="$arm_swipe_enabled" m_Value="false"/>
    <Param m_Name="$harpoon_enabled" m_Value="false"/>
    <Param m_Name="$throw_spike_enabled" m_Value="false"/>
    <Param m_Name="$spike_rain_enabled" m_Value="false"/>
    <Param m_Name="$grab_enabled" m_Value="false"/>
    <Param m_Name="$pounce_enabled" m_Value="false"/>
    <Param m_Name="$pounce_cooldown" m_Value="8"/>

    <Param m_Name="$berserker_attacks_enabled" m_Value="false"/>

    <Param m_Name="$spit_enabled" m_Value="false"/>
    <Param m_Name="$spit_cooldown" m_Value="5"/>
    <Param m_Name="$attack_max_range" m_Value="2.5"/>
    <Param m_Name="$attack_max_angle" m_Value="45.0"/>

    <Param m_Name="$throw_rubble_min_range" m_Value="7.5"/>
    <Param m_Name="$throw_rubble_max_range" m_Value="40.0"/>

    <Param m_Name="$throw_zombie_min_range" m_Value="5.0"/>
    <Param m_Name="$throw_zombie_max_range" m_Value="20.0"/>
    <Param m_Name="$throw_zombie_angle" m_Value="45.0"/>
    <Param m_Name="$throw_zombie_seek_angle" m_Value="60.0"/>
    <Param m_Name="$throw_zombie_seek_range" m_Value="6.0"/>
    <Param m_Name="$throw_zombie_hit_range" m_Value="2.2"/>
    <Param m_Name="$throw_zombie_hit_angle" m_Value="45.0"/>
    <Param m_Name="$throw_zombie_max_hit_count" m_Value="2"/>

    <Param m_Name="$throw_rubble_out_of_reach_cooldown" m_Value="8.0"/>
    <Param m_Name="$throw_rubble_cooldown" m_Value="8.0"/>
    <Param m_Name="$charge_cooldown" m_Value="4.0"/>
    <Param m_Name="$360_cooldown" m_Value="4.0"/>
    <Param m_Name="$shockwave_cooldown" m_Value="2.0"/>
    <Param m_Name="$throw_zombie_cooldown" m_Value="4.0"/>
    <Param m_Name="$slam_cooldown" m_Value="4.0"/>

    <Param m_Name="$charge_retry_delay" m_Value="1.0"/>
    <Param m_Name="$charge_min_range" m_Value="1.0"/>
    <Param m_Name="$charge_max_range" m_Value="25.0"/>
    <Param m_Name="$min_charge_count" m_Value="1"/>
    <Param m_Name="$max_charge_count" m_Value="10"/>
    <Param m_Name="$charge_loop_time" m_Value="3.0"/>
    <Param m_Name="$charge_start_correction_dir" m_Value="240.0"/>

    <Param m_Name="$fury_counter_stagger_time" m_Value="4.0"/>

    <Param m_Name="$attack_stand_dir_correction_speed" m_Value="120.0"/>
    <Param m_Name="$charge_correction_dir" m_Value="60.0"/>

    <Param m_Name="$target_prediciton_time" m_Value="0.1"/>

    <Param m_Name="$death_snap_angle" m_Value="90"/>
    <Param m_Name="$death_prefer_ragdoll_if_falling_edge_in_radius" m_Value="1.0"/>
    <Param m_Name="$hit_falling_edge_detection_radius" m_Value="3.0"/>
    <Param m_Name="$ragdoll_death_chance" m_Value="0.0"/>

    <Param m_Name="$hit_snap_angle" m_Value="0"/>

    <Param m_Name="$enable_weapon_change" m_Value="false"/>
    <Param m_Name="$enable_weapon_set" m_Value="false"/>
    <Param m_Name="$request_use_bp_default_move_style" m_Value="Walk"/>

    <Param m_Name="$wall_hit_stagger_only_on_last_charge" m_Value="false"/>
    <Param m_Name="$wall_hit_stun_time" m_Value="6"/>
    <Param m_Name="$disable_uv" m_Value="false"/>

    <Param m_Name="$taunt_on_start" m_Value="false"/>

    <Param m_Name="$disable_parkour_ragdoll" m_Value="true"/>
    
    <Param m_Name="$hit_reaction_additive_enabled" m_Value="true"/>
    <Param m_Name="$hit_reaction_additive_cooldown" m_Value="0.15"/>

    <!-- Spike protrusion settings -->
    <Param m_Name="$spike_protrusion_cooldown" m_Value="3.0"/>
    <Param m_Name="$spike_protrusion_damage" m_Value="10"/>
    <Param m_Name="$spike_protrusion_length" m_Value="3"/>
    <Param m_Name="$spike_protrusion_time" m_Value="3"/>
    <Param m_Name="$spike_protrusion_angle" m_Value="45"/>

    <!--Spike rain-->
    <Param m_Name="$spike_rain_range" m_Value="1"/>
    <Param m_Name="$spike_rain_cooldown" m_Value="10.0"/>
    <Param m_Name="$spike_rain_spawn_count_phase_one" m_Value="8"/>
    <Param m_Name="$spike_rain_spawn_count_phase_two" m_Value="12"/>
    <Param m_Name="$spike_rain_offset" m_Value="3.0"/>
    <Param m_Name="$spike_rain_min_mortar_distance" m_Value="5.0"/>
    <Param m_Name="$spike_rain_max_mortar_distance" m_Value="10.0"/>
    <Param m_Name="$spike_rain_second_min_mortar_distance" m_Value="12.0"/>
    <Param m_Name="$spike_rain_second_max_mortar_distance" m_Value="18.0"/>

    <!--Grab-->
    <Param m_Name="$grab_max_range" m_Value="4.25"/>
    <Param m_Name="$grab_attempt_cooldown" m_Value="2.75"/>
    <Param m_Name="$grab_attempt_min_delay" m_Value="1.25"/>
    <Param m_Name="$grab_attempt_min_consecutive_tar_hits" m_Value="1"/>
    <Param m_Name="$grab_attempt_min_delay_after_target_last_sync_action" m_Value="2.25"/>
    <Param m_Name="$grab_attempt_token_release_after_time" m_Value="2.0"/>
    <Param m_Name="$attack_stand_dir_correction_speed" m_Value="900.0"/>

    <!--Harpoon-->
    <Param m_Name="$harpoon_aim_attempt_angle" m_Value="45"/>
    <Param m_Name="$harpoon_aim_attempt_distance" m_Value="3"/>
    <Param m_Name="$harpoon_aim_cancel_angle" m_Value="90"/>
    <Param m_Name="$harpoon_aim_cancel_distance" m_Value="1"/>
    <Param m_Name="$spike_harpoon_cooldown" m_Value="3.0"/>

    <!--Spike throw-->
    <Param m_Name="$spike_throw_cooldown" m_Value="10.0"/>

    <!-- Calling -->
    <Param m_Name="$enable_summoning_taunt" m_Value="false"/>
    <Param m_Name="$summoning_taunt_cooldown" m_Value="10.0"/>
    <Param m_Name="$summoning_taunt_health_loss_conditioned" m_Value="true"/>
    <Param m_Name="$first_summoning_taunt_health_percent" m_Value="1.0"/>
    <Param m_Name="$following_summons_health_loss_percent" m_Value="0.28"/>

    <!-- Throwing vehicles -->
    <Param m_Name="$enable_objects_sense" m_Value="false"/>
    <Param m_Name="$enable_heavy_object_attack" m_Value="false"/>
    <Param m_Name="$heavy_object_attack_cooldown" m_Value="30.0"/>
    <Param m_Name="$heavy_object_attack_min_distance" m_Value="5.0"/>
    <Param m_Name="$heavy_object_attack_max_distance" m_Value="45.0"/>
</ConstParams>
