<?xml version="1.0"?>
<BehaviorTree xmlns:xsi="http://www.w3.org/2001/XMLSchema-instance" xsi:noNamespaceSchemaLocation="../../../../../MetaData/schema_ai.xsd" m_ContextType="ai">
    <SequenceMem>
        <Cnd_IsCombatTargetInRange m_Radius="$attack_quick_max_range" m_Angle="$attack_quick_max_angle"/>
        <Cnd_IsCombatTargetMeleeReachable/>
        <Cnd_AllyInLineOfFire m_Target="#target" m_CheckMelee="true" m_SpaceNeeded="$attack_min_space" m_Invert="true"/>
        <Opr_SetDirCorrectionSpeed m_MaxSpeed="$attack_quick_dir_correction_speed"/>
        <Opr_SetPosCorrectionSpeed m_MaxSpeed="$attack_pos_correction_speed"/>
        <SetFlagOnRunning m_Key="#can_attack_recoil">
            <SelectorMem>
                <SequenceMem>
                    <Cnd_IsBBValueEqual_string m_Key="#morale_state" m_Value="cautious"/>
                    <Act_Attack m_Target="#target" m_AttackPresetName="human_1h_cautious" m_EnablePosCorrection="$enable_attack_pos_correction" m_StartPolicy="DISCARD" m_AbandonPolicy="INTERRUPT" m_DecisionPolicy="WHEN_POSSIBLE"/>
                </SequenceMem>
                <Act_Attack m_Target="#target" m_AttackPresetName="human_1h_aggressive" m_EnablePosCorrection="$enable_attack_pos_correction" m_StartPolicy="DISCARD" m_AbandonPolicy="INTERRUPT" m_DecisionPolicy="WHEN_POSSIBLE"/>
            </SelectorMem>
        </SetFlagOnRunning>
    </SequenceMem>
</BehaviorTree>
