<?xml version="1.0"?>
<BehaviorTree xmlns:xsi="http://www.w3.org/2001/XMLSchema-instance" xsi:noNamespaceSchemaLocation="../../../../../MetaData/schema_ai.xsd" m_ContextType="ai">
    <BlackboardSwitch m_Enabled="#enable_ranged_attack_counter">
        <CooldownTimeDelta m_CooldownTime="$ranged_attack_counter_cooldown">
            <SequenceMem>
                <Cnd_CanStartTask m_StartPolicy="DISCARD"/>
                <Cnd_ShouldReactOnDamage/>
                <Cnd_CanInterruptActivityModule_Movement/>
                <Cnd_IsActivityModuleRunning_Attack m_Invert="true"/>
                <Cnd_HitReactionDisabled m_Invert="true"/>
                <Cnd_IsCombatTargetInRange m_Radius="$ranged_attack_counter_max_range" m_Angle="$ranged_attack_counter_max_angle"/>
                <Act_RangedAttack m_Target="#target" m_Type="AOE" m_ProjectileCount="3" m_AngleToCover="100" m_BoneName="$ranged_attack_bone" m_StartPolicy="DISCARD" m_AbandonPolicy="INTERRUPT" m_DecisionPolicy="WHEN_POSSIBLE"/>
            </SequenceMem>
        </CooldownTimeDelta>
    </BlackboardSwitch>
</BehaviorTree>
