<?xml version="1.0" encoding="UTF-8"?>
<BehaviorTree xmlns:xsi="http://www.w3.org/2001/XMLSchema-instance" xsi:noNamespaceSchemaLocation="../../../MetaData/schema_ai.xsd" m_ContextType="ai">
    <Selector>
        <ExternalTree m_UID="AI_REACTION_SYNC_ACTION" m_CustomName="SyncAction" m_Hide="true"/>
        <ExternalTree m_UID="CHARGER_REACTION_PUSH_TRADE" m_CustomName="PushTrade" m_Hide="true"/>
        <ExternalTree m_UID="CHARGER_REACTION_HIT_AND_FALL" m_CustomName="Hit and Fall" m_Hide="true"/>
        <ExternalTree m_UID="AI_REACTION_FROZEN" m_CustomName="Frozen" m_Hide="true"/>
        <Sequence>
            <Cnd_Const m_Enabled="$overcharger_mod" m_Invert="true"/>
            <ExternalTree m_UID="AI_REACTION_ELECTROCUTED_INITIAL" m_CustomName="ElectrocutedInitial" m_Hide="true"/>
        </Sequence>
        <ExternalTree m_UID="AI_REACTION_BURNING_INITIAL" m_CustomName="BurningInitial" m_Hide="true"/>
        <ExternalTree m_UID="AI_REACTION_STUNNED" m_CustomName="Stunned" m_Hide="true"/>
    </Selector>
</BehaviorTree>
