<?xml version="1.0"?>
<QuestsDefinitions
     level="slums"
     pxsl_line="3">
    <!-- -=-=-=-=-=-=-=-=-=-=-=-=-=-=-=-=-=-=-=-=-=-=-=-=-=-=-=-=-=-=-=-=-=-=-=-=-=-=-=-=-=-=-=-=-=-=-=-=- -->
    <!-- QUEST NAME : Pack with Rais -->
    <!-- QUEST INFO : Talk with Rais - Hub need suppressants -->
    <!-- AFTER QUEST: AirDrop -->
    <!-- COMMENT    :  -->
    <!-- FROM       : >> SLUMS INTERIOR -->
    <!-- TO         : >> SLUMS >> SLUMS INT WAREHOUSE -->
    <!-- -=-=-=-=-=-=-=-=-=-=-=-=-=-=-=-=-=-=-=-=-=-=-=-=-=-=-=-=-=-=-=-=-=-=-=-=-=-=-=-=-=-=-=-=-=-=-=-=- -->
    <Quest
         name="PactWithRais01"
         parent="PactWithRais00"
         leading_portal="portal_slums_interior_to_slums"
         new_chapter="Chapter02"
         reward_set="StorylineReward_PactWithRais_reward"
         pxsl_line="14">
        <!-- Buy Antizin from Rais. -->
        <Phase
             type="AND"
             name="_"
             objective="&amp;PactWithRais_OBJ_GetOut&amp;"
             pxsl_line="15">
            <Path
                 pxsl_line="15">
                <Phase
                     type="go to"
                     name="PACT WITH RAIS - START"
                     distance="10000"
                     pxsl_line="16">
                    <Destination
                         pxsl_line="16">
                        <QuestObject
                             class="SpawnPointWithInteractiveMovie"
                             name="sp_Hub_LJ_Floor_0"
                             pxsl_line="16" />
                    </Destination>
                    <DebugPlayerPosition
                         pxsl_line="17">
                        <QuestObject
                             class="SpawnPointWithInteractiveMovie"
                             name="sp_Hub_LJ_Floor_0"
                             pxsl_line="17" />
                    </DebugPlayerPosition>
                </Phase>
                <Phase
                     type="AND"
                     name="Player changes"
                     pxsl_line="18">
                    <Path
                         pxsl_line="18">
                        <!-- PLAYER GOT WATCH -->
                        <Phase
                             type="player control"
                             name="_"
                             has_watch="true"
                             pxsl_line="19" />
                        <Phase
                             type="player control"
                             name="_"
                             block_night_reminder_sounds="false"
                             pxsl_line="20" />
                        <!-- VIRAL -->
                        <Phase
                             type="player control"
                             name="_"
                             spawn_system_progress="3"
                             pxsl_line="21" />
                        <!-- PLAYER CAN SLEEP TO NEXT MORNING AND NEXT NIGHT -->
                        <Phase
                             type="player control"
                             name="_"
                             sleep_to_morning="false"
                             pxsl_line="22" />
                    </Path>
                </Phase>
                <Phase
                     type="AND"
                     name="WORLD changes"
                     pxsl_line="23">
                    <Path
                         pxsl_line="23">
                        <Phase
                             type="group block unblock"
                             name="_"
                             group_name="Air_Events"
                             block="false"
                             force="false"
                             pxsl_line="24" />
                    </Path>
                </Phase>
                <!-- CHANGES AND CEALNING AFTER AIRDROP -->
                <Phase
                     type="AND"
                     name="Unlocking HMF encounters"
                     pxsl_line="26">
                    <Path
                         pxsl_line="26">
                        <Phase
                             type="group block unblock"
                             name="_"
                             group_name="EncounterPatrol"
                             block="false"
                             force="false"
                             pxsl_line="27" />
                        <Phase
                             type="group block unblock"
                             name="_"
                             group_name="EncounterPrisoners"
                             block="false"
                             force="false"
                             pxsl_line="28" />
                    </Path>
                </Phase>
                <Phase
                     type="AND"
                     name="celar on end"
                     pxsl_line="29">
                    <Path
                         pxsl_line="29">
                        <Phase
                             type="enable"
                             name="_"
                             state="disabled"
                             pxsl_line="30">
                            <Object
                                 pxsl_line="31">
                                <QuestObject
                                     class="QuestEnableGroup"
                                     name="airdrop_C_qeg"
                                     pxsl_line="31" />
                            </Object>
                            <Object
                                 pxsl_line="32">
                                <QuestObject
                                     class="AIDeadBodySpawnBoxAuto"
                                     name="airdrop_B_deadbody_01"
                                     pxsl_line="32" />
                            </Object>
                            <Object
                                 pxsl_line="33">
                                <QuestObject
                                     class="AIDeadBodySpawnBoxAuto"
                                     name="airdrop_B_deadbody_02"
                                     pxsl_line="33" />
                            </Object>
                            <Object
                                 pxsl_line="34">
                                <QuestObject
                                     class="AIDeadBodySpawnBoxAuto"
                                     name="airdrop_B_deadbody_03"
                                     pxsl_line="34" />
                            </Object>
                            <Object
                                 pxsl_line="35">
                                <QuestObject
                                     class="QuestEnableGroup"
                                     name="airdrop_C_enemies_in_way_from_qeg"
                                     pxsl_line="35" />
                            </Object>
                            <Object
                                 pxsl_line="36">
                                <QuestObject
                                     class="Encounter::EncounterBlockArea"
                                     name="airdrop_enc_blocker_01"
                                     pxsl_line="36" />
                            </Object>
                            <Object
                                 pxsl_line="37">
                                <QuestObject
                                     class="Encounter::EncounterBlockArea"
                                     name="airdrop_enc_blocker_02"
                                     pxsl_line="37" />
                            </Object>
                            <Object
                                 pxsl_line="38">
                                <QuestObject
                                     class="QuestEnableGroup"
                                     name="airdrop_electic"
                                     pxsl_line="38" />
                            </Object>
                            <Object
                                 pxsl_line="39">
                                <QuestObject
                                     class="LampDI"
                                     name="airdrop_C"
                                     pxsl_line="39" />
                            </Object>
                            <!-- EXP CAR -->
                            <Object
                                 pxsl_line="40">
                                <QuestObject
                                     class="NavMeshDynamicObject"
                                     name="airdrop_exploding_car::slums_intruders_exploding_car_navmesh_dynamic"
                                     pxsl_line="40" />
                            </Object>
                            <!-- EXP CAR -->
                            <Object
                                 pxsl_line="41">
                                <QuestObject
                                     class="SoundEmitterSimple"
                                     name="airdrop_exploding_car::slums_intruders_exploding_car_sfx_fire"
                                     pxsl_line="41" />
                            </Object>
                            <!-- EXP CAR -->
                            <Object
                                 pxsl_line="42">
                                <QuestObject
                                     class="FXEmitter"
                                     name="airdrop_exploding_car::slums_intruders_exploding_car_fx_after_explosion"
                                     pxsl_line="42" />
                            </Object>
                            <!-- EXP CAR -->
                            <Object
                                 pxsl_line="43">
                                <QuestObject
                                     class="FXEmitter"
                                     name="airdrop_exploding_car::slums_intruders_exploding_car_fx_fire_after"
                                     pxsl_line="43" />
                            </Object>
                            <!-- EXP CAR -->
                            <Object
                                 pxsl_line="44">
                                <QuestObject
                                     class="FXEmitter"
                                     name="slums_exploding_car_airdrop_fx_fire"
                                     pxsl_line="44" />
                            </Object>
                            <!-- EXP CAR -->
                            <Object
                                 pxsl_line="45">
                                <QuestObject
                                     class="FireEmitterDI"
                                     name="airdrop_exploding_cars_fire_emitter"
                                     pxsl_line="45" />
                            </Object>
                            <Object
                                 pxsl_line="46">
                                <QuestObject
                                     class="QuestEnableGroup"
                                     name="airdrop_b_reward_qeg"
                                     pxsl_line="46" />
                            </Object>
                        </Phase>
                        <Phase
                             type="appear"
                             name="_"
                             mode="hide"
                             pxsl_line="47">
                            <Object
                                 pxsl_line="48">
                                <QuestObject
                                     class="GroupingObject"
                                     name="Airdrop_A"
                                     pxsl_line="48" />
                            </Object>
                            <Object
                                 pxsl_line="49">
                                <QuestObject
                                     class="GroupingObject"
                                     name="Airdrop_B"
                                     pxsl_line="49" />
                            </Object>
                            <Object
                                 pxsl_line="50">
                                <QuestObject
                                     class="AppearGroup"
                                     name="airdrop_b_reward_ag"
                                     pxsl_line="50" />
                            </Object>
                            <Object
                                 pxsl_line="51">
                                <QuestObject
                                     class="GroupingObject"
                                     name="Airdrop_C"
                                     pxsl_line="51" />
                            </Object>
                            <Object
                                 pxsl_line="52">
                                <QuestObject
                                     class="MovieActor"
                                     name="cin_destroing_antazin_MilitaryCargo"
                                     pxsl_line="52" />
                            </Object>
                            <Object
                                 pxsl_line="53">
                                <QuestObject
                                     class="MovieActor"
                                     name="cin_destroing_antazin_Toolbox05"
                                     pxsl_line="53" />
                            </Object>
                            <Object
                                 pxsl_line="54">
                                <QuestObject
                                     class="MovieActor"
                                     name="cin_destroing_antazin_Toolbox03"
                                     pxsl_line="54" />
                            </Object>
                            <Object
                                 pxsl_line="55">
                                <QuestObject
                                     class="MovieActor"
                                     name="cin_destroing_antazin_Toolbox02"
                                     pxsl_line="55" />
                            </Object>
                            <Object
                                 pxsl_line="56">
                                <QuestObject
                                     class="MovieActor"
                                     name="cin_destroing_antazin_Toolbox01"
                                     pxsl_line="56" />
                            </Object>
                            <Object
                                 pxsl_line="57">
                                <QuestObject
                                     class="MovieActor"
                                     name="Tools_box_plug"
                                     pxsl_line="57" />
                            </Object>
                            <Object
                                 pxsl_line="58">
                                <QuestObject
                                     class="MovieActor"
                                     name="cin_destroing_antazin_Toolbox04"
                                     pxsl_line="58" />
                            </Object>
                            <Object
                                 pxsl_line="59">
                                <QuestObject
                                     class="MovieActor"
                                     name="cin_destroing_antazin_WalkieTalkie"
                                     pxsl_line="59" />
                            </Object>
                            <Object
                                 pxsl_line="60">
                                <QuestObject
                                     class="AIDeadBodySpawnBoxAuto"
                                     name="airdrop_B_deadbody_01"
                                     pxsl_line="60" />
                            </Object>
                            <Object
                                 pxsl_line="61">
                                <QuestObject
                                     class="AIDeadBodySpawnBoxAuto"
                                     name="airdrop_B_deadbody_02"
                                     pxsl_line="61" />
                            </Object>
                            <Object
                                 pxsl_line="62">
                                <QuestObject
                                     class="AIDeadBodySpawnBoxAuto"
                                     name="airdrop_B_deadbody_03"
                                     pxsl_line="62" />
                            </Object>
                            <Object
                                 pxsl_line="63">
                                <QuestObject
                                     class="AIDeadBodySpawnBoxAuto"
                                     name="airdrop_C_deabdoby_01"
                                     pxsl_line="63" />
                            </Object>
                            <Object
                                 pxsl_line="64">
                                <QuestObject
                                     class="AIDeadBodySpawnBoxAuto"
                                     name="airdrop_C_deadbody_02"
                                     pxsl_line="64" />
                            </Object>
                            <Object
                                 pxsl_line="65">
                                <QuestObject
                                     class="MovieActor"
                                     name="MilitaryCargo"
                                     pxsl_line="65" />
                            </Object>
                            <Object
                                 pxsl_line="66">
                                <QuestObject
                                     class="ModelObject"
                                     name="rais_warehouse_grating_gate_01"
                                     pxsl_line="66" />
                            </Object>
                            <!-- EXP CAR -->
                            <Object
                                 pxsl_line="67">
                                <QuestObject
                                     class="GroupingObject"
                                     name="airdrop_exploding_car_go"
                                     pxsl_line="67" />
                            </Object>
                        </Phase>
                        <Phase
                             type="appear"
                             name="_"
                             mode="show"
                             pxsl_line="68">
                            <Object
                                 pxsl_line="69">
                                <QuestObject
                                     class="HumanAI"
                                     name="Shopkeeper_Slums_SafeZone"
                                     pxsl_line="69" />
                            </Object>
                            <Object
                                 pxsl_line="70">
                                <QuestObject
                                     class="GroupingObject"
                                     name="playfield_safezone_shopkeeper_decoration_a_go"
                                     pxsl_line="70" />
                            </Object>
                            <Object
                                 pxsl_line="71">
                                <QuestObject
                                     class="ModelObject"
                                     name="rais_warehouse_grating_gate_02"
                                     pxsl_line="71" />
                            </Object>
                            <Object
                                 pxsl_line="72">
                                <QuestObject
                                     class="GroupingObject"
                                     name="slums_warehouse_weapons_go"
                                     pxsl_line="72" />
                            </Object>
                        </Phase>
                        <Phase
                             type="set dialog"
                             name="_"
                             speaker="shopkeeper_slums_safezone"
                             group="shopkeeper_slums_safezone_nf_dlg"
                             pxsl_line="74" />
                        <Phase
                             type="enable"
                             name="_"
                             pxsl_line="75">
                            <!-- Field Safe Zone -->
                            <Object
                                 pxsl_line="76">
                                <QuestObject
                                     class="QuestEnableGroup"
                                     name="First_Playfield_Safezone::SafeZone_qeg"
                                     pxsl_line="76" />
                            </Object>
                            <!-- Field Resting Place -->
                            <Object
                                 pxsl_line="77">
                                <QuestObject
                                     class="RestingPlace"
                                     name="First_Playfield_Safezone::restingplace_for_player"
                                     pxsl_line="77" />
                            </Object>
                            <Object
                                 pxsl_line="78">
                                <QuestObject
                                     class="Trading::Shop"
                                     name="Shops_Slums_SafeZone"
                                     pxsl_line="78" />
                            </Object>
                            <Object
                                 pxsl_line="79">
                                <QuestObject
                                     class="DoorDI"
                                     name="SafeZone_doors_to_house"
                                     pxsl_line="79" />
                            </Object>
                            <Object
                                 pxsl_line="80">
                                <QuestObject
                                     class="DepotContainer"
                                     name="First_Playfield_Safezone::FristPlayefield_sz_depot::bag"
                                     pxsl_line="80" />
                            </Object>
                            <Object
                                 pxsl_line="81">
                                <QuestObject
                                     class="BountyStartTrigger"
                                     name="First_Playfield_Safezone::First_Playfield_SafeZone_Bounty"
                                     pxsl_line="81" />
                            </Object>
                        </Phase>
                        <Phase
                             type="enable"
                             name="RESPAWN - Blackout Filed - ON"
                             pxsl_line="82">
                            <Object
                                 pxsl_line="83">
                                <QuestObject
                                     class="SpawnPoint"
                                     name="First_Playfield_Safezone::SafeZone_sp_First_playfield"
                                     pxsl_line="83" />
                            </Object>
                            <Object
                                 pxsl_line="84">
                                <QuestObject
                                     class="HubZone"
                                     name="First_Playfield_Safezone::SafeZone_sp_First_playfield_fake_hub_zone"
                                     pxsl_line="84" />
                            </Object>
                        </Phase>
                    </Path>
                </Phase>
                <Phase
                     type="AND"
                     name="Guards in front of the entrance to the Rais warehouse"
                     pxsl_line="85">
                    <Path
                         pxsl_line="85">
                        <Phase
                             type="appear"
                             name="_"
                             mode="show"
                             pxsl_line="86">
                            <Object
                                 pxsl_line="87">
                                <QuestObject
                                     class="HumanAI"
                                     name="Slums_RaisWarehouseGuard01"
                                     pxsl_line="87" />
                            </Object>
                            <Object
                                 pxsl_line="88">
                                <QuestObject
                                     class="HumanAI"
                                     name="Slums_RaisWarehouseGuard02"
                                     pxsl_line="88" />
                            </Object>
                            <Object
                                 pxsl_line="89">
                                <QuestObject
                                     class="HumanAI"
                                     name="Slums_RaisWarehouseGuard03"
                                     pxsl_line="89" />
                            </Object>
                            <Object
                                 pxsl_line="90">
                                <QuestObject
                                     class="HumanAI"
                                     name="Slums_RaisWarehouseGuard08"
                                     pxsl_line="90" />
                            </Object>
                        </Phase>
                        <Phase
                             type="enable"
                             name="_"
                             pxsl_line="91">
                            <Object
                                 pxsl_line="92">
                                <QuestObject
                                     class="BarrierObject"
                                     name="RaisWarehouse_Barrier_Entrance"
                                     pxsl_line="92" />
                            </Object>
                            <Object
                                 pxsl_line="93">
                                <QuestObject
                                     class="SpawnBlocker"
                                     name="RaisWarehouse_SpawnBlocker_Entrance"
                                     pxsl_line="93" />
                            </Object>
                        </Phase>
                        <Phase
                             type="use life place"
                             name="_"
                             teleport="true"
                             pxsl_line="94">
                            <LifePlace
                                 pxsl_line="94">
                                <QuestObject
                                     class="NPCLifePlace"
                                     name="Slums_RaisWarehouseGuard01_LP"
                                     pxsl_line="94" />
                            </LifePlace>
                            <AI
                                 pxsl_line="95">
                                <QuestObject
                                     class="HumanAI"
                                     name="Slums_RaisWarehouseGuard01"
                                     pxsl_line="95" />
                            </AI>
                        </Phase>
                        <Phase
                             type="use life place"
                             name="_"
                             teleport="true"
                             pxsl_line="96">
                            <LifePlace
                                 pxsl_line="96">
                                <QuestObject
                                     class="NPCLifePlace"
                                     name="Slums_RaisWarehouseGuard02_LP"
                                     pxsl_line="96" />
                            </LifePlace>
                            <AI
                                 pxsl_line="97">
                                <QuestObject
                                     class="HumanAI"
                                     name="Slums_RaisWarehouseGuard02"
                                     pxsl_line="97" />
                            </AI>
                        </Phase>
                        <Phase
                             type="use life place"
                             name="_"
                             teleport="true"
                             pxsl_line="98">
                            <LifePlace
                                 pxsl_line="98">
                                <QuestObject
                                     class="NPCLifePlace"
                                     name="Slums_RaisWarehouseGuard03_LP_01"
                                     pxsl_line="98" />
                            </LifePlace>
                            <AI
                                 pxsl_line="99">
                                <QuestObject
                                     class="HumanAI"
                                     name="Slums_RaisWarehouseGuard03"
                                     pxsl_line="99" />
                            </AI>
                        </Phase>
                        <Phase
                             type="use life place"
                             name="_"
                             teleport="true"
                             pxsl_line="100">
                            <LifePlace
                                 pxsl_line="100">
                                <QuestObject
                                     class="NPCLifePlace"
                                     name="Slums_RaisWarehouseGuard08_LP_02"
                                     pxsl_line="100" />
                            </LifePlace>
                            <AI
                                 pxsl_line="101">
                                <QuestObject
                                     class="HumanAI"
                                     name="Slums_RaisWarehouseGuard08"
                                     pxsl_line="101" />
                            </AI>
                        </Phase>
                        <!-- ,disable _ NPCLifePlace Slums_RaisWarehouseGuard08_LP_01 -->
                    </Path>
                </Phase>
                <!-- ACTIONS AFTER FIRST VISIT IN THE TOWER -->
                <Phase
                     type="AND"
                     name="changes after first visit in The Tower"
                     pxsl_line="105">
                    <Path
                         pxsl_line="105">
                        <Phase
                             type="use life place"
                             name="_"
                             teleport="true"
                             pxsl_line="106">
                            <LifePlace
                                 pxsl_line="106">
                                <QuestObject
                                     class="NPCLifePlace"
                                     name="slums_guard_talk_lp"
                                     pxsl_line="106" />
                            </LifePlace>
                            <AI
                                 pxsl_line="107">
                                <QuestObject
                                     class="HumanAI"
                                     name="slums_thetower_m_ground_03"
                                     pxsl_line="107" />
                            </AI>
                        </Phase>
                        <Phase
                             type="use life place"
                             name="_"
                             teleport="true"
                             pxsl_line="108">
                            <LifePlace
                                 pxsl_line="108">
                                <QuestObject
                                     class="NPCLifePlace"
                                     name="TheTower_Guard02_LP_Wall"
                                     pxsl_line="108" />
                            </LifePlace>
                            <AI
                                 pxsl_line="109">
                                <QuestObject
                                     class="HumanAI"
                                     name="TheTower_Guard02"
                                     pxsl_line="109" />
                            </AI>
                        </Phase>
                        <Phase
                             type="enable"
                             name="_"
                             state="disabled"
                             pxsl_line="110">
                            <Object
                                 pxsl_line="111">
                                <QuestObject
                                     class="PhysicalSwitchDI"
                                     name="rais_outpost_enter::trigger_blocked_warehouse_enter"
                                     pxsl_line="111" />
                            </Object>
                            <Object
                                 pxsl_line="112">
                                <QuestObject
                                     class="QuestEnableGroup"
                                     name="Blackout_burn_car::demo_night_burning_car"
                                     pxsl_line="112" />
                            </Object>
                            <!-- TIR intensity area -->
                            <Object
                                 pxsl_line="113">
                                <QuestObject
                                     class="IntensityArea"
                                     name="tir_intensity_area"
                                     pxsl_line="113" />
                            </Object>
                        </Phase>
                        <Phase
                             type="enable"
                             name="_"
                             pxsl_line="114">
                            <Object
                                 pxsl_line="115">
                                <QuestObject
                                     class="GroupingMapMarker"
                                     name="Hub_Slums_Brecken"
                                     pxsl_line="115" />
                            </Object>
                        </Phase>
                        <Phase
                             type="appear"
                             name="_"
                             mode="hide"
                             pxsl_line="116">
                            <Object
                                 pxsl_line="117">
                                <QuestObject
                                     class="ModelObject"
                                     name="warehouse_gate_01"
                                     pxsl_line="117" />
                            </Object>
                        </Phase>
                        <!-- -->
                        <!-- ELECTRIC MACHETE -->
                        <Phase
                             type="set dialog"
                             name="_"
                             speaker="TheTower_Guard02"
                             pxsl_line="120" />
                        <Phase
                             type="set dialog"
                             name="_"
                             speaker="Shopkeeper_02"
                             group="Shopkeeper_02_Near01"
                             pxsl_line="121" />
                        <!-- SQ Table Quests -->
                        <!-- ,show _ QuestStartTrigger B_tablequest::tablequest_01 -->
                        <!-- ,show _ QuestStartTrigger B_tablequest::tablequest_05 -->
                        <!-- ,show _ QuestStartTrigger B_tablequest::tablequest_09 -->
                        <Phase
                             type="AND"
                             name="Tir dlg Third chatters"
                             pxsl_line="126">
                            <Path
                                 pxsl_line="126">
                                <Phase
                                     type="set dialog"
                                     name="_"
                                     speaker="npc02_tir"
                                     group="NPC02_Tir_BCHT01"
                                     pxsl_line="127" />
                            </Path>
                        </Phase>
                    </Path>
                </Phase>
                <Phase
                     type="checkpoint"
                     name="_"
                     pxsl_line="128">
                    <Destination
                         pxsl_line="128">
                        <QuestObject
                             class="SpawnPointWithInteractiveMovie"
                             name="sp_Hub_LJ_Floor_0"
                             pxsl_line="128" />
                    </Destination>
                </Phase>
            </Path>
        </Phase>
    </Quest>
    <!-- PLAYERS BAG at FIRSTPLAYFIELD - and OTHER - Antenna, Fishermens Village,  -->
    <Quest
         name="__PlayersDepotAtFirstPlayfield"
         parent="PactWithRais01"
         pxsl_line="131">
        <!-- Show progress itemst -->
        <Phase
             type="appear"
             name="_"
             mode="show"
             pxsl_line="133">
            <Object
                 pxsl_line="134">
                <QuestObject
                     class="DepotContainer"
                     name="witchqueen_player_bag::bag"
                     pxsl_line="134" />
            </Object>
            <Object
                 pxsl_line="135">
                <QuestObject
                     class="DepotContainer"
                     name="the_tower_player_bag::bag"
                     pxsl_line="135" />
            </Object>
        </Phase>
        <Phase
             type="enable"
             name="_"
             pxsl_line="136">
            <Object
                 pxsl_line="137">
                <QuestObject
                     class="DepotContainer"
                     name="witchqueen_player_bag::bag"
                     pxsl_line="137" />
            </Object>
            <Object
                 pxsl_line="138">
                <QuestObject
                     class="DepotContainer"
                     name="the_tower_player_bag::bag"
                     pxsl_line="138" />
            </Object>
        </Phase>
        <Phase
             type="started quest guard"
             name="_"
             quest_name="AirDrop03"
             finished="true"
             show_locations="false"
             pxsl_line="139" />
        <Phase
             type="appear"
             name="_"
             mode="show"
             pxsl_line="140">
            <Object
                 pxsl_line="141">
                <QuestObject
                     class="ModelObject"
                     name="First_Playfield_Safezone::FristPlayefield_sz_depot::Item01"
                     pxsl_line="141" />
            </Object>
            <Object
                 pxsl_line="142">
                <QuestObject
                     class="ModelObject"
                     name="antenna_sz_player_bag::Item01"
                     pxsl_line="142" />
            </Object>
            <Object
                 pxsl_line="143">
                <QuestObject
                     class="ModelObject"
                     name="School_sz_depot::Item01"
                     pxsl_line="143" />
            </Object>
            <Object
                 pxsl_line="144">
                <QuestObject
                     class="ModelObject"
                     name="witchqueen_player_bag::Item01"
                     pxsl_line="144" />
            </Object>
            <Object
                 pxsl_line="145">
                <QuestObject
                     class="ModelObject"
                     name="jaffar_wheelstation_depot_container::Item01"
                     pxsl_line="145" />
            </Object>
            <Object
                 pxsl_line="146">
                <QuestObject
                     class="ModelObject"
                     name="the_tower_player_bag::Item01"
                     pxsl_line="146" />
            </Object>
            <Object
                 pxsl_line="147">
                <QuestObject
                     class="ModelObject"
                     name="slums_safezone_inn::motel_player_bag::Item01"
                     pxsl_line="147" />
            </Object>
        </Phase>
        <Phase
             type="started quest guard"
             name="_"
             quest_name="SaveTheTower03"
             finished="true"
             show_locations="false"
             pxsl_line="149" />
        <Phase
             type="appear"
             name="_"
             mode="show"
             pxsl_line="150">
            <Object
                 pxsl_line="151">
                <QuestObject
                     class="ModelObject"
                     name="First_Playfield_Safezone::FristPlayefield_sz_depot::Item02"
                     pxsl_line="151" />
            </Object>
            <Object
                 pxsl_line="152">
                <QuestObject
                     class="ModelObject"
                     name="antenna_sz_player_bag::Item02"
                     pxsl_line="152" />
            </Object>
            <Object
                 pxsl_line="153">
                <QuestObject
                     class="ModelObject"
                     name="fishermens_village_player_bag::Item02"
                     pxsl_line="153" />
            </Object>
            <Object
                 pxsl_line="154">
                <QuestObject
                     class="ModelObject"
                     name="School_sz_depot::Item02"
                     pxsl_line="154" />
            </Object>
            <Object
                 pxsl_line="155">
                <QuestObject
                     class="ModelObject"
                     name="witchqueen_player_bag::Item02"
                     pxsl_line="155" />
            </Object>
            <Object
                 pxsl_line="156">
                <QuestObject
                     class="ModelObject"
                     name="jaffar_wheelstation_depot_container::Item02"
                     pxsl_line="156" />
            </Object>
            <Object
                 pxsl_line="157">
                <QuestObject
                     class="ModelObject"
                     name="the_tower_player_bag::Item02"
                     pxsl_line="157" />
            </Object>
            <Object
                 pxsl_line="158">
                <QuestObject
                     class="ModelObject"
                     name="slums_safezone_inn::motel_player_bag::Item02"
                     pxsl_line="158" />
            </Object>
        </Phase>
        <Phase
             type="started quest guard"
             name="_"
             quest_name="Q_Demolition05"
             finished="true"
             show_locations="false"
             pxsl_line="160" />
        <Phase
             type="appear"
             name="_"
             mode="show"
             pxsl_line="161">
            <Object
                 pxsl_line="162">
                <QuestObject
                     class="ModelObject"
                     name="First_Playfield_Safezone::FristPlayefield_sz_depot::Item03"
                     pxsl_line="162" />
            </Object>
            <Object
                 pxsl_line="163">
                <QuestObject
                     class="ModelObject"
                     name="antenna_sz_player_bag::Item03"
                     pxsl_line="163" />
            </Object>
            <Object
                 pxsl_line="164">
                <QuestObject
                     class="ModelObject"
                     name="fishermens_village_player_bag::Item03"
                     pxsl_line="164" />
            </Object>
            <Object
                 pxsl_line="165">
                <QuestObject
                     class="ModelObject"
                     name="School_sz_depot::Item03"
                     pxsl_line="165" />
            </Object>
            <Object
                 pxsl_line="166">
                <QuestObject
                     class="ModelObject"
                     name="witchqueen_player_bag::Item03"
                     pxsl_line="166" />
            </Object>
            <Object
                 pxsl_line="167">
                <QuestObject
                     class="ModelObject"
                     name="jaffar_wheelstation_depot_container::Item03"
                     pxsl_line="167" />
            </Object>
            <Object
                 pxsl_line="168">
                <QuestObject
                     class="ModelObject"
                     name="the_tower_player_bag::Item03"
                     pxsl_line="168" />
            </Object>
            <Object
                 pxsl_line="169">
                <QuestObject
                     class="ModelObject"
                     name="slums_safezone_inn::motel_player_bag::Item03"
                     pxsl_line="169" />
            </Object>
        </Phase>
        <Phase
             type="wait guard"
             name="_"
             time="4"
             pxsl_line="171" />
        <Phase
             type="checkpoint"
             name="_"
             pxsl_line="172">
            <Destination
                 pxsl_line="172">
                <QuestObject
                     class="SpawnPoint"
                     name="MapStart"
                     pxsl_line="172" />
            </Destination>
        </Phase>
        <Phase
             type="started quest guard"
             name="_"
             quest_name="Q_AnotherDay"
             finished="true"
             show_locations="false"
             pxsl_line="174" />
        <Phase
             type="appear"
             name="_"
             mode="show"
             pxsl_line="175">
            <Object
                 pxsl_line="176">
                <QuestObject
                     class="ModelObject"
                     name="First_Playfield_Safezone::FristPlayefield_sz_depot::Item04"
                     pxsl_line="176" />
            </Object>
            <Object
                 pxsl_line="177">
                <QuestObject
                     class="ModelObject"
                     name="antenna_sz_player_bag::Item04"
                     pxsl_line="177" />
            </Object>
            <Object
                 pxsl_line="178">
                <QuestObject
                     class="ModelObject"
                     name="fishermens_village_player_bag::Item04"
                     pxsl_line="178" />
            </Object>
            <Object
                 pxsl_line="179">
                <QuestObject
                     class="ModelObject"
                     name="School_sz_depot::Item04"
                     pxsl_line="179" />
            </Object>
            <Object
                 pxsl_line="180">
                <QuestObject
                     class="ModelObject"
                     name="witchqueen_player_bag::Item04"
                     pxsl_line="180" />
            </Object>
            <Object
                 pxsl_line="181">
                <QuestObject
                     class="ModelObject"
                     name="jaffar_wheelstation_depot_container::Item04"
                     pxsl_line="181" />
            </Object>
            <Object
                 pxsl_line="182">
                <QuestObject
                     class="ModelObject"
                     name="the_tower_player_bag::Item04"
                     pxsl_line="182" />
            </Object>
            <Object
                 pxsl_line="183">
                <QuestObject
                     class="ModelObject"
                     name="slums_safezone_inn::motel_player_bag::Item04"
                     pxsl_line="183" />
            </Object>
        </Phase>
        <Phase
             type="wait guard"
             name="_"
             time="4"
             pxsl_line="185" />
        <Phase
             type="checkpoint"
             name="_"
             pxsl_line="186">
            <Destination
                 pxsl_line="186">
                <QuestObject
                     class="SpawnPoint"
                     name="MapStart"
                     pxsl_line="186" />
            </Destination>
        </Phase>
        <Phase
             type="started quest guard"
             name="_"
             quest_name="ProjectMayhem07"
             finished="true"
             show_locations="false"
             pxsl_line="188" />
        <Phase
             type="appear"
             name="_"
             mode="show"
             pxsl_line="189">
            <Object
                 pxsl_line="190">
                <QuestObject
                     class="ModelObject"
                     name="First_Playfield_Safezone::FristPlayefield_sz_depot::Item05"
                     pxsl_line="190" />
            </Object>
            <Object
                 pxsl_line="191">
                <QuestObject
                     class="ModelObject"
                     name="antenna_sz_player_bag::Item05"
                     pxsl_line="191" />
            </Object>
            <Object
                 pxsl_line="192">
                <QuestObject
                     class="ModelObject"
                     name="fishermens_village_player_bag::Item05"
                     pxsl_line="192" />
            </Object>
            <Object
                 pxsl_line="193">
                <QuestObject
                     class="ModelObject"
                     name="School_sz_depot::Item05"
                     pxsl_line="193" />
            </Object>
            <Object
                 pxsl_line="194">
                <QuestObject
                     class="ModelObject"
                     name="witchqueen_player_bag::Item05"
                     pxsl_line="194" />
            </Object>
            <Object
                 pxsl_line="195">
                <QuestObject
                     class="ModelObject"
                     name="jaffar_wheelstation_depot_container::Item05"
                     pxsl_line="195" />
            </Object>
            <Object
                 pxsl_line="196">
                <QuestObject
                     class="ModelObject"
                     name="the_tower_player_bag::Item05"
                     pxsl_line="196" />
            </Object>
            <Object
                 pxsl_line="197">
                <QuestObject
                     class="ModelObject"
                     name="slums_safezone_inn::motel_player_bag::Item05"
                     pxsl_line="197" />
            </Object>
            <Object
                 pxsl_line="198">
                <QuestObject
                     class="ModelObject"
                     name="AnotherDayInParadise_Depot_001_Item05"
                     pxsl_line="198" />
            </Object>
        </Phase>
        <Phase
             type="started quest guard"
             name="_"
             quest_name="Museum05"
             finished="true"
             show_locations="false"
             pxsl_line="200" />
        <Phase
             type="appear"
             name="_"
             mode="show"
             pxsl_line="201">
            <Object
                 pxsl_line="202">
                <QuestObject
                     class="ModelObject"
                     name="First_Playfield_Safezone::FristPlayefield_sz_depot::Item06"
                     pxsl_line="202" />
            </Object>
            <Object
                 pxsl_line="203">
                <QuestObject
                     class="ModelObject"
                     name="antenna_sz_player_bag::Item06"
                     pxsl_line="203" />
            </Object>
            <Object
                 pxsl_line="204">
                <QuestObject
                     class="ModelObject"
                     name="fishermens_village_player_bag::Item06"
                     pxsl_line="204" />
            </Object>
            <Object
                 pxsl_line="205">
                <QuestObject
                     class="ModelObject"
                     name="School_sz_depot::Item06"
                     pxsl_line="205" />
            </Object>
            <Object
                 pxsl_line="206">
                <QuestObject
                     class="ModelObject"
                     name="witchqueen_player_bag::Item06"
                     pxsl_line="206" />
            </Object>
            <Object
                 pxsl_line="207">
                <QuestObject
                     class="ModelObject"
                     name="jaffar_wheelstation_depot_container::Item06"
                     pxsl_line="207" />
            </Object>
            <Object
                 pxsl_line="208">
                <QuestObject
                     class="ModelObject"
                     name="the_tower_player_bag::Item06"
                     pxsl_line="208" />
            </Object>
            <Object
                 pxsl_line="209">
                <QuestObject
                     class="ModelObject"
                     name="slums_safezone_inn::motel_player_bag::Item06"
                     pxsl_line="209" />
            </Object>
            <Object
                 pxsl_line="210">
                <QuestObject
                     class="ModelObject"
                     name="AnotherDayInParadise_Depot_001_Item06"
                     pxsl_line="210" />
            </Object>
        </Phase>
        <Phase
             type="started quest guard"
             name="_"
             quest_name="Contact_05"
             finished="true"
             show_locations="false"
             pxsl_line="212" />
        <Phase
             type="appear"
             name="_"
             mode="show"
             pxsl_line="213">
            <Object
                 pxsl_line="214">
                <QuestObject
                     class="ModelObject"
                     name="First_Playfield_Safezone::FristPlayefield_sz_depot::Item07"
                     pxsl_line="214" />
            </Object>
            <Object
                 pxsl_line="215">
                <QuestObject
                     class="ModelObject"
                     name="antenna_sz_player_bag::Item07"
                     pxsl_line="215" />
            </Object>
            <Object
                 pxsl_line="216">
                <QuestObject
                     class="ModelObject"
                     name="fishermens_village_player_bag::Item07"
                     pxsl_line="216" />
            </Object>
            <Object
                 pxsl_line="217">
                <QuestObject
                     class="ModelObject"
                     name="School_sz_depot::Item07"
                     pxsl_line="217" />
            </Object>
            <Object
                 pxsl_line="218">
                <QuestObject
                     class="ModelObject"
                     name="witchqueen_player_bag::Item07"
                     pxsl_line="218" />
            </Object>
            <Object
                 pxsl_line="219">
                <QuestObject
                     class="ModelObject"
                     name="jaffar_wheelstation_depot_container::Item07"
                     pxsl_line="219" />
            </Object>
            <Object
                 pxsl_line="220">
                <QuestObject
                     class="ModelObject"
                     name="the_tower_player_bag::Item07"
                     pxsl_line="220" />
            </Object>
            <Object
                 pxsl_line="221">
                <QuestObject
                     class="ModelObject"
                     name="slums_safezone_inn::motel_player_bag::Item07"
                     pxsl_line="221" />
            </Object>
            <Object
                 pxsl_line="222">
                <QuestObject
                     class="ModelObject"
                     name="AnotherDayInParadise_Depot_001_Item07"
                     pxsl_line="222" />
            </Object>
        </Phase>
        <Phase
             type="started quest guard"
             name="_"
             quest_name="Clinic02"
             finished="true"
             show_locations="false"
             pxsl_line="224" />
        <Phase
             type="appear"
             name="_"
             mode="show"
             pxsl_line="225">
            <Object
                 pxsl_line="226">
                <QuestObject
                     class="ModelObject"
                     name="First_Playfield_Safezone::FristPlayefield_sz_depot::Item08"
                     pxsl_line="226" />
            </Object>
            <Object
                 pxsl_line="227">
                <QuestObject
                     class="ModelObject"
                     name="antenna_sz_player_bag::Item08"
                     pxsl_line="227" />
            </Object>
            <Object
                 pxsl_line="228">
                <QuestObject
                     class="ModelObject"
                     name="fishermens_village_player_bag::Item08"
                     pxsl_line="228" />
            </Object>
            <Object
                 pxsl_line="229">
                <QuestObject
                     class="ModelObject"
                     name="School_sz_depot::Item08"
                     pxsl_line="229" />
            </Object>
            <Object
                 pxsl_line="230">
                <QuestObject
                     class="ModelObject"
                     name="witchqueen_player_bag::Item08"
                     pxsl_line="230" />
            </Object>
            <Object
                 pxsl_line="231">
                <QuestObject
                     class="ModelObject"
                     name="jaffar_wheelstation_depot_container::Item08"
                     pxsl_line="231" />
            </Object>
            <Object
                 pxsl_line="232">
                <QuestObject
                     class="ModelObject"
                     name="the_tower_player_bag::Item08"
                     pxsl_line="232" />
            </Object>
            <Object
                 pxsl_line="233">
                <QuestObject
                     class="ModelObject"
                     name="slums_safezone_inn::motel_player_bag::Item08"
                     pxsl_line="233" />
            </Object>
            <Object
                 pxsl_line="234">
                <QuestObject
                     class="ModelObject"
                     name="AnotherDayInParadise_Depot_001_Item08"
                     pxsl_line="234" />
            </Object>
        </Phase>
        <Phase
             type="wait guard"
             name="_"
             time="2"
             pxsl_line="236" />
        <Phase
             type="checkpoint"
             name="_"
             pxsl_line="237">
            <Destination
                 pxsl_line="237">
                <QuestObject
                     class="SpawnPoint"
                     name="MapStart"
                     pxsl_line="237" />
            </Destination>
        </Phase>
        <Phase
             type="started quest guard"
             name="_"
             quest_name="__margaret_disappear"
             finished="true"
             show_locations="false"
             pxsl_line="239" />
        <Phase
             type="appear"
             name="_"
             mode="hide"
             pxsl_line="240">
            <Object
                 pxsl_line="241">
                <QuestObject
                     class="ModelObject"
                     name="AnotherDayInParadise_Depot_001_Item05"
                     pxsl_line="241" />
            </Object>
            <Object
                 pxsl_line="242">
                <QuestObject
                     class="ModelObject"
                     name="AnotherDayInParadise_Depot_001_Item06"
                     pxsl_line="242" />
            </Object>
            <Object
                 pxsl_line="243">
                <QuestObject
                     class="ModelObject"
                     name="AnotherDayInParadise_Depot_001_Item07"
                     pxsl_line="243" />
            </Object>
            <Object
                 pxsl_line="244">
                <QuestObject
                     class="ModelObject"
                     name="AnotherDayInParadise_Depot_001_Item08"
                     pxsl_line="244" />
            </Object>
        </Phase>
        <Phase
             type="wait guard"
             name="_"
             time="2"
             pxsl_line="246" />
        <Phase
             type="checkpoint"
             name="_"
             pxsl_line="247">
            <Destination
                 pxsl_line="247">
                <QuestObject
                     class="SpawnPoint"
                     name="MapStart"
                     pxsl_line="247" />
            </Destination>
        </Phase>
    </Quest>
    <Quest
         name="PactWithRais02"
         parent="PactWithRais01"
         glued="true"
         pxsl_line="250">
        <!-- Introduce yourself to Rais. -->
        <Phase
             type="AND"
             name="_"
             objective="&amp;PactWithRais_OBJ_GetToTheRaisWarehouse&amp;"
             pxsl_line="251">
            <Path
                 pxsl_line="251">
                <Phase
                     type="AND"
                     name="Way to Rais Garrison"
                     pxsl_line="252">
                    <Path
                         pxsl_line="253">
                        <Phase
                             type="go to"
                             name="_"
                             distance="510"
                             show_locations="false"
                             pxsl_line="254">
                            <Destination
                                 pxsl_line="254">
                                <QuestObject
                                     class="Marker"
                                     name="warehouse_main_gate_loc"
                                     pxsl_line="254" />
                            </Destination>
                        </Phase>
                        <Phase
                             type="set dialog"
                             name="_"
                             speaker="voice2d"
                             group="Jade_PactWithRais_00DLG01"
                             auto_start="true"
                             very_important="true"
                             pxsl_line="255" />
                        <Phase
                             type="go to"
                             name="_"
                             distance="115"
                             show_locations="false"
                             pxsl_line="256">
                            <Destination
                                 pxsl_line="256">
                                <QuestObject
                                     class="Marker"
                                     name="warehouse_main_gate_loc"
                                     pxsl_line="256" />
                            </Destination>
                        </Phase>
                        <Phase
                             type="set dialog"
                             name="_"
                             speaker="voice2d"
                             group="Player_PactWithRais_03DLG03"
                             auto_start="true"
                             very_important="true"
                             pxsl_line="257" />
                    </Path>
                    <Path
                         pxsl_line="258">
                        <Phase
                             type="go to"
                             name=" runcooprais "
                             distance="6"
                             pxsl_line="259">
                            <Destination
                                 pxsl_line="259">
                                <QuestObject
                                     class="Marker"
                                     name="rais_warehouse_cin_loc"
                                     pxsl_line="259" />
                            </Destination>
                        </Phase>
                    </Path>
                    <Path
                         pxsl_line="260">
                        <Phase
                             type="go to"
                             name="Talk to Guard in front of the entrance to the warehouse"
                             distance="30"
                             show_locations="false"
                             pxsl_line="261">
                            <Destination
                                 pxsl_line="261">
                                <QuestObject
                                     class="Marker"
                                     name="RaisWarehouse_Marker_TalkToGuards"
                                     pxsl_line="261" />
                            </Destination>
                        </Phase>
                        <Phase
                             type="enable"
                             name="RESPAWN - Warehouse - outside - ON"
                             pxsl_line="262">
                            <Object
                                 pxsl_line="262">
                                <QuestObject
                                     class="QuestEnableGroup"
                                     name="warehouse_zones__small_qeg"
                                     pxsl_line="262" />
                            </Object>
                        </Phase>
                        <Phase
                             type="talk"
                             name="_"
                             speaker="Slums_RaisWarehouseGuard01"
                             group="Player_PactWithRais_07DLG01"
                             show_locations="false"
                             auto_start="true"
                             pxsl_line="263" />
                        <Phase
                             type="talk"
                             name="_"
                             speaker="Slums_RaisWarehouseGuard02"
                             group="RaisWarehouseGuard02_PactWithRais_08DLG01"
                             show_locations="false"
                             auto_start="true"
                             pxsl_line="264" />
                        <Phase
                             type="use life place"
                             name="_"
                             move_style="walk"
                             wait_for_move_end="false"
                             pxsl_line="265">
                            <LifePlace
                                 pxsl_line="265">
                                <QuestObject
                                     class="NPCLifePlace"
                                     name="Slums_RaisWarehouseGuard03_LP_02"
                                     pxsl_line="265" />
                            </LifePlace>
                            <AI
                                 pxsl_line="266">
                                <QuestObject
                                     class="HumanAI"
                                     name="Slums_RaisWarehouseGuard03"
                                     pxsl_line="266" />
                            </AI>
                        </Phase>
                        <Phase
                             type="enable"
                             name="_"
                             state="disabled"
                             pxsl_line="267">
                            <Object
                                 pxsl_line="268">
                                <QuestObject
                                     class="BarrierObject"
                                     name="RaisWarehouse_Barrier_Entrance"
                                     pxsl_line="268" />
                            </Object>
                            <Object
                                 pxsl_line="269">
                                <QuestObject
                                     class="SpawnBlocker"
                                     name="RaisWarehouse_SpawnBlocker_Entrance"
                                     pxsl_line="269" />
                            </Object>
                        </Phase>
                    </Path>
                </Phase>
                <!-- -=-=-=-=-=-=-=-=-=-=-=-=-=-=-=-=-=-=-=-=-=-=-=-=-=-=-=-=-=-=-=-=-=-=-=-=-=-=-=-=-=-=-=-=-=-=-=-=- -->
                <!-- CIN - KING OF SLUMS - Talk with Rais about suppresants -->
                <!-- -=-=-=-=-=-=-=-=-=-=-=-=-=-=-=-=-=-=-=-=-=-=-=-=-=-=-=-=-=-=-=-=-=-=-=-=-=-=-=-=-=-=-=-=-=-=-=-=- -->
                <Phase
                     type="go to"
                     name="PACT WITH RAIS - CIN - King of the Slums"
                     distance="3"
                     pxsl_line="274">
                    <Destination
                         pxsl_line="274">
                        <QuestObject
                             class="Marker"
                             name="rais_warehouse_cin_loc"
                             pxsl_line="274" />
                    </Destination>
                    <DebugPlayerPosition
                         pxsl_line="275">
                        <QuestObject
                             class="SpawnPoint"
                             name="rais_warehouse_cin_sp"
                             pxsl_line="275" />
                    </DebugPlayerPosition>
                </Phase>
                <Phase
                     type="enable"
                     name="_"
                     pxsl_line="276">
                    <Object
                         pxsl_line="276">
                        <QuestObject
                             class="QuestEnableGroup"
                             name="cin04n_trigger_qeg"
                             pxsl_line="276" />
                    </Object>
                </Phase>
                <Phase
                     type="use"
                     name="CIN - King of the Slums"
                     desired_state="on"
                     pxsl_line="277">
                    <Trigger
                         pxsl_line="277">
                        <QuestObject
                             class="InteractiveMovieTrigger"
                             name="cin04n_trigger"
                             pxsl_line="277" />
                    </Trigger>
                </Phase>
                <Phase
                     type="enable"
                     name="_"
                     state="disabled"
                     pxsl_line="278">
                    <Object
                         pxsl_line="278">
                        <QuestObject
                             class="QuestEnableGroup"
                             name="cin04n_trigger_qeg"
                             pxsl_line="278" />
                    </Object>
                </Phase>
                <Phase
                     type="appear"
                     name="_"
                     mode="show"
                     pxsl_line="279">
                    <Object
                         pxsl_line="279">
                        <QuestObject
                             class="ModelObject"
                             name="warehouse_gate_02"
                             pxsl_line="279" />
                    </Object>
                </Phase>
                <Phase
                     type="appear"
                     name="_"
                     mode="hide"
                     pxsl_line="280">
                    <Object
                         pxsl_line="280">
                        <QuestObject
                             class="MovieActor"
                             name="cin04n_Fence_before"
                             pxsl_line="280" />
                    </Object>
                </Phase>
                <Phase
                     type="enable"
                     name="RESPAWN - Warehouse - ON"
                     pxsl_line="281">
                    <Object
                         pxsl_line="282">
                        <QuestObject
                             class="SafeDestination"
                             name="rais_SD"
                             pxsl_line="282" />
                    </Object>
                    <Object
                         pxsl_line="283">
                        <QuestObject
                             class="NPCLifePlace"
                             name="Slums_RaisWarehouseGuard08_LP_01"
                             pxsl_line="283" />
                    </Object>
                    <Object
                         pxsl_line="284">
                        <QuestObject
                             class="QuestEnableGroup"
                             name="warehouse_zones_qeg"
                             pxsl_line="284" />
                    </Object>
                    <Object
                         pxsl_line="285">
                        <QuestObject
                             class="SpawnPoint"
                             name="Respawn_Warehouse"
                             pxsl_line="285" />
                    </Object>
                    <!-- Resting place in Rais Garrison. -->
                    <Object
                         pxsl_line="286">
                        <QuestObject
                             class="RestingPlace"
                             name="resting_place_rais_outpost::restingplace_for_player"
                             pxsl_line="286" />
                    </Object>
                </Phase>
                <Phase
                     type="enable"
                     name="_"
                     state="disabled"
                     pxsl_line="287">
                    <Object
                         pxsl_line="288">
                        <QuestObject
                             class="NPCLifeGraph"
                             name="Slums_RaisWarehouseGuard05_LifeGraph"
                             pxsl_line="288" />
                    </Object>
                    <Object
                         pxsl_line="289">
                        <QuestObject
                             class="NPCLifeGraph"
                             name="Slums_RaisWarehouseGuard07_LifeGraph"
                             pxsl_line="289" />
                    </Object>
                    <Object
                         pxsl_line="290">
                        <QuestObject
                             class="QuestEnableGroup"
                             name="warehouse_zones__small_qeg"
                             pxsl_line="290" />
                    </Object>
                </Phase>
                <Phase
                     type="appear"
                     name="_"
                     mode="show"
                     pxsl_line="291">
                    <Object
                         pxsl_line="292">
                        <QuestObject
                             class="HumanAI"
                             name="Slums_RaisWarehouseGuard04"
                             pxsl_line="292" />
                    </Object>
                    <Object
                         pxsl_line="293">
                        <QuestObject
                             class="HumanAI"
                             name="Slums_RaisWarehouseGuard05"
                             pxsl_line="293" />
                    </Object>
                    <Object
                         pxsl_line="294">
                        <QuestObject
                             class="HumanAI"
                             name="Slums_RaisWarehouseGuard06"
                             pxsl_line="294" />
                    </Object>
                    <Object
                         pxsl_line="295">
                        <QuestObject
                             class="HumanAI"
                             name="Slums_RaisWarehouseGuard07"
                             pxsl_line="295" />
                    </Object>
                </Phase>
                <Phase
                     type="use life place"
                     name="_"
                     teleport="true"
                     pxsl_line="296">
                    <LifePlace
                         pxsl_line="296">
                        <QuestObject
                             class="NPCLifePlace"
                             name="Slums_RaisWarehouseGuard04_LP_01"
                             pxsl_line="296" />
                    </LifePlace>
                    <AI
                         pxsl_line="297">
                        <QuestObject
                             class="HumanAI"
                             name="Slums_RaisWarehouseGuard04"
                             pxsl_line="297" />
                    </AI>
                </Phase>
                <Phase
                     type="use life place"
                     name="_"
                     teleport="true"
                     pxsl_line="298">
                    <LifePlace
                         pxsl_line="298">
                        <QuestObject
                             class="NPCLifePlace"
                             name="Slums_RaisWarehouseGuard05_LP_01"
                             pxsl_line="298" />
                    </LifePlace>
                    <AI
                         pxsl_line="299">
                        <QuestObject
                             class="HumanAI"
                             name="Slums_RaisWarehouseGuard05"
                             pxsl_line="299" />
                    </AI>
                </Phase>
                <Phase
                     type="use life place"
                     name="_"
                     teleport="true"
                     pxsl_line="300">
                    <LifePlace
                         pxsl_line="300">
                        <QuestObject
                             class="NPCLifePlace"
                             name="Slums_RaisWarehouseGuard06_LP_01"
                             pxsl_line="300" />
                    </LifePlace>
                    <AI
                         pxsl_line="301">
                        <QuestObject
                             class="HumanAI"
                             name="Slums_RaisWarehouseGuard06"
                             pxsl_line="301" />
                    </AI>
                </Phase>
                <Phase
                     type="use life place"
                     name="_"
                     teleport="true"
                     pxsl_line="302">
                    <LifePlace
                         pxsl_line="302">
                        <QuestObject
                             class="NPCLifePlace"
                             name="Slums_RaisWarehouseGuard07_LP_01"
                             pxsl_line="302" />
                    </LifePlace>
                    <AI
                         pxsl_line="303">
                        <QuestObject
                             class="HumanAI"
                             name="Slums_RaisWarehouseGuard07"
                             pxsl_line="303" />
                    </AI>
                </Phase>
                <Phase
                     type="use life place"
                     name="_"
                     teleport="true"
                     pxsl_line="304">
                    <LifePlace
                         pxsl_line="304">
                        <QuestObject
                             class="NPCLifePlace"
                             name="Slums_RaisWarehouseGuard08_LP_01"
                             pxsl_line="304" />
                    </LifePlace>
                    <AI
                         pxsl_line="305">
                        <QuestObject
                             class="HumanAI"
                             name="Slums_RaisWarehouseGuard08"
                             pxsl_line="305" />
                    </AI>
                </Phase>
                <!-- weapon after -->
                <Phase
                     type="appear"
                     name="_"
                     mode="show"
                     pxsl_line="307">
                    <Object
                         pxsl_line="307">
                        <QuestObject
                             class="ItemSpawner"
                             name="cin_kos_rais_wn_machete_item"
                             pxsl_line="307" />
                    </Object>
                </Phase>
                <Phase
                     type="wait guard"
                     name="_"
                     time="0.5"
                     pxsl_line="308" />
                <Phase
                     type="appear"
                     name="_"
                     mode="hide"
                     pxsl_line="309">
                    <Object
                         pxsl_line="309">
                        <QuestObject
                             class="MovieActor"
                             name="cin_kos_rais_wn_machete_a_after"
                             pxsl_line="309" />
                    </Object>
                </Phase>
                <Phase
                     type="enable"
                     name="_"
                     pxsl_line="310">
                    <Object
                         pxsl_line="310">
                        <QuestObject
                             class="ItemSpawner"
                             name="cin_kos_rais_wn_machete_item"
                             pxsl_line="310" />
                    </Object>
                </Phase>
                <Phase
                     type="go to"
                     name="_"
                     distance="10000"
                     show_locations="false"
                     pxsl_line="311">
                    <Destination
                         pxsl_line="311">
                        <QuestObject
                             class="SpawnPoint"
                             name="rais_warehouse_sp"
                             pxsl_line="311" />
                    </Destination>
                </Phase>
                <Phase
                     type="player control"
                     name="After Cutscene with Rais"
                     diff_level_progress="2"
                     pxsl_line="312" />
                <Phase
                     type="wait guard"
                     name="Achievement_ShakeHandsOnIt "
                     time="0"
                     pxsl_line="313" />
                <Phase
                     type="set dialog"
                     name="_"
                     speaker="voice2d"
                     pxsl_line="314" />
                <Phase
                     type="appear"
                     name="_"
                     mode="show"
                     pxsl_line="315">
                    <!-- SHOW first part of ziplines -->
                    <Object
                         pxsl_line="316">
                        <QuestObject
                             class="GroupingObject"
                             name="Scout_Ziplines1_01"
                             pxsl_line="316" />
                    </Object>
                    <Object
                         pxsl_line="317">
                        <QuestObject
                             class="GroupingObject"
                             name="Scout_Ziplines1_02"
                             pxsl_line="317" />
                    </Object>
                </Phase>
                <Phase
                     type="go to"
                     name="_"
                     distance="2"
                     pxsl_line="318">
                    <Destination
                         pxsl_line="318">
                        <QuestObject
                             class="SpawnPoint"
                             name="sp_portal_Slums_Int_Warehouse_TO_Slums"
                             pxsl_line="318" />
                    </Destination>
                </Phase>
                <Phase
                     type="enable"
                     name="_"
                     pxsl_line="319">
                    <!-- Enabling portal to warehouse. -->
                    <Object
                         pxsl_line="320">
                        <QuestObject
                             class="QuestEnableGroup"
                             name="portal_Slums_TO_Slums_Int_Warehouse_Neutral_qeg"
                             pxsl_line="320" />
                    </Object>
                </Phase>
                <Phase
                     type="enable"
                     name="_"
                     state="disabled"
                     pxsl_line="321">
                    <Object
                         pxsl_line="322">
                        <QuestObject
                             class="ItemSpawner"
                             name="cin_kos_rais_wn_machete_item"
                             pxsl_line="322" />
                    </Object>
                </Phase>
                <!-- ,reward _ -reward=StorylineReward_PactWithRais_reward -= After "King of the Slums" cinematic. -->
                <Phase
                     type="checkpoint"
                     name="_"
                     pxsl_line="324">
                    <Destination
                         pxsl_line="324">
                        <QuestObject
                             class="SpawnPoint"
                             name="rais_warehouse_sp"
                             pxsl_line="324" />
                    </Destination>
                </Phase>
            </Path>
        </Phase>
    </Quest>
    <!-- GOTO - SLUMS INT WAREHOUSE - RAISE WAREHOUSE -->
    <!-- NEXT QUEST - ANTENNAS -->
</QuestsDefinitions>
