<?xml version="1.0"?>
<QuestsDefinitions
     level="slums"
     pxsl_line="3">
    <!-- -=-=-=-=-=-=-=-=-=-=-=-=-=-=-=-=-=-=-=-=-=-=-=-=-=-=-=-=-=-=-=-=-=-=-=-=-=-=-=-=-=-=-=-=-=-=-=-=- -->
    <!-- QUEST NAME : Save The Tower -->
    <!-- QUEST INFO :  -->
    <!-- AFTER QUEST: Courier -->
    <!-- COMMENT    :  -->
    <!-- FROM       : >> SLUMS INT WAREHOUSE -->
    <!-- TO         : >> SLUMS -->
    <!-- -=-=-=-=-=-=-=-=-=-=-=-=-=-=-=-=-=-=-=-=-=-=-=-=-=-=-=-=-=-=-=-=-=-=-=-=-=-=-=-=-=-=-=-=-=-=-=-=- -->
    <Quest
         name="SaveTheTower01"
         parent="Courier03"
         leading_portal="portal_Slums_Int_Warehouse_TO_Slums"
         glued="true"
         pxsl_line="14">
        <Phase
             type="AND"
             name="_"
             objective="&amp;Courier_OBJ_GoBackToBrecken&amp;"
             pxsl_line="15">
            <Path
                 pxsl_line="15">
                <Phase
                     type="go to"
                     name="BLUE SKY - START"
                     distance="100000"
                     pxsl_line="16">
                    <Destination
                         pxsl_line="16">
                        <QuestObject
                             class="SpawnPoint"
                             name="Respawn_Warehouse_b"
                             pxsl_line="16" />
                    </Destination>
                    <DebugPlayerPosition
                         pxsl_line="17">
                        <QuestObject
                             class="SpawnPoint"
                             name="Respawn_Warehouse_b"
                             pxsl_line="17" />
                    </DebugPlayerPosition>
                </Phase>
                <Phase
                     type="AND"
                     name="start action"
                     pxsl_line="18">
                    <Path
                         pxsl_line="18">
                        <!-- HIDING BARRICADES IN THE TUNNELS -->
                        <Phase
                             type="appear"
                             name="_"
                             mode="hide"
                             pxsl_line="20">
                            <Object
                                 pxsl_line="21">
                                <QuestObject
                                     class="AppearGroup"
                                     name="slums_tunnels_block_a_before_ag"
                                     pxsl_line="21" />
                            </Object>
                            <Object
                                 pxsl_line="22">
                                <QuestObject
                                     class="AppearGroup"
                                     name="slums_tunnels_block_b_before_ag"
                                     pxsl_line="22" />
                            </Object>
                            <Object
                                 pxsl_line="23">
                                <QuestObject
                                     class="AppearGroup"
                                     name="slums_tunnels_block_c_before_ag"
                                     pxsl_line="23" />
                            </Object>
                            <!-- ,o AppearGroup q_Courier_GateOpened_AG -->
                        </Phase>
                        <Phase
                             type="appear"
                             name="_"
                             mode="show"
                             pxsl_line="25">
                            <Object
                                 pxsl_line="26">
                                <QuestObject
                                     class="AppearGroup"
                                     name="slums_tunnels_block_a_after_ag"
                                     pxsl_line="26" />
                            </Object>
                            <Object
                                 pxsl_line="27">
                                <QuestObject
                                     class="AppearGroup"
                                     name="slums_tunnels_block_b_after_ag"
                                     pxsl_line="27" />
                            </Object>
                            <Object
                                 pxsl_line="28">
                                <QuestObject
                                     class="AppearGroup"
                                     name="slums_tunnels_block_c_after_ag"
                                     pxsl_line="28" />
                            </Object>
                            <!-- ,o AppearGroup q_Courier_GateClosed_AG -->
                        </Phase>
                        <Phase
                             type="enable"
                             name="_"
                             state="disabled"
                             pxsl_line="30">
                            <Object
                                 pxsl_line="31">
                                <QuestObject
                                     class="NavMeshDynamicObject"
                                     name="slums_tunnels_block_a_nm"
                                     pxsl_line="31" />
                            </Object>
                            <Object
                                 pxsl_line="32">
                                <QuestObject
                                     class="NavMeshDynamicObject"
                                     name="slums_tunnels_block_b_nm"
                                     pxsl_line="32" />
                            </Object>
                            <Object
                                 pxsl_line="33">
                                <QuestObject
                                     class="NavMeshDynamicObject"
                                     name="slums_tunnels_block_c_nm"
                                     pxsl_line="33" />
                            </Object>
                            <Object
                                 pxsl_line="34">
                                <QuestObject
                                     class="QuestEnableGroup"
                                     name="portal_Slums_TO_Slums_Int_Warehouse_Neutral_qeg"
                                     pxsl_line="34" />
                            </Object>
                            <Object
                                 pxsl_line="35">
                                <QuestObject
                                     class="BarrierObject"
                                     name="18th_problems_barrier_01"
                                     pxsl_line="35" />
                            </Object>
                            <Object
                                 pxsl_line="36">
                                <QuestObject
                                     class="BarrierObject"
                                     name="18th_problems_barrier_02"
                                     pxsl_line="36" />
                            </Object>
                            <Object
                                 pxsl_line="37">
                                <QuestObject
                                     class="BarrierObject"
                                     name="18th_problems_barrier_03"
                                     pxsl_line="37" />
                            </Object>
                            <Object
                                 pxsl_line="38">
                                <QuestObject
                                     class="BarrierObject"
                                     name="18th_problems_barrier_04"
                                     pxsl_line="38" />
                            </Object>
                        </Phase>
                        <Phase
                             type="enable"
                             name="_"
                             pxsl_line="39">
                            <Object
                                 pxsl_line="39">
                                <QuestObject
                                     class="PhysicalSwitchDI"
                                     name="rais_outpost_enter::trigger_blocked_warehouse_enter"
                                     pxsl_line="39" />
                            </Object>
                        </Phase>
                        <Phase
                             type="appear"
                             name="thug arena hide"
                             mode="hide"
                             pxsl_line="40">
                            <Object
                                 pxsl_line="40">
                                <QuestObject
                                     class="AppearGroup"
                                     name="courier_thug_arena_before_ag"
                                     pxsl_line="40" />
                            </Object>
                        </Phase>
                        <Phase
                             type="appear"
                             name="thug arena show"
                             mode="show"
                             pxsl_line="41">
                            <Object
                                 pxsl_line="41">
                                <QuestObject
                                     class="AppearGroup"
                                     name="courier_thug_arena_after_ag"
                                     pxsl_line="41" />
                            </Object>
                        </Phase>
                        <Phase
                             type="enable"
                             name="thug arena things"
                             state="disabled"
                             pxsl_line="42">
                            <Object
                                 pxsl_line="42">
                                <QuestObject
                                     class="QuestEnableGroup"
                                     name="courier_thug_arena_before_qeg"
                                     pxsl_line="42" />
                            </Object>
                        </Phase>
                        <!-- ,clear-cyclic-dialog _ voice2d Karim_RaisCourier_99DLG01 -auto=true -start_time=17.5 -end_time=20.5 -->
                        <Phase
                             type="use life place"
                             name="_"
                             teleport="true"
                             pxsl_line="44">
                            <LifePlace
                                 pxsl_line="44">
                                <QuestObject
                                     class="NPCLifePlace"
                                     name="karim_courier_lp_c"
                                     pxsl_line="44" />
                            </LifePlace>
                            <AI
                                 pxsl_line="45">
                                <QuestObject
                                     class="HumanAI"
                                     name="Karim"
                                     pxsl_line="45" />
                            </AI>
                        </Phase>
                        <Phase
                             type="set dialog"
                             name="_"
                             speaker="slums_thetower_guard_19th_02"
                             pxsl_line="46" />
                        <Phase
                             type="appear"
                             name="_"
                             mode="hide"
                             pxsl_line="47">
                            <Object
                                 pxsl_line="48">
                                <QuestObject
                                     class="AppearGroup"
                                     name="slums_interior_barricade_a_dest_ag"
                                     pxsl_line="48" />
                            </Object>
                            <!-- don't appear after -->
                            <Object
                                 pxsl_line="49">
                                <QuestObject
                                     class="HumanAI"
                                     name="Atuf"
                                     pxsl_line="49" />
                            </Object>
                            <Object
                                 pxsl_line="50">
                                <QuestObject
                                     class="GroupingObject"
                                     name="slums_jaffar_before_b_go"
                                     pxsl_line="50" />
                            </Object>
                            <Object
                                 pxsl_line="51">
                                <QuestObject
                                     class="HumanAI"
                                     name="slums_thetower_guard_19th_02"
                                     pxsl_line="51" />
                            </Object>
                            <Object
                                 pxsl_line="52">
                                <QuestObject
                                     class="ModelObject"
                                     name="18th_problems_barricade_01"
                                     pxsl_line="52" />
                            </Object>
                            <Object
                                 pxsl_line="53">
                                <QuestObject
                                     class="ModelObject"
                                     name="18th_problems_barricade_02"
                                     pxsl_line="53" />
                            </Object>
                        </Phase>
                        <Phase
                             type="appear"
                             name="_"
                             mode="show"
                             pxsl_line="54">
                            <Object
                                 pxsl_line="55">
                                <QuestObject
                                     class="AppearGroup"
                                     name="slums_interior_barricade_a_dest_b_ag"
                                     pxsl_line="55" />
                            </Object>
                            <Object
                                 pxsl_line="56">
                                <QuestObject
                                     class="GroupingObject"
                                     name="slums_jaffar_after_b_go"
                                     pxsl_line="56" />
                            </Object>
                            <Object
                                 pxsl_line="57">
                                <QuestObject
                                     class="ModelObject"
                                     name="karim_courier_lp_c_box_a"
                                     pxsl_line="57" />
                            </Object>
                            <Object
                                 pxsl_line="58">
                                <QuestObject
                                     class="ModelObject"
                                     name="karim_courier_lp_c_box_b"
                                     pxsl_line="58" />
                            </Object>
                        </Phase>
                        <Phase
                             type="use life place"
                             name="_"
                             teleport="true"
                             pxsl_line="59">
                            <LifePlace
                                 pxsl_line="59">
                                <QuestObject
                                     class="NPCLifePlace"
                                     name="Husam_LP_after_sit"
                                     pxsl_line="59" />
                            </LifePlace>
                            <AI
                                 pxsl_line="60">
                                <QuestObject
                                     class="HumanAI"
                                     name="Husam"
                                     pxsl_line="60" />
                            </AI>
                        </Phase>
                        <!-- WQ shopkeeper goes to the WQ -->
                        <Phase
                             type="use life place"
                             name="_"
                             teleport="true"
                             pxsl_line="62">
                            <LifePlace
                                 pxsl_line="62">
                                <QuestObject
                                     class="NPCLifePlace"
                                     name="Shopkeeper_Slums_WQ_lp_01"
                                     pxsl_line="62" />
                            </LifePlace>
                            <AI
                                 pxsl_line="63">
                                <QuestObject
                                     class="HumanAI"
                                     name="Shopkeeper_Slums_WQ"
                                     pxsl_line="63" />
                            </AI>
                        </Phase>
                        <!-- WQ Shop Deco  -->
                        <Phase
                             type="appear"
                             name="_"
                             mode="show"
                             pxsl_line="64">
                            <Object
                                 pxsl_line="64">
                                <QuestObject
                                     class="GroupingObject"
                                     name="witchqueen_shopkeeper_decoration_a_go"
                                     pxsl_line="64" />
                            </Object>
                        </Phase>
                    </Path>
                </Phase>
                <Phase
                     type="checkpoint"
                     name="_"
                     pxsl_line="65">
                    <Destination
                         pxsl_line="65">
                        <QuestObject
                             class="SpawnPoint"
                             name="Respawn_Warehouse_b"
                             pxsl_line="65" />
                    </Destination>
                </Phase>
                <Phase
                     type="AND"
                     name="_"
                     pxsl_line="66">
                    <Path
                         pxsl_line="67">
                        <Phase
                             type="OR"
                             name="_"
                             pxsl_line="68">
                            <Path
                                 pxsl_line="69">
                                <Phase
                                     type="go to"
                                     name="back to the tower"
                                     distance="4"
                                     pxsl_line="70">
                                    <Destination
                                         pxsl_line="70">
                                        <QuestObject
                                             class="SpawnPointWithInteractiveMovie"
                                             name="sp_Hub_LJ_Floor_0"
                                             pxsl_line="70" />
                                    </Destination>
                                </Phase>
                            </Path>
                            <Path
                                 pxsl_line="71">
                                <Phase
                                     type="go to"
                                     name="_"
                                     distance="505"
                                     show_locations="false"
                                     pxsl_line="72">
                                    <Destination
                                         pxsl_line="72">
                                        <QuestObject
                                             class="SpawnPointWithInteractiveMovie"
                                             name="sp_Hub_LJ_Floor_0"
                                             pxsl_line="72" />
                                    </Destination>
                                </Phase>
                                <Phase
                                     type="enable"
                                     name="_"
                                     pxsl_line="73">
                                    <Object
                                         pxsl_line="73">
                                        <QuestObject
                                             class="QuestEnableGroup"
                                             name="GRE_06_pre_qeg"
                                             pxsl_line="73" />
                                    </Object>
                                </Phase>
                                <Phase
                                     type="use"
                                     name="_"
                                     desired_state="on"
                                     show_locations="false"
                                     pxsl_line="74">
                                    <Trigger
                                         pxsl_line="74">
                                        <QuestObject
                                             class="InvisibleSwitchDI"
                                             name="GRE_06_Calling_Trigger"
                                             pxsl_line="74" />
                                    </Trigger>
                                </Phase>
                                <Phase
                                     type="wait guard"
                                     name="_"
                                     time="1"
                                     pxsl_line="75" />
                                <Phase
                                     type="talk"
                                     name="_"
                                     speaker="voice2d"
                                     group="Player_Blackout_25DLG01"
                                     show_locations="false"
                                     auto_start="true"
                                     pxsl_line="76" />
                            </Path>
                        </Phase>
                    </Path>
                    <Path
                         pxsl_line="77">
                        <Phase
                             type="OR"
                             name="_"
                             pxsl_line="78">
                            <Path
                                 pxsl_line="79">
                                <Phase
                                     type="go to"
                                     name="_"
                                     distance="505"
                                     show_locations="false"
                                     pxsl_line="80">
                                    <Destination
                                         pxsl_line="80">
                                        <QuestObject
                                             class="SpawnPointWithInteractiveMovie"
                                             name="sp_Hub_LJ_Floor_0"
                                             pxsl_line="80" />
                                    </Destination>
                                </Phase>
                            </Path>
                            <Path
                                 pxsl_line="81">
                                <Phase
                                     type="talk"
                                     name="_"
                                     speaker="Karim"
                                     group="Karim_RaisMeeting_END"
                                     show_locations="false"
                                     pxsl_line="82" />
                            </Path>
                        </Phase>
                        <Phase
                             type="set dialog"
                             name="_"
                             speaker="Karim"
                             pxsl_line="83" />
                    </Path>
                </Phase>
            </Path>
        </Phase>
        <!-- -->
        <!-- GRE CONTACT 6 -->
        <!--              -->
        <Phase
             type="AND"
             name="_"
             objective="&amp;Courier_OBJ_FindLocation&amp;"
             pxsl_line="87">
            <Path
                 pxsl_line="87">
                <Phase
                     type="gather players guard"
                     name="COURIER - GRE 06"
                     distance="0"
                     pxsl_line="88">
                    <Destination
                         pxsl_line="88">
                        <QuestObject
                             class="SensorGoTo"
                             name="GRE_06_goto"
                             pxsl_line="88" />
                    </Destination>
                    <DebugPlayerPosition
                         pxsl_line="89">
                        <QuestObject
                             class="SpawnPoint"
                             name="GRE_06_sp"
                             pxsl_line="89" />
                    </DebugPlayerPosition>
                </Phase>
                <Phase
                     type="enable"
                     name="_"
                     pxsl_line="90">
                    <Object
                         pxsl_line="90">
                        <QuestObject
                             class="UseItemOnceZone"
                             name="GRE_06_Dialog"
                             pxsl_line="90" />
                    </Object>
                </Phase>
                <Phase
                     type="use"
                     name="_"
                     desired_state="on"
                     show_locations="false"
                     pxsl_line="91">
                    <Trigger
                         pxsl_line="91">
                        <QuestObject
                             class="InvisibleSwitchDI"
                             name="GRE_06_Dialog_Trigger"
                             pxsl_line="91" />
                    </Trigger>
                </Phase>
                <Phase
                     type="player control"
                     name="_"
                     block_move="false"
                     pxsl_line="92" />
                <Phase
                     type="hudgroup"
                     name="_"
                     group="HideRadarForGREContact"
                     mode="hide"
                     pxsl_line="93" />
                <Phase
                     type="wait guard"
                     name="_"
                     time="6"
                     pxsl_line="94" />
                <Phase
                     type="enable"
                     name="_"
                     pxsl_line="95">
                    <Object
                         pxsl_line="96">
                        <QuestObject
                             class="SensorVarlist"
                             name="GRE_06_varlist_mod"
                             pxsl_line="96" />
                    </Object>
                    <Object
                         pxsl_line="97">
                        <QuestObject
                             class="SensorAmbientMusicArea"
                             name="GRE_06_Music"
                             pxsl_line="97" />
                    </Object>
                </Phase>
                <!-- AGENCY 6 -->
                <Phase
                     type="talk"
                     name="_"
                     speaker="voice2d"
                     group="Player_Courier_30DLG01"
                     show_locations="false"
                     auto_start="true"
                     pxsl_line="98" />
                <Phase
                     type="enable"
                     name="_"
                     state="disabled"
                     pxsl_line="99">
                    <Object
                         pxsl_line="99">
                        <QuestObject
                             class="UseItemOnceZone"
                             name="GRE_06_Dialog"
                             pxsl_line="99" />
                    </Object>
                </Phase>
                <Phase
                     type="enable"
                     name="_"
                     pxsl_line="100">
                    <Object
                         pxsl_line="100">
                        <QuestObject
                             class="UseItemOnceZone"
                             name="GRE_06_Dialog_Ending"
                             pxsl_line="100" />
                    </Object>
                </Phase>
                <Phase
                     type="OR"
                     name="_"
                     pxsl_line="101">
                    <Path
                         pxsl_line="102">
                        <Phase
                             type="use"
                             name="_"
                             desired_state="on"
                             show_locations="false"
                             pxsl_line="103">
                            <Trigger
                                 pxsl_line="103">
                                <QuestObject
                                     class="InvisibleSwitchDI"
                                     name="GRE_06_Dialog_Ending_Trigger"
                                     pxsl_line="103" />
                            </Trigger>
                        </Phase>
                        <Phase
                             type="wait guard"
                             name="_"
                             time="1"
                             pxsl_line="104" />
                    </Path>
                    <Path
                         pxsl_line="105">
                        <Phase
                             type="wait guard"
                             name="_"
                             time="3"
                             pxsl_line="106" />
                    </Path>
                </Phase>
                <Phase
                     type="enable"
                     name="_"
                     state="disabled"
                     pxsl_line="107">
                    <Object
                         pxsl_line="108">
                        <QuestObject
                             class="QuestEnableGroup"
                             name="GRE_06_pre_qeg"
                             pxsl_line="108" />
                    </Object>
                    <Object
                         pxsl_line="109">
                        <QuestObject
                             class="SensorVarlist"
                             name="GRE_06_varlist_mod"
                             pxsl_line="109" />
                    </Object>
                    <Object
                         pxsl_line="110">
                        <QuestObject
                             class="SensorAmbientMusicArea"
                             name="GRE_06_Music"
                             pxsl_line="110" />
                    </Object>
                </Phase>
                <Phase
                     type="hudgroup"
                     name="_"
                     group="HideRadarForGREContact"
                     mode="show"
                     pxsl_line="111" />
                <Phase
                     type="player control"
                     name="_"
                     block_move="false"
                     pxsl_line="112" />
                <Phase
                     type="talk"
                     name="_"
                     speaker="voice2d"
                     group="Player_Courier_30DLG01B"
                     show_locations="false"
                     auto_start="true"
                     pxsl_line="113" />
                <Phase
                     type="checkpoint"
                     name="_"
                     pxsl_line="114">
                    <Destination
                         pxsl_line="114">
                        <QuestObject
                             class="SpawnPoint"
                             name="GRE_06_sp"
                             pxsl_line="114" />
                    </Destination>
                </Phase>
            </Path>
        </Phase>
        <Phase
             type="AND"
             name="_"
             objective="&amp;Courier_OBJ_GoBackToTower&amp;"
             pxsl_line="115">
            <Path
                 pxsl_line="115">
                <Phase
                     type="AND"
                     name="_"
                     pxsl_line="116">
                    <Path
                         pxsl_line="117">
                        <Phase
                             type="go to"
                             name="back to the tower"
                             distance="20"
                             pxsl_line="118">
                            <Destination
                                 pxsl_line="118">
                                <QuestObject
                                     class="SpawnPointWithInteractiveMovie"
                                     name="sp_Hub_LJ_Floor_0"
                                     pxsl_line="118" />
                            </Destination>
                        </Phase>
                    </Path>
                    <Path
                         pxsl_line="119">
                        <Phase
                             type="go to"
                             name="_"
                             distance="200"
                             show_locations="false"
                             pxsl_line="120">
                            <Destination
                                 pxsl_line="120">
                                <QuestObject
                                     class="SpawnPointWithInteractiveMovie"
                                     name="sp_Hub_LJ_Floor_0"
                                     pxsl_line="120" />
                            </Destination>
                        </Phase>
                        <!-- Jade Radio talk -->
                        <Phase
                             type="set dialog"
                             name="_"
                             speaker="voice2d"
                             group="Player_Courier_32DLG01"
                             auto_start="true"
                             pxsl_line="121" />
                    </Path>
                </Phase>
                <!-- The Tower Portals Action 1/2 -->
                <Phase
                     type="AND"
                     name="_"
                     pxsl_line="122">
                    <Path
                         pxsl_line="122">
                        <Phase
                             type="enable"
                             name="_"
                             pxsl_line="123">
                            <Object
                                 pxsl_line="123">
                                <QuestObject
                                     class="MapPortal"
                                     name="portal_Hub_LJ_Floor_0_b"
                                     pxsl_line="123" />
                            </Object>
                        </Phase>
                        <Phase
                             type="enable"
                             name="_"
                             state="disabled"
                             pxsl_line="124">
                            <Object
                                 pxsl_line="124">
                                <QuestObject
                                     class="MapPortal"
                                     name="portal_Hub_LJ_Floor_0"
                                     pxsl_line="124" />
                            </Object>
                        </Phase>
                        <Phase
                             type="appear"
                             name="_"
                             mode="show"
                             pxsl_line="125">
                            <Object
                                 pxsl_line="125">
                                <QuestObject
                                     class="MovieActor"
                                     name="cin_elevator_on_slums_Lift_b"
                                     pxsl_line="125" />
                            </Object>
                        </Phase>
                        <Phase
                             type="appear"
                             name="_"
                             mode="hide"
                             pxsl_line="126">
                            <Object
                                 pxsl_line="126">
                                <QuestObject
                                     class="MovieActor"
                                     name="cin_elevator_on_slums_Lift"
                                     pxsl_line="126" />
                            </Object>
                        </Phase>
                        <Phase
                             type="set skin"
                             name="_"
                             skin_name="White"
                             pxsl_line="127">
                            <ModelObject
                                 pxsl_line="127">
                                <QuestObject
                                     class="MovieActor"
                                     name="cin_elevator_on_slums_Door"
                                     pxsl_line="127" />
                            </ModelObject>
                        </Phase>
                        <Phase
                             type="set skin"
                             name="_"
                             skin_name="White_light"
                             pxsl_line="128">
                            <ModelObject
                                 pxsl_line="128">
                                <QuestObject
                                     class="MovieActor"
                                     name="cin_elevator_on_slums_Door_b"
                                     pxsl_line="128" />
                            </ModelObject>
                        </Phase>
                    </Path>
                </Phase>
                <Phase
                     type="go to"
                     name="Blue SKY - back to the tower"
                     distance="10000"
                     pxsl_line="129">
                    <Destination
                         pxsl_line="129">
                        <QuestObject
                             class="SpawnPointWithInteractiveMovie"
                             name="sp_Hub_LJ_Floor_0"
                             pxsl_line="129" />
                    </Destination>
                    <DebugPlayerPosition
                         pxsl_line="130">
                        <QuestObject
                             class="SpawnPointWithInteractiveMovie"
                             name="sp_Hub_LJ_Floor_0"
                             pxsl_line="130" />
                    </DebugPlayerPosition>
                </Phase>
                <Phase
                     type="checkpoint"
                     name="_"
                     pxsl_line="131">
                    <Destination
                         pxsl_line="131">
                        <QuestObject
                             class="SpawnPointWithInteractiveMovie"
                             name="sp_Hub_LJ_Floor_0"
                             pxsl_line="131" />
                    </Destination>
                </Phase>
            </Path>
        </Phase>
    </Quest>
    <!-- GOTO - SLUMS INTERIOR -->
    <Quest
         name="__TheTower_Lifht_Action"
         parent="SaveTheTower02"
         pxsl_line="135">
        <!-- The Tower Portals Action 2/2 -->
        <Phase
             type="AND"
             name="_"
             pxsl_line="136">
            <Path
                 pxsl_line="136">
                <Phase
                     type="enable"
                     name="_"
                     state="disabled"
                     pxsl_line="137">
                    <Object
                         pxsl_line="137">
                        <QuestObject
                             class="MapPortal"
                             name="portal_Hub_LJ_Floor_0_b"
                             pxsl_line="137" />
                    </Object>
                </Phase>
                <Phase
                     type="enable"
                     name="_"
                     pxsl_line="138">
                    <Object
                         pxsl_line="138">
                        <QuestObject
                             class="MapPortal"
                             name="portal_Hub_LJ_Floor_0"
                             pxsl_line="138" />
                    </Object>
                </Phase>
                <Phase
                     type="appear"
                     name="_"
                     mode="show"
                     pxsl_line="139">
                    <Object
                         pxsl_line="139">
                        <QuestObject
                             class="MovieActor"
                             name="cin_elevator_on_slums_Lift"
                             pxsl_line="139" />
                    </Object>
                </Phase>
                <Phase
                     type="appear"
                     name="_"
                     mode="hide"
                     pxsl_line="140">
                    <Object
                         pxsl_line="140">
                        <QuestObject
                             class="MovieActor"
                             name="cin_elevator_on_slums_Lift_b"
                             pxsl_line="140" />
                    </Object>
                </Phase>
                <Phase
                     type="set skin"
                     name="_"
                     skin_name="White_light"
                     pxsl_line="141">
                    <ModelObject
                         pxsl_line="141">
                        <QuestObject
                             class="MovieActor"
                             name="cin_elevator_on_slums_Door"
                             pxsl_line="141" />
                    </ModelObject>
                </Phase>
                <Phase
                     type="set skin"
                     name="_"
                     skin_name="White"
                     pxsl_line="142">
                    <ModelObject
                         pxsl_line="142">
                        <QuestObject
                             class="MovieActor"
                             name="cin_elevator_on_slums_Door_b"
                             pxsl_line="142" />
                    </ModelObject>
                </Phase>
            </Path>
        </Phase>
        <Phase
             type="checkpoint"
             name="_"
             pxsl_line="143">
            <Destination
                 pxsl_line="143">
                <QuestObject
                     class="SpawnPointWithInteractiveMovie"
                     name="sp_Hub_LJ_Floor_0"
                     pxsl_line="143" />
            </Destination>
        </Phase>
    </Quest>
</QuestsDefinitions>
