<?xml version="1.0"?>
<BehaviorTree xmlns:xsi="http://www.w3.org/2001/XMLSchema-instance" xsi:noNamespaceSchemaLocation="../../../MetaData/schema_ai.xsd" m_ContextType="ai">
    <SequenceMem>
        <Cnd_CanStartTask m_StartPolicy="DISCARD"/>
        <Cnd_HasBBValue m_Key="#target"/>
        <Selector m_Hide="true">
            <Optional m_Enabled="$forced_retreat_from_player">
                <Cnd_IsBBValueEqual_bool m_Key="#disable_forced_retreat" m_Value="true" m_Invert="false"/>
            </Optional>
            <Cnd_IsBBValueEqual_bool m_Key="#should_flee" m_Value="true"/>
            <Optional m_Enabled="$enable_retreat_from_high_threat">
                <Sequence>
                    <Cnd_IsDefendRequired m_Invert="true"/>
                    <Cnd_IsHoldRequired m_Invert="true"/>
                    <Selector>					   
                        <Cnd_HasHealthLowerThan m_HealthLevel="0.3"/>
                    </Selector>
                </Sequence>
            </Optional>
        </Selector>
		<Optional m_Enabled="$allow_healing">
			<CooldownTimeDeltaRandom m_MaxCooldownTime="$healing_cooldown_max" m_MinCooldownTime="$healing_cooldown_min" m_CooldownOnAbort="true">
                <Opr_ApplySelfHealing m_HealingName="MedkitInstant"/>
			</CooldownTimeDeltaRandom>
        </Optional>
        <SetFlagOnRunning m_Key="#flag_retreating" m_Hide="true">
            <SequenceMem>
                <Opr_SetBBValue_vec3 m_Key="#flee_source_pos" m_Value="#target_pos"/>
                <Opr_RequestBark m_Priority="Medium" m_BarkID="retreat"/>
                <Parallel m_PolicyFailure="REQUIRE_ONE" m_PolicySuccess="REQUIRE_ONE">
                    <Sequence>
                        <Selector>
                            <Cnd_HasBBValue m_Key="#target"/>
                            <Cnd_HasBBValue m_Key="#last_target"/>
                        </Selector>
                        <Selector>
                            <CooldownTimeDelta m_CooldownTime="2" m_CooldownOnFailure="true">
                                <ExternalTree m_UID="HUMAN_GO_TO_HIGH_GROUND" m_CustomName="Go to high ground" m_Hide="true"/>
                            </CooldownTimeDelta>
                            <Sequence>
                                <Optional m_Enabled="$disable_forced_retreat_if_cornered">
                                    <Cnd_IsBBValueEqual_bool m_Key="#disable_forced_retreat" m_Value="true" m_Invert="true"/>
                                </Optional>
								<Optional m_Enabled="$enable_stone_throw" m_CustomName="Stone" m_Hide="true">
									<ExternalTree m_UID="HUMAN_COMBAT_THROW_STONE"/>
								</Optional>
								<Optional m_Enabled="$enable_knife_throw" m_CustomName="Knife" m_Hide="true">
									<ExternalTree m_UID="HUMAN_COMBAT_THROW_KNIFE"/>
								</Optional>
								<Optional m_Enabled="$enable_prefab_throw" m_CustomName="Prefab" m_Hide="true">
									<ExternalTree m_UID="HUMAN_COMBAT_THROW_PREFAB"/>
								</Optional>
								<Optional m_Enabled="$enable_grenade_throw" m_CustomName="Grenade" m_Hide="true">
									<ExternalTree m_UID="HUMAN_COMBAT_THROW_GRENADE"/>
								</Optional>
								<Optional m_Enabled="$enable_molotov_throw" m_CustomName="Molotov" m_Hide="true">
									<ExternalTree m_UID="HUMAN_COMBAT_THROW_MOLOTOV"/>
								</Optional>
								<Optional m_Enabled="$enable_decoy_throw" m_CustomName="Molotov" m_Hide="true">
									<ExternalTree m_UID="HUMAN_COMBAT_THROW_DECOY"/>
								</Optional>
								<Optional m_Enabled="$enable_combat_bow">
                                     <Cnd_HasWeaponInInventory m_WeaponType="Bow"/>
									 <ExternalTree m_UID="HUMAN_COMBAT_ATTACK_BOW" m_CustomName="RangeAttack" m_Hide="true"/>
                                </Optional>
                                <Selector>
                                    <CooldownTimeDelta m_CooldownTime="$attack_push_retreat_cooldown" m_CooldownOnAbort="true" m_StatusReturned="FAILURE">
                                        <SequenceMem>
                                            <Cnd_IsCombatTargetInRadius m_Radius="$attack_push_retreat_max_range"/>
                                            <Opr_RequestBark m_Priority="Medium" m_BarkID="retreat_push"/>
                                            <ExternalTree m_UID="HUMAN_ATTACK_PUSH" m_CustomName="Push" m_Hide="true"/>
                                        </SequenceMem>
                                    </CooldownTimeDelta>
                                    <ExternalTree m_UID="HUMAN_COMBAT_IDLE" m_CustomName="Idle" m_Hide="true"/>
                                </Selector>
                            </Sequence>
                        </Selector>
                    </Sequence>
                </Parallel>
            </SequenceMem>
        </SetFlagOnRunning>
    </SequenceMem>
</BehaviorTree>
