<?xml version="1.0" encoding="UTF-8"?>
<BehaviorTree xmlns:xsi="http://www.w3.org/2001/XMLSchema-instance" xsi:noNamespaceSchemaLocation="../../MetaData/schema_ai.xsd" m_ContextType="ai">
    <SequenceMem>
        <SequenceMem>
            <ExternalTree m_UID="AI_COMMON_INIT" m_CustomName="Params" m_Hide="true"/>
            <ExternalTree m_UID="CHARGER_INIT" m_CustomName="Params" m_Hide="true"/>
        </SequenceMem>
        <Selector>
            <ExternalTree m_UID="INFECTED_DEATH_UV" m_CustomName="Death_UV" m_Hide="true"/>
            <ExternalTree m_UID="AI_DEATH" m_CustomName="Death" m_Hide="true"/>
            <ParallelRepeat m_PolicySuccess="REQUIRE_NONE" m_PolicyFailure="REQUIRE_NONE">
                <Sequence>
                    <ExternalTree m_UID="AI_UPDATE_ENEMY_PROTO" m_CustomName="Find_Enemy" m_Hide="true"/>
                    <ExternalTree m_UID="CHARGER_UPDATE" m_CustomName="Update" m_Hide="true"/>
                    <UseCombatSlots m_Target="#target">
                        <RepeatOnceOnSuccess>
                            <Selector>
                                <ExternalTree m_UID="CHARGER_REACTION" m_CustomName="Reactions" m_Hide="true"/>
                                <ExternalTree m_UID="CHARGER_GO_TO_FORCED" m_CustomName="GoToForced" m_Hide="true"/>
                                <ExternalTree m_UID="CHARGER_COMBAT" m_CustomName="Combat" m_Hide="true"/>
                                <ExternalTree m_UID="CHARGER_CHASE" m_CustomName="Chase" m_Hide="true"/>
                                <ExternalTree m_UID="AI_INVESTIGATE_POI" m_CustomName="Investigate" m_Hide="true"/>
                                <ExternalTree m_UID="CHARGER_SEARCH" m_CustomName="Search" m_Hide="true"/>
                                <ExternalTree m_UID="AI_REQUESTS" m_CustomName="AI_Requests" m_Hide="true"/>
                                <Act_Status m_StatusRequired="RUNNING"/>
                            </Selector>
                        </RepeatOnceOnSuccess>
                    </UseCombatSlots>
                </Sequence>
                <ExposeTarget m_Target="#target">
                    <Act_Status m_StatusRequired="RUNNING"/>
                </ExposeTarget>
                <Act_ExposeLogicState m_ExposedState="low_threat"/>
                <ExternalTree m_UID="AI_TRACK" m_CustomName="TrackEnemy" m_Hide="true"/>
                <Optional m_Enabled="$hit_reaction_additive_enabled">
                    <ExternalTree m_UID="AI_REACTION_HIT_ADDITIVE" m_CustomName="Hit Reaction Additive" m_Hide="true"/>
                </Optional>
            </ParallelRepeat>
        </Selector>
    </SequenceMem>
</BehaviorTree>
