<?xml version="1.0"?>
<BehaviorTree xmlns:xsi="http://www.w3.org/2001/XMLSchema-instance" xsi:noNamespaceSchemaLocation="../../../MetaData/schema_ai.xsd" m_ContextType="ai">
    <SequenceMem>
		<SequenceMem>
			<Opr_GetSelfDirection m_Direction="#self_dir"/>
			<Opr_GetSelfPosition m_Position="#self_pos"/>
			<Opr_RandomFloat m_Result="#dist" m_RangeMin="1" m_RangeMax="8"/>
			<Opr_GetPositionInDirection m_Distance="#dist" m_Position="#random_pos" m_Direction="#self_dir" m_Origin="#self_pos"/>
			<Act_Move m_EndDir="#self_dir" m_MoveStyle="Walk" m_SkipStart="#skip_start" m_EndRadius="#dist" m_StopAtDest="true" m_Destination="#random_pos" m_TryToFindDestinationOnNavmesh="true" m_IsAvoidanceActive="$use_avoidance" m_StartPolicy="INTERRUPT" m_AbandonPolicy="BLENDOUT"/>
		</SequenceMem>
		<!-- translate move style -->
		<!--<SequenceMem>
				<Cnd_HasBBValue m_Key="#target"/>
				<Opr_GetSelfPosition m_Position="#self_pos"/>
				<Cnd_IsHeightDiffToTargetGreater m_Target="#target" m_HeightDiff="3.5" m_Invert="true"/>
				<Opr_FindClosestElevatedPosition  m_Position="#move_pos" m_SearchPosition="#preferred_pos" m_MaxHorizontalRadius="8" m_HeightDifference="0" m_HeightDifferenceTolerance="3"/>
				<Cnd_DistanceBetweenPositionsLower m_Distance="15" m_FirstPosition="#target_pos" m_SecondPosition="#move_pos"/>
				<Act_Move m_Destination="#move_pos" m_IsAvoidanceActive="false" m_EndRadius="2.0" m_MoveStyle="#combat_movestyle" m_StopAtDest="false" m_SkipStart="#skip_start" m_StartPolicy="INTERRUPT" m_AbandonPolicy="BLENDOUT"/>
		</SequenceMem>-->
    </SequenceMem>
</BehaviorTree>
