<?xml version="1.0" encoding="UTF-8"?>
<ConstParams xmlns:xsi="http://www.w3.org/2001/XMLSchema-instance" xsi:noNamespaceSchemaLocation="../../../MetaData/schema_const.xsd">
    <ExternalParams m_UID="goon_profile_base"/>
    <!-- Attacks -->
    <Param m_Name="$enable_vertical_attack" m_Value="true"/>
    <Param m_Name="$enable_horizontal_attack" m_Value="true"/>
    <Param m_Name="$enable_360_attack" m_Value="true"/>
    <Param m_Name="$enable_stomp" m_Value="false"/>
    <Param m_Name="$enable_vertical_behind_attack" m_Value="true"/>
    <Param m_Name="$enable_light_attack" m_Value="true"/>

    <Param m_Name="$light_attack_combo_min" m_Value="2"/>
    <Param m_Name="$light_attack_combo_max" m_Value="3"/>

    <!-- Cooldowns -->
    <Param m_Name="$attack_360_cooldown" m_Value="10.0"/>
    <Param m_Name="$stomp_cooldown" m_Value="8.0"/>
    <Param m_Name="$light_attack_cooldown" m_Value="2.0"/>
    <Param m_Name="$vertical_attack_cooldown" m_Value="3.0"/>
    <Param m_Name="$vertical_attack_behind_cooldown" m_Value="4.0"/>

    <Param m_Name="$movestyle" m_Value="Trot"/>

</ConstParams>
