<?xml version="1.0" encoding="UTF-8"?>
<BehaviorTree xmlns:xsi="http://www.w3.org/2001/XMLSchema-instance" xsi:noNamespaceSchemaLocation="../../../MetaData/schema_ai.xsd" m_ContextType="ai">
    <CooldownTimeDelta m_CooldownTime="20" m_CooldownOnAbort="true">
        <SequenceMem>
            <Cnd_CanStartTask m_StartPolicy="INTERRUPT"/>
            <Cnd_HasBBValue m_Key="#target"/>
            <Cnd_IsPlayer m_Target="#target"/>
            <Cnd_IsCombatTargetInRadius m_Radius="24.0" m_Invert="true"/>
            <Selector>
                <Sequence>
                    <Opr_MakeDistinctNoise m_NoiseUid="stalker_attract" m_Position="#target"/>
                </Sequence>
            </Selector>
            <Act_Taunt m_Target="#target" m_Type="Normal" m_UseTargetForNoise="true" m_StartPolicy="INTERRUPT" m_AbandonPolicy="BLENDOUT" m_DecisionPolicy="WHEN_POSSIBLE"/>
        </SequenceMem>
    </CooldownTimeDelta>
</BehaviorTree>
