<?xml version="1.0" encoding="UTF-8"?>
<BehaviorTree xmlns:xsi="http://www.w3.org/2001/XMLSchema-instance" xsi:noNamespaceSchemaLocation="../../../MetaData/schema_ai.xsd" m_ContextType="ai">
    <CooldownTimeDelta m_CooldownTime="5.0">
        <SequenceMem>
            <Selector>
                <SequenceMem>
                    <Cnd_IsNightEnding/>
                    <Cnd_IsInDarkzone m_Invert="true"/>
                    <Opr_FindPositionForSunlightRetreat m_Position="#sunlight_retreat_pos"/>
                    <Act_Taunt m_Type="OnDayStart" m_StartPolicy="INTERRUPT" m_AbandonPolicy="BLENDOUT" m_DecisionPolicy="ON_END"/>
                </SequenceMem>
            </Selector>
            <Act_Move m_Destination="#sunlight_retreat_pos" m_SkipStart="#skip_start" m_MoveStyle="#sunlight_escape_movestyle" m_EndRadius="3.0" m_StopAtDest="true" m_StartPolicy="INTERRUPT" m_AbandonPolicy="BLENDOUT"/>
            <Opr_RemoveBBValue m_Key="#target"/>
            <Opr_RemoveBBValue m_Key="#last_target"/>
            <Opr_GetCurrentTime m_TimePoint="#sunlight_escape_time"/>
        </SequenceMem>
    </CooldownTimeDelta>
</BehaviorTree>
