<?xml version="1.0"?>
<BehaviorTree xmlns:xsi="http://www.w3.org/2001/XMLSchema-instance" xsi:noNamespaceSchemaLocation="../../../../MetaData/schema_ai.xsd" m_ContextType="ai">
    <Sequence>
        <Cnd_IsHoldRequired/>
        <SequenceMem>
            <SelectorMem>
                <Cnd_SelfInHoldRadius/>
                <Sequence>
                    <Cnd_SelfInHoldRadius m_Invert="true"/>
                    <Opr_GetDirectionToPosition m_Position="#target_pos" m_Direction="#end_dir"/>
                    <Act_Move m_Destination="#hold_position" m_EndDir="#end_dir" m_MoveStyle="#move_style_trot" m_StopAtDest="true" m_StartPolicy="INTERRUPT" m_AbandonPolicy="BLENDOUT" m_DecisionPolicy="ON_END"/>
                </Sequence>
            </SelectorMem>
            <Sequence>
                <SelectorMem>
                    <Cnd_IsCombatTargetInAngle m_Angle="120"/>
                    <Act_TurnToPos m_Position="#target_pos" m_Type="Combat" m_StartPolicy="INTERRUPT" m_AbandonPolicy="BLENDOUT" m_DecisionPolicy="ON_END"/>
					<ExternalTree m_UID="HUMAN_COMBAT_ATTACK_BOW" m_CustomName="RangeAttack" m_Hide="true"/>
                </SelectorMem>
                <Act_Idle m_Type="Stand" m_StartPolicy="WAIT" m_AbandonPolicy="BLENDOUT"/>
            </Sequence>
        </SequenceMem>
    </Sequence>
</BehaviorTree>
