<?xml version="1.0"?>
<BehaviorTree xmlns:xsi="http://www.w3.org/2001/XMLSchema-instance" xsi:noNamespaceSchemaLocation="../../../../MetaData/schema_ai.xsd" m_ContextType="ai">
    <CooldownTimeDelta m_CooldownTime="$grenade_throw_cooldown" m_CooldownOnAbort="true" m_CooldownBeforeFirstTick="true">
        <SequenceMem>
            <Cnd_CanStartTask m_StartPolicy="INTERRUPT"/>
            <Cnd_IsActivityModuleRunning_Throw m_Invert="true"/>
            <Cnd_HasWeaponInInventorySpecific m_Type="Grenade"/>
            <Cnd_IsCombatTargetInLOS/>
            <Cnd_IsCombatTargetInAngle m_Angle="$grenade_throw_max_angle"/>
            <Cnd_IsCombatTargetInRadius m_Radius="$throw_max_range"/>
            <Cnd_IsCombatTargetInRadius m_Radius="$grenade_throw_min_range" m_Invert="true"/>
            <Cnd_IsOtherGroupMemberCloseToPosition m_Position="#target_pos" m_MaxDistance="$grenade_throw_min_enemy_dist_from_group" m_Invert="true"/>
            <Cnd_AllyInLineOfFire m_Target="#target" m_SpaceNeeded="1" m_CheckMelee="false" m_Invert="true"/>
            <CombatSlot m_Name="$attack_range_special_token" m_Limit="$attack_range_special_limit" m_MinDelay="$attack_range_special_min_delay" m_Cost="#attack_range_cost">
                <SequenceMem>
                    <Opr_RequestBarkTarget m_Player="combat_range_warning" m_Priority="Instant"/>
                    <Act_Throw m_Type="Grenade" m_WeaponTypeSpecific="Grenade" m_CustomThrowSpeed="$grenade_throw_speed" m_UseBullet="false" m_TargetHeadYOffset="-0.5" m_Target="#target" m_StartPolicy="INTERRUPT" m_AbandonPolicy="INTERRUPT" m_DecisionPolicy="WHEN_POSSIBLE"/>
                </SequenceMem>
            </CombatSlot>
        </SequenceMem>
    </CooldownTimeDelta>
</BehaviorTree>
