<?xml version="1.0"?>
<BehaviorTree xmlns:xsi="http://www.w3.org/2001/XMLSchema-instance" xsi:noNamespaceSchemaLocation="../../../../MetaData/schema_ai.xsd" m_ContextType="ai">
    <Sequence>
        <SelectorMem>
            <Cnd_IsCombatTargetInAngle m_Angle="120"/>
            <Act_TurnToPos m_Position="#target_pos" m_Type="Combat" m_StartPolicy="INTERRUPT" m_AbandonPolicy="BLENDOUT" m_DecisionPolicy="ON_END"/>
        </SelectorMem>
		<SelectorMem>
			<Cnd_IsCombatTargetInRadius m_Radius="36"/>
			<ExternalTree m_UID="HUMAN_COMBAT_ATTACK_BOW" m_CustomName="RangeAttack" m_Hide="true"/>
		</SelectorMem>
        <Act_Idle m_Type="Stand" m_StartPolicy="INTERRUPT" m_AbandonPolicy="BLENDOUT"/>
    </Sequence>
</BehaviorTree>
