<?xml version="1.0"?>
<BehaviorTree xmlns:xsi="http://www.w3.org/2001/XMLSchema-instance" xsi:noNamespaceSchemaLocation="../../../../MetaData/schema_ai.xsd" m_ContextType="ai">
    <CooldownTimeDelta m_CooldownTime="$knife_throw_cooldown" m_CooldownOnAbort="true" m_CooldownBeforeFirstTick="true">
        <SequenceMem>
            <Cnd_CanStartTask m_StartPolicy="INTERRUPT"/>
            <Cnd_IsActivityModuleRunning_Throw m_Invert="true"/>
            <Cnd_HasWeaponInInventorySpecific m_Type="ThrowableKnife"/>
            <Cnd_IsCombatTargetInLOS/>
            <Cnd_IsActivityModuleRunning_Movement m_Invert="true"/>
            <Cnd_IsCombatTargetInRadius m_Radius="$throw_max_range"/>
            <Cnd_IsTargetLower m_Target="#target" m_BaseHeight="$knife_throw_max_height_diff"/>
            <Selector>
                <Cnd_HasPathToCombatTarget m_Invert="true"/>
                <Sequence>
                    <Cnd_IsRestrictedAreaRequired/>
                    <Cnd_TargetInRestrictedArea m_Invert="true"/>
                </Sequence>
                <Sequence>
                    <Cnd_IsCombatTargetInRadius m_Radius="$knife_throw_min_range" m_Invert="true"/>
                    <Cnd_IsOtherGroupMemberCloseToPosition m_Position="#target_pos" m_MaxDistance="$knife_throw_min_enemy_dist_from_group" m_Invert="true"/>
                </Sequence>
            </Selector>
            <Cnd_IsCombatTargetInAngle m_Angle="$knife_throw_max_angle"/>
            <Cnd_InTargetHorzAngle m_Target="#target" m_Angle="$knife_throw_max_horz_target_angle"/>
            <Cnd_AllyInLineOfFire m_Target="#target" m_SpaceNeeded="1.5" m_Invert="true"/>
            <CombatSlot m_Name="$attack_range_special_token" m_Limit="$attack_range_special_limit" m_MinDelay="$attack_range_special_min_delay" m_Cost="#attack_range_cost">
                <SequenceMem>
                    <Opr_RequestBarkTarget m_Player="combat_range_warning" m_Priority="Instant"/>
                    <Act_Throw m_Type="Knife" m_WeaponTypeSpecific="ThrowableKnife" m_CustomThrowSpeed="$knife_throw_speed" m_UseBullet="true" m_Target="#target" m_TargetPredictionTimeDelta="0.1" m_TargetHeadYOffset="-0.2" m_StartPolicy="INTERRUPT" m_AbandonPolicy="INTERRUPT" m_DecisionPolicy="WHEN_POSSIBLE"/>
                </SequenceMem>
            </CombatSlot>
        </SequenceMem>
    </CooldownTimeDelta>
</BehaviorTree>
