<?xml version="1.0"?>
<BehaviorTree xmlns:xsi="http://www.w3.org/2001/XMLSchema-instance" xsi:noNamespaceSchemaLocation="../../../../MetaData/schema_ai.xsd" m_ContextType="ai">
    <CooldownUntil m_TimePoint="#attack_cooldown" m_CooldownTime="$attack_cooldown" m_CooldownOnAbort="true">
        <SequenceMem>
            <Cnd_IsCombatTargetInLOS/>
            <Cnd_AllyInLineOfFire m_Target="#target" m_CheckMelee="true" m_SpaceNeeded="$attack_vs_other_ai_approach_min_space" m_Invert="true"/>
            <Selector>
                <ExternalTree m_UID="HUMAN_ATTACK_AI" m_CustomName="Combo" m_Hide="true"/>
                <ExternalTree m_UID="HUMAN_ATTACK_APPROACH" m_CustomName="Move" m_Hide="true"/>
            </Selector>
        </SequenceMem>
    </CooldownUntil>
</BehaviorTree>
