<?xml version="1.0"?>
<BehaviorTree xmlns:xsi="http://www.w3.org/2001/XMLSchema-instance" xsi:noNamespaceSchemaLocation="../../../../MetaData/schema_ai.xsd" m_ContextType="ai">
    <!-- TODO prototype generic molotov throw behavior -->
    <CooldownTimeDelta m_CooldownTime="$molotov_throw_cooldown" m_CooldownOnAbort="true" m_CooldownBeforeFirstTick="true">
        <SequenceMem>
            <Cnd_CanStartTask m_StartPolicy="INTERRUPT"/>
            <Cnd_IsActivityModuleRunning_Throw m_Invert="true"/>
            <Cnd_HasWeaponInInventorySpecific m_Type="Molotov"/>
            <Cnd_IsCombatTargetInLOS/>
            <Cnd_IsCombatTargetInAngle m_Angle="$molotov_throw_max_angle"/>
            <Cnd_DistanceToTargetBetween m_Target="#target" m_MinDistance="$molotov_throw_min_range" m_MaxDistance="$molotov_throw_max_range"/>
            <Opr_GetThrowTargetPosition m_Target="#target" m_Position="#throw_pos" m_Offset="2"/>
            <Cnd_IsOtherGroupMemberCloseToPosition m_Position="#throw_pos" m_MaxDistance="$molotov_throw_min_enemy_dist_from_group" m_Invert="true"/>
            <Cnd_IsWeaponThrowTrajectoryValid m_Position="#throw_pos" m_Type="Molotov"/>
            <CombatSlot m_Name="$attack_range_special_token" m_Limit="$attack_range_special_limit" m_MinDelay="$attack_range_special_min_delay" m_Cost="#attack_range_cost">
                <Parallel m_PolicyFailure="REQUIRE_ONE" m_PolicySuccess="REQUIRE_ONE">
                    <Act_Throw m_Type="Molotov_Prepared" m_TargetPosition="#throw_pos" m_WeaponTypeSpecific="Molotov" m_CustomThrowSpeed="$molotov_throw_speed" m_UseBullet="false" m_StartPolicy="INTERRUPT" m_AbandonPolicy="INTERRUPT" m_DecisionPolicy="WHEN_POSSIBLE"/>
                    <Runner>
                        <Sequence>
                            <Opr_GetDirectionToPosition m_Position="#throw_pos" m_Direction="#dir_to_target"/>
                            <Act_TurnToDirSimple m_Direction="#dir_to_target"/>
                        </Sequence>
                    </Runner>
                </Parallel>
            </CombatSlot>
        </SequenceMem>
    </CooldownTimeDelta>
</BehaviorTree>
