<?xml version="1.0"?>
<BehaviorTree xmlns:xsi="http://www.w3.org/2001/XMLSchema-instance" xsi:noNamespaceSchemaLocation="../../../../MetaData/schema_ai.xsd" m_ContextType="ai">
    <Sequence>
        <Cnd_IsHoldRequired/>
        <SequenceMem>
            <Sequence>
                <Opr_GetDirectionToPosition m_Position="#target_pos" m_Direction="#end_dir"/>
                <SelectorMem>
                    <SequenceMem>
                        <SelectorMem>
                            <Cnd_IsCombatTargetInRadius m_Radius="16"/>
                            <Cnd_PositionInRadius m_Radius="8" m_Position="#hold_position"/>
                        </SelectorMem>
                    </SequenceMem>
                </SelectorMem>
            </Sequence>
            <Sequence>
                <!-- strafe around hold area -->
                <SelectorMem>
                    <Cnd_IsCombatTargetInAngle m_Angle="160"/>
                    <Act_TurnToPos m_Position="#target_pos" m_Type="Combat" m_StartPolicy="INTERRUPT" m_AbandonPolicy="BLENDOUT" m_DecisionPolicy="ON_END"/>
                </SelectorMem>
                <SelectorMem>
                    <SequenceMem>
                        <Cnd_IsPlayer m_Target="#target"/>
                        <ExternalTree m_UID="HUMAN_COMBAT_ATTACK_ONE_HANDED_PLAYER" m_CustomName="AttackPlayer" m_Hide="true"/>
                    </SequenceMem>
                    <SequenceMem>
                        <Cnd_IsPlayer m_Target="#target" m_Invert="true"/>
                        <ExternalTree m_UID="HUMAN_COMBAT_ATTACK_ONE_HANDED_AI" m_CustomName="AttackAI" m_Hide="true"/>
                    </SequenceMem>
                </SelectorMem>
            </Sequence>
        </SequenceMem>
    </Sequence>
</BehaviorTree>
