<?xml version="1.0"?>
<BehaviorTree xmlns:xsi="http://www.w3.org/2001/XMLSchema-instance" xsi:noNamespaceSchemaLocation="../../../../MetaData/schema_ai.xsd" m_ContextType="ai">
    <Parallel m_PolicySuccess="REQUIRE_ONE" m_PolicyFailure="REQUIRE_ONE">
        <Sequence>
            <Opr_RequestBarkTarget m_Player="Combat_Idle_Taunt_Player" m_Human="combat_idle_taunt_human" m_Infected="combat_idle_taunt_infected" m_Priority="Low"/>
            <Selector>
				<ExternalTree m_UID="HUMAN_COMBAT_HOLD_POSITION" m_CustomName="HoldPosition" m_Hide="true"/>
                <ExternalTree m_UID="HUMAN_COMBAT_USE_MELEE_SLOT_ONE_HANDED" m_CustomName="MeleeSlot" m_Hide="true"/>
                <ExternalTree m_UID="HUMAN_COMBAT_USE_IDLE_SLOT_ONE_HANDED" m_CustomName="IdleSlot" m_Hide="true"/>
                <ExternalTree m_UID="HUMAN_COMBAT_KEEP_IDLE_DISTANCE_ONE_HANDED" m_CustomName="IdleDistance" m_Hide="true"/>
                <ExternalTree m_UID="HUMAN_COMBAT_KEEP_RESTRICTED_AREA" m_CustomName="RestrictedArea" m_Hide="true"/>
                <ExternalTree m_UID="HUMAN_COMBAT_IDLE" m_CustomName="Idle" m_Hide="true"/>
            </Selector>
        </Sequence>
        <Runner>
            <ExternalTree m_UID="HUMAN_WEAPON_PULL_OUT_THROWABLE" m_CustomName="PullOutThrowable" m_Hide="true"/>
        </Runner>
		<ExternalTree m_UID="HUMAN_WEAPON_PULL_OUT_ONE_HANDED" m_CustomName="PullOutOneHanded" m_Hide="true"/>
    </Parallel>
</BehaviorTree>
