<?xml version="1.0"?>
<BehaviorTree xmlns:xsi="http://www.w3.org/2001/XMLSchema-instance" xsi:noNamespaceSchemaLocation="../../../../MetaData/schema_ai.xsd" m_ContextType="ai">
    <Parallel m_PolicySuccess="REQUIRE_ONE" m_PolicyFailure="REQUIRE_ONE">
        <Sequence>
            <Selector>
				<ExternalTree m_UID="HUMAN_OVERSIGHT_BOW" m_CustomName="Oversight" m_Hide="true"/>
                <ExternalTree m_UID="HUMAN_COMBAT_ATTACK_BOW" m_CustomName="RangeAttack" m_Hide="true"/>
            </Selector>
        </Sequence>
        <Runner>
            <SequenceMem>
                <ExternalTree m_UID="HUMAN_WEAPON_PULL_OUT_BOW" m_CustomName="PullOutBow" m_Hide="true"/>
                <ExternalTree m_UID="HUMAN_WEAPON_RELOAD" m_CustomName="WeaponReload" m_Hide="true"/>
            </SequenceMem>
        </Runner>
    </Parallel>
</BehaviorTree>
