<?xml version="1.0" encoding="UTF-8"?>
<BehaviorTree xmlns:xsi="http://www.w3.org/2001/XMLSchema-instance" xsi:noNamespaceSchemaLocation="../../MetaData/schema_ai.xsd" m_ContextType="ai">
    <SelectorMem>
        <SequenceMem>
            <Cnd_HasBBValue m_Key="#die_from_sun_on_init"/>
            <Opr_KillSelf/>
            <Act_Death m_Mode="ANIMATION" m_Type="SUNLIGHT" m_StartPolicy="DISCARD" m_AbandonPolicy="BLENDOUT"/>
            <Act_Status m_StatusRequired="RUNNING"/>
        </SequenceMem>
        <SequenceMem>
            <Selector>
                <Sequence>
                    <Cnd_DamageTaken m_MinDamage="1"/>
                    <Cnd_IsIncapacitatedByUV/>
                </Sequence>
                <SequenceMem>
                    <Selector>
                        <Cnd_HasBBValue m_Key="#skip_incapacitation_before_uv_death"/>
                        <Cnd_IsIncapacitatedByUV/>
                    </Selector>
                    <Selector>
                        <DelayerTimeDeltaRandom m_DelayTimeMin="2" m_DelayTimeMax="3">
                            <Sequence>
                                <Selector>
                                    <Cnd_CanStand m_Invert="true"/>
                                    <Cnd_HasBBValue m_Key="#force_crawl"/>
                                </Selector>
                                <Cnd_IsInUVLight/>
                                <Opr_Trigger m_Key="#crawler_death"/>
                            </Sequence>
                        </DelayerTimeDeltaRandom>
                        <DelayerTimeDeltaRandom m_DelayTimeMin="$min_time_in_uv_to_die" m_DelayTimeMax="$max_time_in_uv_to_die">
                            <Cnd_IsInUVLight/>
                        </DelayerTimeDeltaRandom>
                        <DelayerTimeDeltaRandom m_DelayTimeMin="$min_time_in_uv_to_die" m_DelayTimeMax="$max_time_in_uv_to_die">
                            <Cnd_IsInSunlight/>
                        </DelayerTimeDeltaRandom>
                    </Selector>
                </SequenceMem>
            </Selector>
            <Opr_KillAIWithUV/>
            <SelectorMem>
                <SequenceMem>
                    <Cnd_HasBBValue m_Key="#crawler_death"/>
                    <Act_Death  m_Type="SUNLIGHT"  m_Mode="ANIMATION" m_StartPolicy="DISCARD" m_AbandonPolicy="BLENDOUT"/>
                </SequenceMem>
                <Act_Death m_Mode="PREFER_RAGDOLL" m_StartPolicy="DISCARD" m_AbandonPolicy="BLENDOUT"/>
            </SelectorMem>
            <Act_Status m_StatusRequired="RUNNING"/>
        </SequenceMem>
    </SelectorMem>
</BehaviorTree>
