<?xml version="1.0"?>
<BehaviorTree xmlns:xsi="http://www.w3.org/2001/XMLSchema-instance" xsi:noNamespaceSchemaLocation="../../../../../MetaData/schema_ai.xsd" m_ContextType="ai">
    <SequenceMem>
        <Opr_SetBBValue_int m_Key="#arrows" m_Value="$bow_shot_combo_count"/>
        <Parallel m_PolicySuccess="REQUIRE_ONE" m_PolicyFailure="REQUIRE_ONE">
            <Act_WeaponAim m_Type="Fast" m_Target="#target" m_HitPredictionFactor="$bow_aim_prediction_factor" m_CustomBulletSpeed="$bow_arrow_speed" m_StartPolicy="INTERRUPT" m_AbandonPolicy="BLENDOUT"/>
            <Act_Idle m_Type="Stand" m_StartPolicy="INTERRUPT" m_AbandonPolicy="BLENDOUT"/>
            <RepeatOnceOnSuccess>
                <SelectorMem>
                    <Cnd_IsBBValueGreater_int m_Key="#arrows" m_Value="0" m_Invert="true"/>
                    <SequenceMem>
                        <SelectorMem>
                            <Cnd_IsPrimaryWeaponReloaded/>
                            <Act_WeaponReload m_StartPolicy="INTERRUPT" m_AbandonPolicy="INTERRUPT" m_DecisionPolicy="WHEN_POSSIBLE"/>
                        </SelectorMem>
                        <RunUntilSuccess>
                            <Cnd_IsWeaponAimSteady/>
                        </RunUntilSuccess>
                        <SelectorMem>
                            <SequenceMem>
                                <Cnd_IsBBValueEqual_int m_Key="#arrows" m_Value="$bow_shot_combo_count"/>
                                <Act_WaitTimeDelta m_TimeToWait="$bow_aim_delay"/>
                            </SequenceMem>
                            <Act_WaitTimeDelta m_TimeToWait="$bow_shot_combo_delay"/>
                        </SelectorMem>
                        <Cnd_AllyInLineOfFire m_Target="#target" m_SpaceNeeded="0.5" m_Invert="true"/>
                        <Opr_DecrementBBValue_int m_Key="#arrows" m_Amount="1"/>
                        <Act_WeaponShoot m_Target="#target" m_HitPredictionFactor="$bow_hit_prediction_factor" m_CustomBulletSpeed="$bow_arrow_speed" m_AutoCorrectionAngle="$bow_arrow_correction_angle" m_StartPolicy="INTERRUPT" m_AbandonPolicy="INTERRUPT" m_DecisionPolicy="WHEN_POSSIBLE"/>
                    </SequenceMem>
                </SelectorMem>
            </RepeatOnceOnSuccess>
        </Parallel>
    </SequenceMem>
</BehaviorTree>
