<?xml version="1.0"?>
<BehaviorTree xmlns:xsi="http://www.w3.org/2001/XMLSchema-instance" xsi:noNamespaceSchemaLocation="../../../../../MetaData/schema_ai.xsd" m_ContextType="ai">
    <Parallel m_PolicySuccess="REQUIRE_ONE" m_PolicyFailure="REQUIRE_ONE">
        <Act_WeaponAim m_Type="Slow" m_Target="#target" m_HitPredictionFactor="$bow_aim_prediction_factor" m_CustomBulletSpeed="$bow_arrow_speed" m_StartPolicy="INTERRUPT" m_AbandonPolicy="BLENDOUT"/>
        <Act_Idle m_Type="Stand" m_StartPolicy="INTERRUPT" m_AbandonPolicy="BLENDOUT"/>
        <SequenceMem>
            <SelectorMem>
                <Cnd_IsPrimaryWeaponReloaded/>
                <Act_WeaponReload m_StartPolicy="INTERRUPT" m_AbandonPolicy="INTERRUPT" m_DecisionPolicy="WHEN_POSSIBLE"/>
            </SelectorMem>
            <RunUntilSuccess>
                <Cnd_IsWeaponAimSteady/>
            </RunUntilSuccess>
            <Act_WaitTimeDelta m_TimeToWait="$bow_aim_delay"/>
            <Cnd_AllyInLineOfFire m_Target="#target" m_SpaceNeeded="0.5" m_Invert="true"/>
            <Act_WeaponShoot m_Target="#target" m_Type="MultiHorizontal" m_HitPredictionFactor="$bow_hit_prediction_factor" m_MultiBulletCount="$bow_shot_multi_horizontal_count" m_MultiBulletSpread="$bow_shot_multi_horizontal_spread" m_CustomBulletSpeed="$bow_arrow_speed" m_StartPolicy="INTERRUPT" m_AbandonPolicy="INTERRUPT" m_DecisionPolicy="WHEN_POSSIBLE"/>
        </SequenceMem>
    </Parallel>
</BehaviorTree>
